year,match_date,team,opponent,player,fouls_total,got_yellow,fouls_before_first_yellow
2018,2018-06-14,Russia,Saudi Arabia,Aleksandr Golovin,6,yes,4
2018,2018-06-14,Russia,Saudi Arabia,Aleksandr Samedov,2,no,
2018,2018-06-14,Russia,Saudi Arabia,Artem Dzyuba,1,no,
2018,2018-06-14,Russia,Saudi Arabia,Daler Kuzyaev,1,no,
2018,2018-06-14,Russia,Saudi Arabia,Denis Cheryshev,4,no,
2018,2018-06-14,Russia,Saudi Arabia,Fyodor Smolov,2,no,
2018,2018-06-14,Russia,Saudi Arabia,Ilya Kutepov,1,no,
2018,2018-06-14,Russia,Saudi Arabia,Roman Zobnin,1,no,
2018,2018-06-14,Russia,Saudi Arabia,Yuri Zhirkov,2,no,
2018,2018-06-14,Russia,Saudi Arabia,Yury Gazinskiy,3,no,
2018,2018-06-14,Saudi Arabia,Russia,Abdullah Ibrahim Otayf,1,no,
2018,2018-06-14,Saudi Arabia,Russia,Fahad Mosaed Al Muwallad Al Harbi,1,no,
2018,2018-06-14,Saudi Arabia,Russia,Hattan Babhir,1,no,
2018,2018-06-14,Saudi Arabia,Russia,Mohammad Ibrahim Al Sahlawi,2,no,
2018,2018-06-14,Saudi Arabia,Russia,Omar Ibrahim Omar Othman Hawsawi,1,no,
2018,2018-06-14,Saudi Arabia,Russia,Salman Mohammed Al Faraj,1,no,
2018,2018-06-14,Saudi Arabia,Russia,Taisir Jabir Al Jassim,4,yes,3
2018,2018-06-14,Saudi Arabia,Russia,Yasir Gharsan Al Shahrani,1,no,
2018,2018-06-15,Egypt,Uruguay,Abdalla Mahmoud El Said Bekhit,1,no,
2018,2018-06-15,Egypt,Uruguay,Ahmed Elsayed Ali Elsayed Hegazy,1,yes,0
2018,2018-06-15,Egypt,Uruguay,Ahmed Fathy Abdel Meneim Ibrahim,1,no,
2018,2018-06-15,Egypt,Uruguay,Amr Medhat Warda,1,no,
2018,2018-06-15,Egypt,Uruguay,Mahmoud Abdul Monem Abdelhamid Soliman,1,no,
2018,2018-06-15,Egypt,Uruguay,Mahmoud Ibrahim Hassan,3,no,
2018,2018-06-15,Egypt,Uruguay,Marwan Mohsen,1,no,
2018,2018-06-15,Egypt,Uruguay,Mohamed Abdul Shafy Sayed Abouezeid,1,no,
2018,2018-06-15,Egypt,Uruguay,Mohamed Naser Elsayed Elneny,3,no,
2018,2018-06-15,Egypt,Uruguay,Sam Morsy,2,no,
2018,2018-06-15,Egypt,Uruguay,Tarek Hamed,1,no,
2018,2018-06-15,Iran,Morocco,Alireza Jahanbakhsh,2,yes,1
2018,2018-06-15,Iran,Morocco,Karim Ansarifard,2,yes,1
2018,2018-06-15,Iran,Morocco,Masoud Shojaei Soleimani,4,yes,1
2018,2018-06-15,Iran,Morocco,Mehdi Taremi,1,no,
2018,2018-06-15,Iran,Morocco,Ramin Rezaeian,2,no,
2018,2018-06-15,Iran,Morocco,Saman Ghoddos,2,no,
2018,2018-06-15,Iran,Morocco,Vahid Amiri,3,no,
2018,2018-06-15,Morocco,Iran,Achraf Hakimi Mouh,1,no,
2018,2018-06-15,Morocco,Iran,Amine Harit,1,no,
2018,2018-06-15,Morocco,Iran,Ayoub El Kaabi,2,no,
2018,2018-06-15,Morocco,Iran,Aziz Bouhaddouz,1,no,
2018,2018-06-15,Morocco,Iran,Hakim Ziyech,5,no,
2018,2018-06-15,Morocco,Iran,Karim El Ahmadi Al Aroos,2,yes,1
2018,2018-06-15,Morocco,Iran,Medhi Amine El Mouttaqi Benatia,1,no,
2018,2018-06-15,Morocco,Iran,Nordin Amrabat,4,no,
2018,2018-06-15,Morocco,Iran,Romain Saïss,2,no,
2018,2018-06-15,Morocco,Iran,Sofyan Amrabat,2,no,
2018,2018-06-15,Morocco,Iran,Younès Belhanda,1,no,
2018,2018-06-15,Portugal,Spain,Bernardo Mota Veiga de Carvalho e Silva,2,no,
2018,2018-06-15,Portugal,Spain,Bruno Miguel Borges Fernandes,1,yes,0
2018,2018-06-15,Portugal,Spain,Cédric Ricardo Alves Soares,1,no,
2018,2018-06-15,Portugal,Spain,Gonçalo Manuel Ganchinho Guedes,1,no,
2018,2018-06-15,Portugal,Spain,João Filipe Iria Santos Moutinho,3,no,
2018,2018-06-15,Portugal,Spain,João Mário Naval da Costa Eduardo,1,no,
2018,2018-06-15,Portugal,Spain,Kléper Laveran Lima Ferreira,2,no,
2018,2018-06-15,Portugal,Spain,Ricardo Andrade Quaresma Bernardo,1,no,
2018,2018-06-15,Portugal,Spain,William Silva de Carvalho,1,no,
2018,2018-06-15,Spain,Portugal,David Josué Jiménez Silva,2,no,
2018,2018-06-15,Spain,Portugal,Gerard Piqué Bernabéu,2,no,
2018,2018-06-15,Spain,Portugal,Jordi Alba Ramos,1,no,
2018,2018-06-15,Spain,Portugal,José Ignacio Fernández Iglesias,4,no,
2018,2018-06-15,Spain,Portugal,Sergio Busquets i Burgos,2,yes,1
2018,2018-06-15,Uruguay,Egypt,Giorgian Daniel De Arrascaeta Benedetti,1,no,
2018,2018-06-15,Uruguay,Egypt,Guillermo Varela Olivera,1,no,
2018,2018-06-15,Uruguay,Egypt,José Martín Cáceres Silva,3,no,
2018,2018-06-15,Uruguay,Egypt,José María Giménez de Vargas,1,no,
2018,2018-06-15,Uruguay,Egypt,Rodrigo Bentancur Colmán,1,no,
2018,2018-06-16,Argentina,Iceland,Javier Alejandro Mascherano,6,no,
2018,2018-06-16,Argentina,Iceland,Lionel Andrés Messi Cuccittini,1,no,
2018,2018-06-16,Argentina,Iceland,Maximiliano Eduardo Meza,3,no,
2018,2018-06-16,Argentina,Iceland,Nicolás Alejandro Tagliafico,1,no,
2018,2018-06-16,Australia,France,Aaron Mooy,1,no,
2018,2018-06-16,Australia,France,Andrew Nabbout,1,no,
2018,2018-06-16,Australia,France,Aziz Eraltay Behich,3,yes,2
2018,2018-06-16,Australia,France,Josh Risdon,3,yes,1
2018,2018-06-16,Australia,France,Mark Milligan,1,no,
2018,2018-06-16,Australia,France,Mathew Leckie,6,yes,1
2018,2018-06-16,Australia,France,Mile Jedinak,1,no,
2018,2018-06-16,Australia,France,Robbie Kruse,2,no,
2018,2018-06-16,Australia,France,Tom Rogić,2,no,
2018,2018-06-16,Croatia,Nigeria,Ante Rebić,5,no,
2018,2018-06-16,Croatia,Nigeria,Dejan Lovren,1,no,
2018,2018-06-16,Croatia,Nigeria,Ivan Rakitić,3,yes,2
2018,2018-06-16,Croatia,Nigeria,Ivan Strinić,1,no,
2018,2018-06-16,Croatia,Nigeria,Luka Modrić,4,no,
2018,2018-06-16,Croatia,Nigeria,Marcelo Brozović,2,yes,1
2018,2018-06-16,Croatia,Nigeria,Mario Mandžukić,4,no,
2018,2018-06-16,Croatia,Nigeria,Šime Vrsaljko,1,no,
2018,2018-06-16,Denmark,Peru,Andreas Christensen,2,no,
2018,2018-06-16,Denmark,Peru,Henrik Dalsgaard,2,no,
2018,2018-06-16,Denmark,Peru,Lasse Schöne,2,no,
2018,2018-06-16,Denmark,Peru,Martin Braithwaite Christensen,1,no,
2018,2018-06-16,Denmark,Peru,Nicolai Jørgensen,3,no,
2018,2018-06-16,Denmark,Peru,Simon Thorup Kjær,2,no,
2018,2018-06-16,Denmark,Peru,Thomas Delaney,5,yes,3
2018,2018-06-16,Denmark,Peru,Yussuf Yurary Poulsen,4,yes,3
2018,2018-06-16,France,Australia,Antoine Griezmann,1,no,
2018,2018-06-16,France,Australia,Benjamin Pavard,4,no,
2018,2018-06-16,France,Australia,Corentin Tolisso,2,yes,1
2018,2018-06-16,France,Australia,Kylian Mbappé Lottin,1,no,
2018,2018-06-16,France,Australia,Lucas Hernández Pi,2,no,
2018,2018-06-16,France,Australia,N'Golo Kanté,2,no,
2018,2018-06-16,France,Australia,Olivier Giroud,1,no,
2018,2018-06-16,France,Australia,Ousmane Dembélé,1,no,
2018,2018-06-16,France,Australia,Paul Pogba,1,no,
2018,2018-06-16,France,Australia,Samuel Yves Umtiti,2,no,
2018,2018-06-16,Iceland,Argentina,Alfreð Finnbogason,3,no,
2018,2018-06-16,Iceland,Argentina,Aron Einar Gunnarsson,2,no,
2018,2018-06-16,Iceland,Argentina,Birkir Bjarnason,3,no,
2018,2018-06-16,Iceland,Argentina,Emil Hallfreðsson,2,no,
2018,2018-06-16,Iceland,Argentina,Gylfi Þór Sigurðsson,3,no,
2018,2018-06-16,Iceland,Argentina,Hörður Björgvin Magnússon,1,no,
2018,2018-06-16,Iceland,Argentina,Kári Árnason,2,no,
2018,2018-06-16,Iceland,Argentina,Rúrik Gíslason,1,no,
2018,2018-06-16,Nigeria,Croatia,Ahmed Musa,1,no,
2018,2018-06-16,Nigeria,Croatia,Alex Iwobi,1,no,
2018,2018-06-16,Nigeria,Croatia,John Michael Nchekwube Obinna,1,no,
2018,2018-06-16,Nigeria,Croatia,Leon Aderemi Balogun,1,no,
2018,2018-06-16,Nigeria,Croatia,Odion Jude Ighalo,3,no,
2018,2018-06-16,Nigeria,Croatia,Oghenekaro Etebo,1,no,
2018,2018-06-16,Nigeria,Croatia,Onyinye Wilfred Ndidi,1,no,
2018,2018-06-16,Nigeria,Croatia,Simeon Tochukwu Nwankwo,2,no,
2018,2018-06-16,Nigeria,Croatia,Victor Moses,2,no,
2018,2018-06-16,Nigeria,Croatia,William Troost-Ekong,2,yes,0
2018,2018-06-16,Peru,Denmark,André Martín Carrillo Díaz,1,no,
2018,2018-06-16,Peru,Denmark,Jefferson Agustín Farfán Guadalupe,3,no,
2018,2018-06-16,Peru,Denmark,Miguel Ángel Trauco Saavedra,1,no,
2018,2018-06-16,Peru,Denmark,Raúl Mario Ruidíaz Misitich,1,no,
2018,2018-06-16,Peru,Denmark,Renato Fabrizio Tapia Cortijo,3,yes,2
2018,2018-06-16,Peru,Denmark,Víctor Yoshimar Yotún Flores,3,no,
2018,2018-06-17,Brazil,Switzerland,Carlos Henrique Casimiro,1,yes,0
2018,2018-06-17,Brazil,Switzerland,Fernando Luiz Roza,2,no,
2018,2018-06-17,Brazil,Switzerland,Gabriel Fernando de Jesus,2,no,
2018,2018-06-17,Brazil,Switzerland,João Miranda de Souza Filho,1,no,
2018,2018-06-17,Brazil,Switzerland,Philippe Coutinho Correia,2,no,
2018,2018-06-17,Brazil,Switzerland,Roberto Firmino Barbosa de Oliveira,1,no,
2018,2018-06-17,Brazil,Switzerland,Thiago Emiliano da Silva,1,no,
2018,2018-06-17,Brazil,Switzerland,Willian Borges da Silva,2,no,
2018,2018-06-17,Costa Rica,Serbia,Celso Borges Mora,2,no,
2018,2018-06-17,Costa Rica,Serbia,Cristian Gamboa Luna,1,no,
2018,2018-06-17,Costa Rica,Serbia,David Alberto Guzmán Pérez,3,yes,2
2018,2018-06-17,Costa Rica,Serbia,Francisco Javier Calvo Quesada,1,yes,0
2018,2018-06-17,Costa Rica,Serbia,Giancarlo González Castro,1,no,
2018,2018-06-17,Costa Rica,Serbia,Joel Nathaniel Campbell Samuels,1,no,
2018,2018-06-17,Costa Rica,Serbia,Johan Alberto Venegas Ulloa,4,no,
2018,2018-06-17,Costa Rica,Serbia,Johnny Acosta Zamora,1,no,
2018,2018-06-17,Costa Rica,Serbia,Marcos Danilo Ureña Porras,3,no,
2018,2018-06-17,Costa Rica,Serbia,Óscar Esau Duarte Gaitán,1,no,
2018,2018-06-17,Germany,Mexico,Joshua Kimmich,1,no,
2018,2018-06-17,Germany,Mexico,Julian Draxler,1,no,
2018,2018-06-17,Germany,Mexico,Jérôme Boateng,4,no,
2018,2018-06-17,Germany,Mexico,Marco Reus,1,no,
2018,2018-06-17,Germany,Mexico,Mats Hummels,3,yes,2
2018,2018-06-17,Germany,Mexico,Thomas Müller,1,yes,0
2018,2018-06-17,Germany,Mexico,Toni Kroos,2,no,
2018,2018-06-17,Mexico,Germany,Carlos Alberto Vela Garrido,1,no,
2018,2018-06-17,Mexico,Germany,Carlos Joel Salcedo Hernández,2,no,
2018,2018-06-17,Mexico,Germany,Hirving Rodrigo Lozano Bahena,2,no,
2018,2018-06-17,Mexico,Germany,Héctor Alfredo Moreno Herrera,1,yes,1
2018,2018-06-17,Mexico,Germany,Héctor Miguel Herrera López,4,yes,3
2018,2018-06-17,Mexico,Germany,Javier Hernández Balcázar,1,no,
2018,2018-06-17,Mexico,Germany,Jesús Daniel Gallardo Vasconcelos,2,no,
2018,2018-06-17,Mexico,Germany,Miguel Arturo Layún Prado,1,no,
2018,2018-06-17,Mexico,Germany,Raúl Alonso Jiménez Rodríguez,1,no,
2018,2018-06-17,Serbia,Costa Rica,Aleksandar Kolarov,1,no,
2018,2018-06-17,Serbia,Costa Rica,Aleksandar Mitrović,1,no,
2018,2018-06-17,Serbia,Costa Rica,Aleksandar Prijović,0,yes,0
2018,2018-06-17,Serbia,Costa Rica,Branislav Ivanović,1,yes,0
2018,2018-06-17,Serbia,Costa Rica,Dušan Tadić,2,no,
2018,2018-06-17,Serbia,Costa Rica,Filip Kostić,1,no,
2018,2018-06-17,Serbia,Costa Rica,Nemanja Matić,2,no,
2018,2018-06-17,Serbia,Costa Rica,Nikola Milenković,1,no,
2018,2018-06-17,Serbia,Costa Rica,Sergej Milinković-Savić,4,no,
2018,2018-06-17,Switzerland,Brazil,Blerim Džemaili,5,no,
2018,2018-06-17,Switzerland,Brazil,Breel-Donald Embolo,1,no,
2018,2018-06-17,Switzerland,Brazil,Denis Lemi Zakaria Lako Lado,1,no,
2018,2018-06-17,Switzerland,Brazil,Fabian Lukas Schär,1,yes,0
2018,2018-06-17,Switzerland,Brazil,Granit Xhaka,3,no,
2018,2018-06-17,Switzerland,Brazil,Haris Seferović,2,no,
2018,2018-06-17,Switzerland,Brazil,Michael Lang,2,no,
2018,2018-06-17,Switzerland,Brazil,Stephan Lichtsteiner,1,no,
2018,2018-06-17,Switzerland,Brazil,Steven Zuber,1,no,
2018,2018-06-17,Switzerland,Brazil,Valon Behrami,4,yes,3
2018,2018-06-18,Belgium,Panama,Anga Dedryck Boyata,1,no,
2018,2018-06-18,Belgium,Panama,Axel Witsel,3,no,
2018,2018-06-18,Belgium,Panama,Eden Hazard,1,no,
2018,2018-06-18,Belgium,Panama,Jan Vertonghen,2,yes,1
2018,2018-06-18,Belgium,Panama,Kevin De Bruyne,2,yes,1
2018,2018-06-18,Belgium,Panama,Mousa Sidi Yaya Dembélé,1,no,
2018,2018-06-18,Belgium,Panama,Romelu Lukaku Menama,2,no,
2018,2018-06-18,Belgium,Panama,Thomas Meunier,3,yes,2
2018,2018-06-18,Belgium,Panama,Thorgan Hazard,1,no,
2018,2018-06-18,Belgium,Panama,Yannick Ferreira Carrasco,1,no,
2018,2018-06-18,England,Tunisia,Ashley Young,2,no,
2018,2018-06-18,England,Tunisia,Harry Kane,1,no,
2018,2018-06-18,England,Tunisia,Harry Maguire,2,no,
2018,2018-06-18,England,Tunisia,John Stones,1,no,
2018,2018-06-18,England,Tunisia,Jordan Brian Henderson,1,no,
2018,2018-06-18,England,Tunisia,Kyle Walker,1,yes,0
2018,2018-06-18,England,Tunisia,Raheem Sterling,1,no,
2018,2018-06-18,Panama,Belgium,Aníbal Cesis Godoy,2,yes,1
2018,2018-06-18,Panama,Belgium,Armando Enrique Cooper Whitaker,2,yes,0
2018,2018-06-18,Panama,Belgium,Blas Antonio Miguel Pérez Ortega,1,no,
2018,2018-06-18,Panama,Belgium,Edgar Yoel Bárcenas Herrera,3,yes,1
2018,2018-06-18,Panama,Belgium,Erick Javier Davis Grajales,4,yes,2
2018,2018-06-18,Panama,Belgium,Fidel Escobar Mendieta,3,no,
2018,2018-06-18,Panama,Belgium,Michael Amir Murillo Bermudez,4,yes,2
2018,2018-06-18,Panama,Belgium,Román Aureliano Torres Morcillo,1,no,
2018,2018-06-18,South Korea,Sweden,Hee-Chan Hwang,3,yes,2
2018,2018-06-18,South Korea,Sweden,Hyun-Soo Jang,5,no,
2018,2018-06-18,South Korea,Sweden,Joo-Ho Park,1,no,
2018,2018-06-18,South Korea,Sweden,Min-Woo Kim,4,no,
2018,2018-06-18,South Korea,Sweden,Shin-Wook Kim,4,yes,1
2018,2018-06-18,South Korea,Sweden,Sung-Yeung Ki,2,no,
2018,2018-06-18,South Korea,Sweden,Yong Lee,2,no,
2018,2018-06-18,South Korea,Sweden,Young-Gwon Kim,1,no,
2018,2018-06-18,Sweden,South Korea,Albin Ekdal,1,no,
2018,2018-06-18,Sweden,South Korea,Andreas Granqvist,2,no,
2018,2018-06-18,Sweden,South Korea,Emil Peter Forsberg,1,no,
2018,2018-06-18,Sweden,South Korea,Isaac Kiese Thelin,1,no,
2018,2018-06-18,Sweden,South Korea,Ludwig Augustinsson,1,no,
2018,2018-06-18,Sweden,South Korea,Marcus Berg,5,no,
2018,2018-06-18,Sweden,South Korea,Pontus Jansson,1,no,
2018,2018-06-18,Sweden,South Korea,Sebastian Larsson,4,no,
2018,2018-06-18,Sweden,South Korea,Viktor Claesson,3,yes,2
2018,2018-06-18,Tunisia,England,Ali Maâloul,1,no,
2018,2018-06-18,Tunisia,England,Anice Badri,1,no,
2018,2018-06-18,Tunisia,England,Dylan Daniel Mahmoud Bronn,1,no,
2018,2018-06-18,Tunisia,England,Ellyes Joris Skhiri,2,no,
2018,2018-06-18,Tunisia,England,Fakhreddine Ben Youssef,1,no,
2018,2018-06-18,Tunisia,England,Ferjani Sassi,3,no,
2018,2018-06-18,Tunisia,England,Syam Ben Youssef,2,no,
2018,2018-06-18,Tunisia,England,Wahbi Khazri,2,no,
2018,2018-06-18,Tunisia,England,Yassine Meriah,2,no,
2018,2018-06-19,Colombia,Japan,Carlos Alberto Sánchez Moreno,1,no,
2018,2018-06-19,Colombia,Japan,James David Rodríguez Rubio,3,yes,0
2018,2018-06-19,Colombia,Japan,Jefferson Andrés Lerma Solís,2,no,
2018,2018-06-19,Colombia,Japan,Johan Andrés Mojica Palacio,1,no,
2018,2018-06-19,Colombia,Japan,José Heriberto Izquierdo Mena,1,no,
2018,2018-06-19,Colombia,Japan,Radamel Falcao García Zárate,1,no,
2018,2018-06-19,Colombia,Japan,Santiago Arias Naranjo,4,no,
2018,2018-06-19,Colombia,Japan,Wílmar Enrique Barrios Terán,2,yes,1
2018,2018-06-19,Egypt,Russia,Ahmed Elsayed Ali Elsayed Hegazy,1,no,
2018,2018-06-19,Egypt,Russia,Ahmed Fathy Abdel Meneim Ibrahim,2,no,
2018,2018-06-19,Egypt,Russia,Ali Gabr,2,no,
2018,2018-06-19,Egypt,Russia,Mahmoud Ibrahim Hassan,3,yes,1
2018,2018-06-19,Egypt,Russia,Marwan Mohsen,1,no,
2018,2018-06-19,Egypt,Russia,Mohamed Abdul Shafy Sayed Abouezeid,1,no,
2018,2018-06-19,Egypt,Russia,Tarek Hamed,1,no,
2018,2018-06-19,Japan,Colombia,Genki Haraguchi,1,no,
2018,2018-06-19,Japan,Colombia,Makoto Hasebe,2,no,
2018,2018-06-19,Japan,Colombia,Maya Yoshida,3,no,
2018,2018-06-19,Japan,Colombia,Shinji Kagawa,1,no,
2018,2018-06-19,Japan,Colombia,Takashi Inui,2,no,
2018,2018-06-19,Japan,Colombia,Yuto Nagatomo,1,no,
2018,2018-06-19,Japan,Colombia,Yūya Ōsako,1,no,
2018,2018-06-19,Poland,Senegal,Grzegorz Krychowiak,2,yes,0
2018,2018-06-19,Poland,Senegal,Kamil Grosicki,1,no,
2018,2018-06-19,Poland,Senegal,Maciej Rybus,1,no,
2018,2018-06-19,Poland,Senegal,Piotr Zieliński,1,no,
2018,2018-06-19,Poland,Senegal,Robert Lewandowski,1,no,
2018,2018-06-19,Poland,Senegal,Thiago Rangel Cionek,1,no,
2018,2018-06-19,Russia,Egypt,Aleksandr Samedov,2,no,
2018,2018-06-19,Russia,Egypt,Artem Dzyuba,3,no,
2018,2018-06-19,Russia,Egypt,Denis Cheryshev,0,yes,0
2018,2018-06-19,Russia,Egypt,Fedor Kudryashov,1,no,
2018,2018-06-19,Russia,Egypt,Fyodor Smolov,1,yes,0
2018,2018-06-19,Russia,Egypt,Ilya Kutepov,1,no,
2018,2018-06-19,Russia,Egypt,Roman Zobnin,2,no,
2018,2018-06-19,Senegal,Poland,Cheikh N'Doye,2,no,
2018,2018-06-19,Senegal,Poland,Idrissa Gana Gueye,2,no,
2018,2018-06-19,Senegal,Poland,Ismaïla Sarr,2,no,
2018,2018-06-19,Senegal,Poland,Kalidou Koulibaly,1,no,
2018,2018-06-19,Senegal,Poland,M'Baye Babacar Niang,2,no,
2018,2018-06-19,Senegal,Poland,Mame Biram Diouf,3,no,
2018,2018-06-19,Senegal,Poland,Moussa Wagué,1,no,
2018,2018-06-19,Senegal,Poland,Sadio Mané,2,no,
2018,2018-06-19,Senegal,Poland,Salif Sané,1,yes,0
2018,2018-06-19,Senegal,Poland,Youssouf Sabaly,1,no,
2018,2018-06-20,Iran,Spain,Karim Ansarifard,1,no,
2018,2018-06-20,Iran,Spain,Mehdi Taremi,1,no,
2018,2018-06-20,Iran,Spain,Omid Ebrahimi,4,yes,3
2018,2018-06-20,Iran,Spain,Saeid Ezatolahi Afagh,1,no,
2018,2018-06-20,Iran,Spain,Saman Ghoddos,1,no,
2018,2018-06-20,Iran,Spain,Sardar Azmoun,4,no,
2018,2018-06-20,Iran,Spain,Seyed Majid Hosseini,1,no,
2018,2018-06-20,Iran,Spain,Vahid Amiri,1,yes,0
2018,2018-06-20,Morocco,Portugal,Achraf Hakimi Mouh,1,no,
2018,2018-06-20,Morocco,Portugal,Fayçal Fajr,1,no,
2018,2018-06-20,Morocco,Portugal,Hakim Ziyech,2,no,
2018,2018-06-20,Morocco,Portugal,Karim El Ahmadi Al Aroos,3,no,
2018,2018-06-20,Morocco,Portugal,Khalid Boutaïb,2,no,
2018,2018-06-20,Morocco,Portugal,Mbark Boussoufa,3,no,
2018,2018-06-20,Morocco,Portugal,Medhi Amine El Mouttaqi Benatia,4,yes,1
2018,2018-06-20,Morocco,Portugal,Mehdi Carcela-González,1,no,
2018,2018-06-20,Morocco,Portugal,Nabil Dirar,3,no,
2018,2018-06-20,Morocco,Portugal,Nordin Amrabat,1,no,
2018,2018-06-20,Morocco,Portugal,Younès Belhanda,2,no,
2018,2018-06-20,Portugal,Morocco,Adrien Sebastian Perruchet Silva,1,yes,0
2018,2018-06-20,Portugal,Morocco,Cédric Ricardo Alves Soares,3,no,
2018,2018-06-20,Portugal,Morocco,José Miguel da Rocha Fonte,1,no,
2018,2018-06-20,Portugal,Morocco,João Filipe Iria Santos Moutinho,5,no,
2018,2018-06-20,Portugal,Morocco,João Mário Naval da Costa Eduardo,3,no,
2018,2018-06-20,Portugal,Morocco,Raphaël Adelino José Guerreiro,3,no,
2018,2018-06-20,Portugal,Morocco,William Silva de Carvalho,2,no,
2018,2018-06-20,Saudi Arabia,Uruguay,Abdullah Ibrahim Otayf,1,no,
2018,2018-06-20,Saudi Arabia,Uruguay,Fahad Mosaed Al Muwallad Al Harbi,1,no,
2018,2018-06-20,Saudi Arabia,Uruguay,Hussain Al Mogahwi,1,no,
2018,2018-06-20,Saudi Arabia,Uruguay,Mohammed Kanoo,1,no,
2018,2018-06-20,Saudi Arabia,Uruguay,Osama Abdulrezag Hawsawi,1,no,
2018,2018-06-20,Saudi Arabia,Uruguay,Salem Mohammed Al Dawsari,4,no,
2018,2018-06-20,Saudi Arabia,Uruguay,Salman Mohammed Al Faraj,1,no,
2018,2018-06-20,Saudi Arabia,Uruguay,Yasir Gharsan Al Shahrani,2,no,
2018,2018-06-20,Spain,Iran,Andrés Iniesta Luján,3,no,
2018,2018-06-20,Spain,Iran,Daniel Carvajal Ramos,2,no,
2018,2018-06-20,Spain,Iran,David Josué Jiménez Silva,1,no,
2018,2018-06-20,Spain,Iran,Diego da Silva Costa,2,no,
2018,2018-06-20,Spain,Iran,Jordi Alba Ramos,1,no,
2018,2018-06-20,Spain,Iran,Lucas Vázquez Iglesias,3,no,
2018,2018-06-20,Spain,Iran,Sergio Busquets i Burgos,2,no,
2018,2018-06-20,Spain,Iran,Sergio Ramos García,1,no,
2018,2018-06-20,Uruguay,Saudi Arabia,Carlos Andrés Sánchez Arcosa,2,no,
2018,2018-06-20,Uruguay,Saudi Arabia,Cristian Gabriel Rodríguez Barrotti,1,no,
2018,2018-06-20,Uruguay,Saudi Arabia,Diego Roberto Godín Leal,1,no,
2018,2018-06-20,Uruguay,Saudi Arabia,Edinson Roberto Cavani Gómez,1,no,
2018,2018-06-20,Uruguay,Saudi Arabia,Guillermo Varela Olivera,1,no,
2018,2018-06-20,Uruguay,Saudi Arabia,José María Giménez de Vargas,1,no,
2018,2018-06-20,Uruguay,Saudi Arabia,Luis Alberto Suárez Díaz,3,no,
2018,2018-06-20,Uruguay,Saudi Arabia,Matías Vecino Falero,2,no,
2018,2018-06-20,Uruguay,Saudi Arabia,Rodrigo Bentancur Colmán,1,no,
2018,2018-06-21,Argentina,Croatia,Enzo Nicolás Pérez,1,no,
2018,2018-06-21,Argentina,Croatia,Gabriel Iván Mercado,3,yes,1
2018,2018-06-21,Argentina,Croatia,Javier Alejandro Mascherano,5,no,
2018,2018-06-21,Argentina,Croatia,Lionel Andrés Messi Cuccittini,2,no,
2018,2018-06-21,Argentina,Croatia,Marcos Javier Acuña,1,yes,0
2018,2018-06-21,Argentina,Croatia,Maximiliano Eduardo Meza,2,no,
2018,2018-06-21,Argentina,Croatia,Nicolás Alejandro Tagliafico,4,yes,0
2018,2018-06-21,Argentina,Croatia,Nicolás Hernán Otamendi,2,yes,2
2018,2018-06-21,Australia,Denmark,Aaron Mooy,2,no,
2018,2018-06-21,Australia,Denmark,Mark Milligan,1,no,
2018,2018-06-21,Australia,Denmark,Mile Jedinak,2,no,
2018,2018-06-21,Australia,Denmark,Robbie Kruse,1,no,
2018,2018-06-21,Croatia,Argentina,Andrej Kramarić,1,no,
2018,2018-06-21,Croatia,Argentina,Ante Rebić,5,yes,3
2018,2018-06-21,Croatia,Argentina,Ivan Perišić,1,no,
2018,2018-06-21,Croatia,Argentina,Ivan Rakitić,1,no,
2018,2018-06-21,Croatia,Argentina,Ivan Strinić,3,no,
2018,2018-06-21,Croatia,Argentina,Luka Modrić,3,no,
2018,2018-06-21,Croatia,Argentina,Marcelo Brozović,2,yes,1
2018,2018-06-21,Croatia,Argentina,Mario Mandžukić,4,yes,3
2018,2018-06-21,Croatia,Argentina,Mateo Kovačić,1,no,
2018,2018-06-21,Croatia,Argentina,Šime Vrsaljko,2,yes,1
2018,2018-06-21,Denmark,Australia,Henrik Dalsgaard,2,no,
2018,2018-06-21,Denmark,Australia,Jens Stryger Larsen,1,no,
2018,2018-06-21,Denmark,Australia,Martin Braithwaite Christensen,1,no,
2018,2018-06-21,Denmark,Australia,Pione Sisto Ifolo Emirmija,0,yes,0
2018,2018-06-21,Denmark,Australia,Thomas Delaney,2,no,
2018,2018-06-21,Denmark,Australia,Yussuf Yurary Poulsen,1,yes,0
2018,2018-06-21,France,Peru,Benjamin Pavard,2,no,
2018,2018-06-21,France,Peru,Blaise Matuidi,4,yes,0
2018,2018-06-21,France,Peru,N'Golo Kanté,1,no,
2018,2018-06-21,France,Peru,Olivier Giroud,1,no,
2018,2018-06-21,France,Peru,Paul Pogba,2,yes,1
2018,2018-06-21,France,Peru,Samuel Yves Umtiti,1,no,
2018,2018-06-21,Peru,France,Alberto Junior Rodríguez Valdelomar,1,no,
2018,2018-06-21,Peru,France,André Martín Carrillo Díaz,2,no,
2018,2018-06-21,Peru,France,Jefferson Agustín Farfán Guadalupe,3,no,
2018,2018-06-21,Peru,France,José Paolo Guerrero Gonzáles,1,yes,0
2018,2018-06-21,Peru,France,Miguel Ángel Trauco Saavedra,1,no,
2018,2018-06-21,Peru,France,Pedro Jesús Aquino Sánchez,3,yes,1
2018,2018-06-21,Peru,France,Víctor Yoshimar Yotún Flores,1,no,
2018,2018-06-21,Peru,France,Édison Michael Flores Peralta,2,no,
2018,2018-06-22,Brazil,Costa Rica,Gabriel Fernando de Jesus,2,no,
2018,2018-06-22,Brazil,Costa Rica,José Paulo Bezzera Maciel Júnior,1,no,
2018,2018-06-22,Brazil,Costa Rica,João Miranda de Souza Filho,3,no,
2018,2018-06-22,Brazil,Costa Rica,Neymar da Silva Santos Junior,4,yes,4
2018,2018-06-22,Brazil,Costa Rica,Philippe Coutinho Correia,0,yes,0
2018,2018-06-22,Brazil,Costa Rica,Willian Borges da Silva,1,no,
2018,2018-06-22,Costa Rica,Brazil,Bryan Oviedo,4,no,
2018,2018-06-22,Costa Rica,Brazil,Bryan Ruiz González,2,no,
2018,2018-06-22,Costa Rica,Brazil,Cristian Gamboa Luna,1,no,
2018,2018-06-22,Costa Rica,Brazil,David Alberto Guzmán Pérez,5,no,
2018,2018-06-22,Costa Rica,Brazil,Johan Alberto Venegas Ulloa,2,no,
2018,2018-06-22,Costa Rica,Brazil,Johnny Acosta Zamora,0,yes,0
2018,2018-06-22,Costa Rica,Brazil,Marcos Danilo Ureña Porras,1,no,
2018,2018-06-22,Costa Rica,Brazil,Óscar Esau Duarte Gaitán,2,no,
2018,2018-06-22,Iceland,Nigeria,Alfreð Finnbogason,1,no,
2018,2018-06-22,Iceland,Nigeria,Birkir Bjarnason,2,no,
2018,2018-06-22,Iceland,Nigeria,Gylfi Þór Sigurðsson,2,no,
2018,2018-06-22,Iceland,Nigeria,Hörður Björgvin Magnússon,2,no,
2018,2018-06-22,Iceland,Nigeria,Kári Árnason,1,no,
2018,2018-06-22,Iceland,Nigeria,Ragnar Sigurðsson,1,no,
2018,2018-06-22,Iceland,Nigeria,Rúrik Gíslason,2,no,
2018,2018-06-22,Iceland,Nigeria,Sverrir Ingi Ingason,1,no,
2018,2018-06-22,Nigeria,Iceland,Ahmed Musa,2,no,
2018,2018-06-22,Nigeria,Iceland,Brian Oladapo Idowu,2,yes,1
2018,2018-06-22,Nigeria,Iceland,John Michael Nchekwube Obinna,2,no,
2018,2018-06-22,Nigeria,Iceland,Kenneth Josiah Omeruo,1,no,
2018,2018-06-22,Nigeria,Iceland,Oghenekaro Etebo,1,no,
2018,2018-06-22,Nigeria,Iceland,Onyinye Wilfred Ndidi,1,no,
2018,2018-06-22,Nigeria,Iceland,Tyronne Ebuehi,1,no,
2018,2018-06-22,Serbia,Switzerland,Aleksandar Kolarov,2,no,
2018,2018-06-22,Serbia,Switzerland,Aleksandar Mitrović,4,yes,4
2018,2018-06-22,Serbia,Switzerland,Branislav Ivanović,1,no,
2018,2018-06-22,Serbia,Switzerland,Duško Tošić,3,no,
2018,2018-06-22,Serbia,Switzerland,Luka Milivojević,2,yes,1
2018,2018-06-22,Serbia,Switzerland,Nemanja Matić,4,yes,1
2018,2018-06-22,Serbia,Switzerland,Sergej Milinković-Savić,4,yes,0
2018,2018-06-22,Switzerland,Serbia,Blerim Džemaili,2,no,
2018,2018-06-22,Switzerland,Serbia,Fabian Lukas Schär,1,no,
2018,2018-06-22,Switzerland,Serbia,Granit Xhaka,1,no,
2018,2018-06-22,Switzerland,Serbia,Haris Seferović,1,no,
2018,2018-06-22,Switzerland,Serbia,Manuel Obafemi Akanji,2,no,
2018,2018-06-22,Switzerland,Serbia,Ricardo Iván Rodríguez Araya,2,no,
2018,2018-06-22,Switzerland,Serbia,Valon Behrami,2,no,
2018,2018-06-22,Switzerland,Serbia,Xherdan Shaqiri,2,yes,1
2018,2018-06-23,Belgium,Tunisia,Anga Dedryck Boyata,1,no,
2018,2018-06-23,Belgium,Tunisia,Axel Witsel,2,no,
2018,2018-06-23,Belgium,Tunisia,Dries Mertens,1,no,
2018,2018-06-23,Belgium,Tunisia,Eden Hazard,1,no,
2018,2018-06-23,Belgium,Tunisia,Jan Vertonghen,1,no,
2018,2018-06-23,Belgium,Tunisia,Marouane Fellaini-Bakkioui,1,no,
2018,2018-06-23,Belgium,Tunisia,Romelu Lukaku Menama,1,no,
2018,2018-06-23,Belgium,Tunisia,Thomas Meunier,3,no,
2018,2018-06-23,Belgium,Tunisia,Yannick Ferreira Carrasco,2,no,
2018,2018-06-23,Germany,Sweden,Antonio Rüdiger,2,no,
2018,2018-06-23,Germany,Sweden,Jonas Hector,1,no,
2018,2018-06-23,Germany,Sweden,Julian Draxler,3,no,
2018,2018-06-23,Germany,Sweden,Jérôme Boateng,2,yes,0
2018,2018-06-23,Germany,Sweden,Marco Reus,1,no,
2018,2018-06-23,Germany,Sweden,Sebastian Rudy,1,no,
2018,2018-06-23,Germany,Sweden,Thomas Müller,1,no,
2018,2018-06-23,Germany,Sweden,Timo Werner,1,no,
2018,2018-06-23,Mexico,South Korea,Carlos Alberto Vela Garrido,2,no,
2018,2018-06-23,Mexico,South Korea,Carlos Joel Salcedo Hernández,1,no,
2018,2018-06-23,Mexico,South Korea,Hirving Rodrigo Lozano Bahena,2,no,
2018,2018-06-23,Mexico,South Korea,Héctor Alfredo Moreno Herrera,1,no,
2018,2018-06-23,Mexico,South Korea,Héctor Miguel Herrera López,1,no,
2018,2018-06-23,Mexico,South Korea,Jesús Daniel Gallardo Vasconcelos,1,no,
2018,2018-06-23,South Korea,Mexico,Chul Hong,2,no,
2018,2018-06-23,South Korea,Mexico,Hee-Chan Hwang,2,no,
2018,2018-06-23,South Korea,Mexico,Heung-Min Son,1,no,
2018,2018-06-23,South Korea,Mexico,Hyun-Soo Jang,1,no,
2018,2018-06-23,South Korea,Mexico,Jae-Sung Lee,1,no,
2018,2018-06-23,South Korea,Mexico,Min-Woo Kim,2,no,
2018,2018-06-23,South Korea,Mexico,Se-Jong Ju,2,no,
2018,2018-06-23,South Korea,Mexico,Seon-Min Moon,1,no,
2018,2018-06-23,South Korea,Mexico,Seung-Woo Lee,2,no,
2018,2018-06-23,South Korea,Mexico,Sung-Yeung Ki,3,no,
2018,2018-06-23,South Korea,Mexico,Woo-Young Jung,2,yes,0
2018,2018-06-23,South Korea,Mexico,Yong Lee,4,yes,3
2018,2018-06-23,South Korea,Mexico,Young-Gwon Kim,3,yes,1
2018,2018-06-23,Sweden,Germany,Albin Ekdal,1,yes,0
2018,2018-06-23,Sweden,Germany,Andreas Granqvist,1,no,
2018,2018-06-23,Sweden,Germany,Emil Peter Forsberg,1,no,
2018,2018-06-23,Sweden,Germany,Isaac Kiese Thelin,1,no,
2018,2018-06-23,Sweden,Germany,Jimmy Durmaz,2,no,
2018,2018-06-23,Sweden,Germany,Marcus Berg,1,no,
2018,2018-06-23,Sweden,Germany,Mikael Lustig,2,no,
2018,2018-06-23,Sweden,Germany,Ola Toivonen,4,no,
2018,2018-06-23,Sweden,Germany,Sebastian Larsson,2,yes,1
2018,2018-06-23,Sweden,Germany,Victor Nilsson Lindelöf,1,no,
2018,2018-06-23,Sweden,Germany,Viktor Claesson,1,no,
2018,2018-06-23,Tunisia,Belgium,Ellyes Joris Skhiri,4,no,
2018,2018-06-23,Tunisia,Belgium,Fakhreddine Ben Youssef,1,no,
2018,2018-06-23,Tunisia,Belgium,Ferjani Sassi,1,yes,0
2018,2018-06-23,Tunisia,Belgium,Naïm Sliti,1,no,
2018,2018-06-23,Tunisia,Belgium,Saîf-Eddine Khaoui,2,no,
2018,2018-06-23,Tunisia,Belgium,Syam Ben Youssef,3,no,
2018,2018-06-23,Tunisia,Belgium,Yohan Benalouane,3,no,
2018,2018-06-24,Colombia,Poland,Andrés Mateus Uribe Villa,1,no,
2018,2018-06-24,Colombia,Poland,Davinson Sánchez Mina,1,no,
2018,2018-06-24,Colombia,Poland,James David Rodríguez Rubio,1,no,
2018,2018-06-24,Colombia,Poland,Jefferson Andrés Lerma Solís,1,no,
2018,2018-06-24,Colombia,Poland,Juan Fernando Quintero Paniagua,2,no,
2018,2018-06-24,Colombia,Poland,Radamel Falcao García Zárate,1,no,
2018,2018-06-24,Colombia,Poland,Santiago Arias Naranjo,1,no,
2018,2018-06-24,Colombia,Poland,Wílmar Enrique Barrios Terán,1,no,
2018,2018-06-24,Colombia,Poland,Yerry Fernando Mina González,2,no,
2018,2018-06-24,England,Panama,Ashley Young,1,no,
2018,2018-06-24,England,Panama,Harry Maguire,1,no,
2018,2018-06-24,England,Panama,Jesse Lingard,3,no,
2018,2018-06-24,England,Panama,Kieran Trippier,1,no,
2018,2018-06-24,England,Panama,Raheem Sterling,6,no,
2018,2018-06-24,England,Panama,Ruben Loftus-Cheek,2,yes,1
2018,2018-06-24,Japan,Senegal,Gaku Shibasaki,1,no,
2018,2018-06-24,Japan,Senegal,Genki Haraguchi,2,no,
2018,2018-06-24,Japan,Senegal,Hiroki Sakai,2,no,
2018,2018-06-24,Japan,Senegal,Makoto Hasebe,1,yes,0
2018,2018-06-24,Japan,Senegal,Maya Yoshida,1,no,
2018,2018-06-24,Japan,Senegal,Takashi Inui,1,yes,0
2018,2018-06-24,Japan,Senegal,Takashi Usami,1,no,
2018,2018-06-24,Panama,England,Abdiel Arroyo Molinar,1,no,
2018,2018-06-24,Panama,England,Aníbal Cesis Godoy,2,no,
2018,2018-06-24,Panama,England,Armando Enrique Cooper Whitaker,2,yes,0
2018,2018-06-24,Panama,England,Erick Javier Davis Grajales,1,no,
2018,2018-06-24,Panama,England,Fidel Escobar Mendieta,2,yes,2
2018,2018-06-24,Panama,England,Gabriel Enrique Gómez Girón,1,no,
2018,2018-06-24,Panama,England,José Luis Rodríguez Francis,1,no,
2018,2018-06-24,Panama,England,Michael Amir Murillo Bermudez,2,yes,1
2018,2018-06-24,Panama,England,Ricardo Guardia Avila,1,no,
2018,2018-06-24,Poland,Colombia,Dawid Kownacki,2,no,
2018,2018-06-24,Poland,Colombia,Grzegorz Krychowiak,2,no,
2018,2018-06-24,Poland,Colombia,Jacek Góralski,4,yes,3
2018,2018-06-24,Poland,Colombia,Jan Bednarek,2,yes,0
2018,2018-06-24,Poland,Colombia,Maciej Rybus,1,no,
2018,2018-06-24,Poland,Colombia,Michał Pazdan,1,no,
2018,2018-06-24,Poland,Colombia,Piotr Zieliński,1,no,
2018,2018-06-24,Poland,Colombia,Robert Lewandowski,3,no,
2018,2018-06-24,Poland,Colombia,Łukasz Teodorczyk,1,no,
2018,2018-06-24,Senegal,Japan,Alfred John Momar N'Diaye,1,no,
2018,2018-06-24,Senegal,Japan,Cheikh N'Doye,1,yes,0
2018,2018-06-24,Senegal,Japan,Cheikhou Kouyaté,1,no,
2018,2018-06-24,Senegal,Japan,Idrissa Gana Gueye,2,no,
2018,2018-06-24,Senegal,Japan,Ismaïla Sarr,1,no,
2018,2018-06-24,Senegal,Japan,Kalidou Koulibaly,1,no,
2018,2018-06-24,Senegal,Japan,M'Baye Babacar Niang,1,yes,1
2018,2018-06-24,Senegal,Japan,Papa Alioune N'Diaye,1,no,
2018,2018-06-24,Senegal,Japan,Sadio Mané,2,no,
2018,2018-06-24,Senegal,Japan,Youssouf Sabaly,4,yes,3
2018,2018-06-25,Egypt,Saudi Arabia,Ahmed Fathy Abdel Meneim Ibrahim,6,yes,5
2018,2018-06-25,Egypt,Saudi Arabia,Ali Gabr,1,yes,0
2018,2018-06-25,Egypt,Saudi Arabia,Mahmoud Abdul Monem Abdelhamid Soliman,1,no,
2018,2018-06-25,Egypt,Saudi Arabia,Marwan Mohsen,2,no,
2018,2018-06-25,Egypt,Saudi Arabia,Mohamed Naser Elsayed Elneny,1,no,
2018,2018-06-25,Egypt,Saudi Arabia,Mohamed Salah,1,no,
2018,2018-06-25,Egypt,Saudi Arabia,Ramadan Sobhi Ramadan Ahmed,1,no,
2018,2018-06-25,Egypt,Saudi Arabia,Tarek Hamed,4,no,
2018,2018-06-25,Iran,Portugal,Alireza Jahanbakhsh,3,no,
2018,2018-06-25,Iran,Portugal,Karim Ansarifard,1,no,
2018,2018-06-25,Iran,Portugal,Mehdi Taremi,2,no,
2018,2018-06-25,Iran,Portugal,Omid Ebrahimi,1,no,
2018,2018-06-25,Iran,Portugal,Ramin Rezaeian,2,no,
2018,2018-06-25,Iran,Portugal,Saeid Ezatolahi Afagh,3,no,
2018,2018-06-25,Iran,Portugal,Saman Ghoddos,1,no,
2018,2018-06-25,Iran,Portugal,Sardar Azmoun,1,yes,0
2018,2018-06-25,Iran,Portugal,Vahid Amiri,2,no,
2018,2018-06-25,Morocco,Spain,Achraf Hakimi Mouh,0,yes,0
2018,2018-06-25,Morocco,Spain,Fayçal Fajr,2,no,
2018,2018-06-25,Morocco,Spain,Hakim Ziyech,1,no,
2018,2018-06-25,Morocco,Spain,Karim El Ahmadi Al Aroos,1,yes,0
2018,2018-06-25,Morocco,Spain,Khalid Boutaïb,1,no,
2018,2018-06-25,Morocco,Spain,Manuel Marouan da Costa Trinidade,2,yes,1
2018,2018-06-25,Morocco,Spain,Mbark Boussoufa,2,yes,0
2018,2018-06-25,Morocco,Spain,Munir Mohand Mohamedi,0,yes,0
2018,2018-06-25,Morocco,Spain,Nabil Dirar,2,no,
2018,2018-06-25,Morocco,Spain,Nordin Amrabat,6,yes,2
2018,2018-06-25,Morocco,Spain,Younès Belhanda,1,no,
2018,2018-06-25,Portugal,Iran,Adrien Sebastian Perruchet Silva,1,no,
2018,2018-06-25,Portugal,Iran,Cristiano Ronaldo dos Santos Aveiro,1,yes,0
2018,2018-06-25,Portugal,Iran,Cédric Ricardo Alves Soares,2,no,
2018,2018-06-25,Portugal,Iran,Raphaël Adelino José Guerreiro,2,no,
2018,2018-06-25,Portugal,Iran,Ricardo Andrade Quaresma Bernardo,2,yes,1
2018,2018-06-25,Portugal,Iran,William Silva de Carvalho,1,no,
2018,2018-06-25,Russia,Uruguay,Aleksey Miranchuk,1,no,
2018,2018-06-25,Russia,Uruguay,Artem Dzyuba,7,no,
2018,2018-06-25,Russia,Uruguay,Daler Kuzyaev,2,no,
2018,2018-06-25,Russia,Uruguay,Denis Cheryshev,1,no,
2018,2018-06-25,Russia,Uruguay,Fedor Kudryashov,2,no,
2018,2018-06-25,Russia,Uruguay,Igor Smolnikov,2,yes,0
2018,2018-06-25,Russia,Uruguay,Ilya Kutepov,1,no,
2018,2018-06-25,Russia,Uruguay,Roman Zobnin,1,no,
2018,2018-06-25,Russia,Uruguay,Sergei Ignashevich,1,no,
2018,2018-06-25,Russia,Uruguay,Yury Gazinskiy,1,no,
2018,2018-06-25,Saudi Arabia,Egypt,Abdullah Ibrahim Otayf,1,no,
2018,2018-06-25,Saudi Arabia,Egypt,Fahad Mosaed Al Muwallad Al Harbi,3,no,
2018,2018-06-25,Saudi Arabia,Egypt,Hattan Babhir,1,no,
2018,2018-06-25,Saudi Arabia,Egypt,Hussain Al Mogahwi,1,no,
2018,2018-06-25,Saudi Arabia,Egypt,Osama Abdulrezag Hawsawi,2,no,
2018,2018-06-25,Saudi Arabia,Egypt,Salman Mohammed Al Faraj,1,no,
2018,2018-06-25,Spain,Morocco,Francisco Román Alarcón Suárez,1,no,
2018,2018-06-25,Spain,Morocco,Gerard Piqué Bernabéu,1,no,
2018,2018-06-25,Spain,Morocco,Iago Aspas Juncal,1,no,
2018,2018-06-25,Spain,Morocco,Sergio Busquets i Burgos,1,no,
2018,2018-06-25,Spain,Morocco,Sergio Ramos García,1,no,
2018,2018-06-25,Spain,Morocco,Thiago Alcântara do Nascimento,1,no,
2018,2018-06-25,Uruguay,Russia,Diego Roberto Godín Leal,1,no,
2018,2018-06-25,Uruguay,Russia,Diego Sebastián Laxalt Suárez,2,no,
2018,2018-06-25,Uruguay,Russia,Edinson Roberto Cavani Gómez,2,no,
2018,2018-06-25,Uruguay,Russia,Matías Vecino Falero,3,no,
2018,2018-06-25,Uruguay,Russia,Nahitan Michel Nández Acosta,2,no,
2018,2018-06-25,Uruguay,Russia,Rodrigo Bentancur Colmán,6,yes,5
2018,2018-06-25,Uruguay,Russia,Sebastián Coates Nión,3,no,
2018,2018-06-26,Argentina,Nigeria,Cristian David Pavón,1,no,
2018,2018-06-26,Argentina,Nigeria,Enzo Nicolás Pérez,2,no,
2018,2018-06-26,Argentina,Nigeria,Faustino Marcos Alberto Rojo,2,no,
2018,2018-06-26,Argentina,Nigeria,Gabriel Iván Mercado,1,no,
2018,2018-06-26,Argentina,Nigeria,Gonzalo Gerardo Higuaín,2,no,
2018,2018-06-26,Argentina,Nigeria,Javier Alejandro Mascherano,2,yes,1
2018,2018-06-26,Argentina,Nigeria,Lionel Andrés Messi Cuccittini,2,yes,1
2018,2018-06-26,Argentina,Nigeria,Nicolás Alejandro Tagliafico,1,no,
2018,2018-06-26,Argentina,Nigeria,Éver Maximiliano David Banega,4,yes,2
2018,2018-06-26,Australia,Peru,Aaron Mooy,1,no,
2018,2018-06-26,Australia,Peru,Aziz Eraltay Behich,1,no,
2018,2018-06-26,Australia,Peru,Daniel Arzani,1,yes,0
2018,2018-06-26,Australia,Peru,Josh Risdon,1,no,
2018,2018-06-26,Australia,Peru,Mark Milligan,1,yes,0
2018,2018-06-26,Australia,Peru,Mathew Leckie,2,no,
2018,2018-06-26,Australia,Peru,Mile Jedinak,3,yes,0
2018,2018-06-26,Australia,Peru,Tim Cahill,1,no,
2018,2018-06-26,Australia,Peru,Tom Rogić,1,no,
2018,2018-06-26,Croatia,Iceland,Andrej Kramarić,1,no,
2018,2018-06-26,Croatia,Iceland,Dejan Lovren,1,no,
2018,2018-06-26,Croatia,Iceland,Duje Ćaleta-Car,1,no,
2018,2018-06-26,Croatia,Iceland,Josip Pivarić,1,no,
2018,2018-06-26,Croatia,Iceland,Marko Pjaca,1,yes,0
2018,2018-06-26,Croatia,Iceland,Mateo Kovačić,2,no,
2018,2018-06-26,Croatia,Iceland,Milan Badelj,3,no,
2018,2018-06-26,Croatia,Iceland,Tin Jedvaj,1,no,
2018,2018-06-26,Croatia,Iceland,Vedran Ćorluka,2,no,
2018,2018-06-26,Denmark,France,Andreas Evald Cornelius,2,no,
2018,2018-06-26,Denmark,France,Christian Dannemann Eriksen,1,no,
2018,2018-06-26,Denmark,France,Henrik Dalsgaard,2,no,
2018,2018-06-26,Denmark,France,Kasper Dolberg,1,no,
2018,2018-06-26,Denmark,France,Martin Braithwaite Christensen,2,no,
2018,2018-06-26,Denmark,France,Mathias Jørgensen Jatta,1,yes,0
2018,2018-06-26,Denmark,France,Thomas Delaney,2,no,
2018,2018-06-26,France,Denmark,Antoine Griezmann,2,no,
2018,2018-06-26,France,Denmark,Djibril Sidibé,1,no,
2018,2018-06-26,France,Denmark,Lucas Hernández Pi,1,no,
2018,2018-06-26,France,Denmark,N'Golo Kanté,1,no,
2018,2018-06-26,France,Denmark,Olivier Giroud,2,no,
2018,2018-06-26,France,Denmark,Presnel Kimpembe,1,no,
2018,2018-06-26,France,Denmark,Raphaël Varane,1,no,
2018,2018-06-26,France,Denmark,Thomas Lemar,1,no,
2018,2018-06-26,Iceland,Croatia,Alfreð Finnbogason,3,yes,1
2018,2018-06-26,Iceland,Croatia,Birkir Már Sævarsson,1,yes,0
2018,2018-06-26,Iceland,Croatia,Björn Bergmann Sigurðarson,1,no,
2018,2018-06-26,Iceland,Croatia,Emil Hallfreðsson,4,yes,3
2018,2018-06-26,Iceland,Croatia,Gylfi Þór Sigurðsson,1,no,
2018,2018-06-26,Iceland,Croatia,Hörður Björgvin Magnússon,1,no,
2018,2018-06-26,Iceland,Croatia,Ragnar Sigurðsson,1,no,
2018,2018-06-26,Iceland,Croatia,Sverrir Ingi Ingason,2,no,
2018,2018-06-26,Nigeria,Argentina,Ahmed Musa,2,no,
2018,2018-06-26,Nigeria,Argentina,Brian Oladapo Idowu,1,no,
2018,2018-06-26,Nigeria,Argentina,John Michael Nchekwube Obinna,5,yes,3
2018,2018-06-26,Nigeria,Argentina,Kenneth Josiah Omeruo,1,no,
2018,2018-06-26,Nigeria,Argentina,Leon Aderemi Balogun,2,yes,1
2018,2018-06-26,Nigeria,Argentina,Odion Jude Ighalo,2,no,
2018,2018-06-26,Nigeria,Argentina,Oghenekaro Etebo,2,no,
2018,2018-06-26,Nigeria,Argentina,Onyinye Wilfred Ndidi,3,no,
2018,2018-06-26,Nigeria,Argentina,Simeon Tochukwu Nwankwo,1,no,
2018,2018-06-26,Nigeria,Argentina,Victor Moses,2,no,
2018,2018-06-26,Peru,Australia,Christopher Paolo César Hurtado Huertas,2,yes,1
2018,2018-06-26,Peru,Australia,José Paolo Guerrero Gonzáles,2,no,
2018,2018-06-26,Peru,Australia,Luis Jan Piers Advíncula Castrillón,2,no,
2018,2018-06-26,Peru,Australia,Pedro Jesús Aquino Sánchez,2,no,
2018,2018-06-26,Peru,Australia,Renato Fabrizio Tapia Cortijo,1,no,
2018,2018-06-26,Peru,Australia,Víctor Yoshimar Yotún Flores,1,yes,0
2018,2018-06-26,Peru,Australia,Wilder José Cartagena Mendoza,1,no,
2018,2018-06-26,Peru,Australia,Édison Michael Flores Peralta,1,no,
2018,2018-06-27,Brazil,Serbia,Carlos Henrique Casimiro,1,no,
2018,2018-06-27,Brazil,Serbia,Fágner Conserva Lemos,2,no,
2018,2018-06-27,Brazil,Serbia,Gabriel Fernando de Jesus,1,no,
2018,2018-06-27,Brazil,Serbia,João Miranda de Souza Filho,1,no,
2018,2018-06-27,Brazil,Serbia,Thiago Emiliano da Silva,1,no,
2018,2018-06-27,Brazil,Serbia,Willian Borges da Silva,1,no,
2018,2018-06-27,Costa Rica,Switzerland,Bryan Oviedo,3,no,
2018,2018-06-27,Costa Rica,Switzerland,Bryan Ruiz González,1,no,
2018,2018-06-27,Costa Rica,Switzerland,Celso Borges Mora,1,no,
2018,2018-06-27,Costa Rica,Switzerland,Cristian Gamboa Luna,2,no,
2018,2018-06-27,Costa Rica,Switzerland,Daniel Colindres Solera,3,no,
2018,2018-06-27,Costa Rica,Switzerland,David Alberto Guzmán Pérez,2,no,
2018,2018-06-27,Costa Rica,Switzerland,Joel Nathaniel Campbell Samuels,2,yes,1
2018,2018-06-27,Costa Rica,Switzerland,Kendall Jamaal Waston Manley,0,yes,0
2018,2018-06-27,Costa Rica,Switzerland,Rodney Wallace,1,no,
2018,2018-06-27,Germany,South Korea,Jonas Hector,1,no,
2018,2018-06-27,Germany,South Korea,Leon Goretzka,1,no,
2018,2018-06-27,Germany,South Korea,Marco Reus,2,no,
2018,2018-06-27,Germany,South Korea,Sami Khedira,2,no,
2018,2018-06-27,Germany,South Korea,Timo Werner,1,no,
2018,2018-06-27,Mexico,Sweden,Carlos Joel Salcedo Hernández,1,no,
2018,2018-06-27,Mexico,Sweden,Edson Omar Álvarez Velázquez,3,no,
2018,2018-06-27,Mexico,Sweden,Francisco Guillermo Ochoa Magaña,1,no,
2018,2018-06-27,Mexico,Sweden,Hirving Rodrigo Lozano Bahena,1,no,
2018,2018-06-27,Mexico,Sweden,Héctor Alfredo Moreno Herrera,2,yes,1
2018,2018-06-27,Mexico,Sweden,Héctor Miguel Herrera López,3,no,
2018,2018-06-27,Mexico,Sweden,Jesús Daniel Gallardo Vasconcelos,1,yes,0
2018,2018-06-27,Mexico,Sweden,José Andrés Guardado Hernández,2,no,
2018,2018-06-27,Mexico,Sweden,Marco Jhonfai Fabián De La Mora,1,no,
2018,2018-06-27,Mexico,Sweden,Miguel Arturo Layún Prado,1,yes,0
2018,2018-06-27,Serbia,Brazil,Adem Ljajić,2,yes,0
2018,2018-06-27,Serbia,Brazil,Aleksandar Kolarov,3,no,
2018,2018-06-27,Serbia,Brazil,Aleksandar Mitrović,1,yes,1
2018,2018-06-27,Serbia,Brazil,Antonio Rukavina,3,no,
2018,2018-06-27,Serbia,Brazil,Dušan Tadić,1,no,
2018,2018-06-27,Serbia,Brazil,Filip Kostić,2,no,
2018,2018-06-27,Serbia,Brazil,Nemanja Matić,1,yes,0
2018,2018-06-27,Serbia,Brazil,Sergej Milinković-Savić,1,no,
2018,2018-06-27,South Korea,Germany,Heung-Min Son,2,yes,0
2018,2018-06-27,South Korea,Germany,Jae-Sung Lee,4,yes,3
2018,2018-06-27,South Korea,Germany,Se-Jong Ju,1,no,
2018,2018-06-27,South Korea,Germany,Seon-Min Moon,6,yes,5
2018,2018-06-27,South Korea,Germany,Woo-Young Jung,1,yes,0
2018,2018-06-27,South Korea,Germany,Yo-Han Go,1,no,
2018,2018-06-27,South Korea,Germany,Young-Sun Yun,1,no,
2018,2018-06-27,Sweden,Mexico,Albin Ekdal,2,no,
2018,2018-06-27,Sweden,Mexico,Andreas Granqvist,4,no,
2018,2018-06-27,Sweden,Mexico,Isaac Kiese Thelin,1,no,
2018,2018-06-27,Sweden,Mexico,Ludwig Augustinsson,1,no,
2018,2018-06-27,Sweden,Mexico,Marcus Berg,1,no,
2018,2018-06-27,Sweden,Mexico,Mikael Lustig,3,yes,2
2018,2018-06-27,Sweden,Mexico,Ola Toivonen,2,no,
2018,2018-06-27,Sweden,Mexico,Sebastian Larsson,1,yes,0
2018,2018-06-27,Sweden,Mexico,Viktor Claesson,3,no,
2018,2018-06-27,Switzerland,Costa Rica,Denis Lemi Zakaria Lako Lado,2,yes,0
2018,2018-06-27,Switzerland,Costa Rica,Fabian Lukas Schär,2,yes,1
2018,2018-06-27,Switzerland,Costa Rica,Mario Gavranović,1,no,
2018,2018-06-27,Switzerland,Costa Rica,Ricardo Iván Rodríguez Araya,2,no,
2018,2018-06-27,Switzerland,Costa Rica,Stephan Lichtsteiner,1,no,
2018,2018-06-27,Switzerland,Costa Rica,Valon Behrami,1,no,
2018,2018-06-27,Switzerland,Costa Rica,Xherdan Shaqiri,1,no,
2018,2018-06-28,Belgium,England,Adnan Januzaj,1,no,
2018,2018-06-28,Belgium,England,Anga Dedryck Boyata,3,no,
2018,2018-06-28,Belgium,England,Dries Mertens,1,no,
2018,2018-06-28,Belgium,England,Leander Dendoncker,3,yes,1
2018,2018-06-28,Belgium,England,Marouane Fellaini-Bakkioui,3,no,
2018,2018-06-28,Belgium,England,Mousa Sidi Yaya Dembélé,1,no,
2018,2018-06-28,Belgium,England,Thomas Vermaelen,1,no,
2018,2018-06-28,Belgium,England,Vincent Kompany,1,no,
2018,2018-06-28,Belgium,England,Youri Tielemans,2,yes,0
2018,2018-06-28,Colombia,Senegal,Andrés Mateus Uribe Villa,1,no,
2018,2018-06-28,Colombia,Senegal,Carlos Alberto Sánchez Moreno,3,no,
2018,2018-06-28,Colombia,Senegal,Johan Andrés Mojica Palacio,2,yes,0
2018,2018-06-28,Colombia,Senegal,Juan Guillermo Cuadrado Bello,1,no,
2018,2018-06-28,Colombia,Senegal,Luis Fernando Muriel Fruto,2,no,
2018,2018-06-28,Colombia,Senegal,Radamel Falcao García Zárate,2,no,
2018,2018-06-28,Colombia,Senegal,Santiago Arias Naranjo,3,no,
2018,2018-06-28,Colombia,Senegal,Yerry Fernando Mina González,2,no,
2018,2018-06-28,England,Belgium,Danny Rose,2,no,
2018,2018-06-28,England,Belgium,Eric Dier,4,no,
2018,2018-06-28,England,Belgium,Fabian Delph,1,no,
2018,2018-06-28,England,Belgium,Gary Cahill,1,no,
2018,2018-06-28,England,Belgium,Jamie Vardy,1,no,
2018,2018-06-28,England,Belgium,Marcus Rashford,3,no,
2018,2018-06-28,England,Belgium,Phil Jones,2,no,
2018,2018-06-28,Japan,Poland,Eiji Kawashima,1,no,
2018,2018-06-28,Japan,Poland,Gaku Shibasaki,4,no,
2018,2018-06-28,Japan,Poland,Hotaru Yamaguchi,2,no,
2018,2018-06-28,Japan,Poland,Shinji Okazaki,1,no,
2018,2018-06-28,Japan,Poland,Takashi Usami,1,no,
2018,2018-06-28,Japan,Poland,Tomoaki Makino,1,yes,0
2018,2018-06-28,Japan,Poland,Yoshinori Muto,1,no,
2018,2018-06-28,Japan,Poland,Yūya Ōsako,1,no,
2018,2018-06-28,Panama,Tunisia,Aníbal Cesis Godoy,3,no,
2018,2018-06-28,Panama,Tunisia,Edgar Yoel Bárcenas Herrera,2,no,
2018,2018-06-28,Panama,Tunisia,Gabriel Arturo Torres Tejada,1,no,
2018,2018-06-28,Panama,Tunisia,Gabriel Enrique Gómez Girón,3,no,
2018,2018-06-28,Panama,Tunisia,José Luis Rodríguez Francis,2,no,
2018,2018-06-28,Panama,Tunisia,Luis Carlos Tejada Hansell,4,no,
2018,2018-06-28,Panama,Tunisia,Ricardo Guardia Avila,4,yes,3
2018,2018-06-28,Panama,Tunisia,Román Aureliano Torres Morcillo,1,no,
2018,2018-06-28,Poland,Japan,Artur Jędrzejczyk,2,no,
2018,2018-06-28,Poland,Japan,Bartosz Bereszyński,4,no,
2018,2018-06-28,Poland,Japan,Kamil Glik,3,no,
2018,2018-06-28,Senegal,Colombia,Idrissa Gana Gueye,1,no,
2018,2018-06-28,Senegal,Colombia,Ismaïla Sarr,1,no,
2018,2018-06-28,Senegal,Colombia,Kalidou Koulibaly,3,no,
2018,2018-06-28,Senegal,Colombia,Keita Baldé Diao,2,no,
2018,2018-06-28,Senegal,Colombia,Lamine Gassama,1,no,
2018,2018-06-28,Senegal,Colombia,M'Baye Babacar Niang,1,yes,0
2018,2018-06-28,Senegal,Colombia,Sadio Mané,3,no,
2018,2018-06-28,Senegal,Colombia,Youssouf Sabaly,3,no,
2018,2018-06-28,Tunisia,Panama,Ahmed Khalil,2,no,
2018,2018-06-28,Tunisia,Panama,Anice Badri,4,yes,1
2018,2018-06-28,Tunisia,Panama,Ellyes Joris Skhiri,1,no,
2018,2018-06-28,Tunisia,Panama,Fakhreddine Ben Youssef,1,no,
2018,2018-06-28,Tunisia,Panama,Ferjani Sassi,1,yes,0
2018,2018-06-28,Tunisia,Panama,Ghilane Chalali,4,yes,3
2018,2018-06-28,Tunisia,Panama,Hamdi Nagguez,3,no,
2018,2018-06-28,Tunisia,Panama,Oussama Haddadi,2,no,
2018,2018-06-28,Tunisia,Panama,Yassine Meriah,2,no,
2018,2018-06-30,Argentina,France,Enzo Nicolás Pérez,2,no,
2018,2018-06-30,Argentina,France,Faustino Marcos Alberto Rojo,1,no,
2018,2018-06-30,Argentina,France,Gabriel Iván Mercado,4,no,
2018,2018-06-30,Argentina,France,Javier Alejandro Mascherano,4,yes,2
2018,2018-06-30,Argentina,France,Nicolás Alejandro Tagliafico,1,yes,0
2018,2018-06-30,Argentina,France,Nicolás Hernán Otamendi,1,yes,1
2018,2018-06-30,Argentina,France,Ángel Fabián Di María Hernández,1,no,
2018,2018-06-30,Argentina,France,Éver Maximiliano David Banega,0,yes,0
2018,2018-06-30,France,Argentina,Antoine Griezmann,2,no,
2018,2018-06-30,France,Argentina,Benjamin Pavard,2,no,
2018,2018-06-30,France,Argentina,Blaise Matuidi,5,yes,4
2018,2018-06-30,France,Argentina,Corentin Tolisso,1,no,
2018,2018-06-30,France,Argentina,Lucas Hernández Pi,1,no,
2018,2018-06-30,France,Argentina,N'Golo Kanté,2,no,
2018,2018-06-30,France,Argentina,Nabil Fekir,1,no,
2018,2018-06-30,France,Argentina,Olivier Giroud,4,yes,4
2018,2018-06-30,France,Argentina,Paul Pogba,4,no,
2018,2018-06-30,France,Argentina,Samuel Yves Umtiti,1,no,
2018,2018-06-30,Portugal,Uruguay,Adrien Sebastian Perruchet Silva,1,no,
2018,2018-06-30,Portugal,Uruguay,Bernardo Mota Veiga de Carvalho e Silva,1,no,
2018,2018-06-30,Portugal,Uruguay,Cristiano Ronaldo dos Santos Aveiro,0,yes,0
2018,2018-06-30,Portugal,Uruguay,Gonçalo Manuel Ganchinho Guedes,2,no,
2018,2018-06-30,Portugal,Uruguay,José Miguel da Rocha Fonte,2,no,
2018,2018-06-30,Portugal,Uruguay,João Mário Naval da Costa Eduardo,1,no,
2018,2018-06-30,Portugal,Uruguay,Raphaël Adelino José Guerreiro,1,no,
2018,2018-06-30,Portugal,Uruguay,Ricardo Domingos Barbosa Pereira,3,no,
2018,2018-06-30,Portugal,Uruguay,William Silva de Carvalho,2,no,
2018,2018-06-30,Uruguay,Portugal,Cristhian Ricardo Stuani Curbelo,2,no,
2018,2018-06-30,Uruguay,Portugal,Cristian Gabriel Rodríguez Barrotti,1,no,
2018,2018-06-30,Uruguay,Portugal,Diego Roberto Godín Leal,2,no,
2018,2018-06-30,Uruguay,Portugal,Edinson Roberto Cavani Gómez,2,no,
2018,2018-06-30,Uruguay,Portugal,José Martín Cáceres Silva,1,no,
2018,2018-06-30,Uruguay,Portugal,Lucas Torreira Di Pascua,1,no,
2018,2018-06-30,Uruguay,Portugal,Luis Alberto Suárez Díaz,1,no,
2018,2018-06-30,Uruguay,Portugal,Matías Vecino Falero,1,no,
2018,2018-06-30,Uruguay,Portugal,Nahitan Michel Nández Acosta,2,no,
2018,2018-06-30,Uruguay,Portugal,Rodrigo Bentancur Colmán,1,no,
2018,2018-07-01,Croatia,Denmark,Ante Rebić,1,no,
2018,2018-07-01,Croatia,Denmark,Ivan Rakitić,2,no,
2018,2018-07-01,Croatia,Denmark,Ivan Strinić,1,no,
2018,2018-07-01,Croatia,Denmark,Luka Modrić,1,no,
2018,2018-07-01,Croatia,Denmark,Mario Mandžukić,2,no,
2018,2018-07-01,Denmark,Croatia,Andreas Evald Cornelius,1,no,
2018,2018-07-01,Denmark,Croatia,Henrik Dalsgaard,2,no,
2018,2018-07-01,Denmark,Croatia,Lasse Schöne,1,no,
2018,2018-07-01,Denmark,Croatia,Martin Braithwaite Christensen,2,no,
2018,2018-07-01,Denmark,Croatia,Mathias Jørgensen Jatta,3,yes,2
2018,2018-07-01,Denmark,Croatia,Nicolai Jørgensen,1,no,
2018,2018-07-01,Denmark,Croatia,Simon Thorup Kjær,1,no,
2018,2018-07-01,Denmark,Croatia,Thomas Delaney,4,no,
2018,2018-07-01,Denmark,Croatia,Yussuf Yurary Poulsen,4,no,
2018,2018-07-01,Russia,Spain,Aleksandr Erokhin,1,no,
2018,2018-07-01,Russia,Spain,Aleksandr Golovin,5,no,
2018,2018-07-01,Russia,Spain,Aleksandr Samedov,2,no,
2018,2018-07-01,Russia,Spain,Artem Dzyuba,1,no,
2018,2018-07-01,Russia,Spain,Denis Cheryshev,1,no,
2018,2018-07-01,Russia,Spain,Fedor Kudryashov,1,no,
2018,2018-07-01,Russia,Spain,Fyodor Smolov,1,no,
2018,2018-07-01,Russia,Spain,Ilya Kutepov,1,yes,0
2018,2018-07-01,Russia,Spain,Mário Figueira Fernandes,1,no,
2018,2018-07-01,Russia,Spain,Roman Zobnin,5,yes,4
2018,2018-07-01,Russia,Spain,Sergei Ignashevich,1,no,
2018,2018-07-01,Russia,Spain,Yuri Zhirkov,1,no,
2018,2018-07-01,Spain,Russia,Diego da Silva Costa,1,no,
2018,2018-07-01,Spain,Russia,Gerard Piqué Bernabéu,1,yes,0
2018,2018-07-01,Spain,Russia,Rodrigo Moreno Machado,1,no,
2018,2018-07-01,Spain,Russia,Sergio Ramos García,3,no,
2018,2018-07-02,Belgium,Japan,Kevin De Bruyne,2,no,
2018,2018-07-02,Belgium,Japan,Nacer Chadli,1,no,
2018,2018-07-02,Belgium,Japan,Romelu Lukaku Menama,2,no,
2018,2018-07-02,Belgium,Japan,Thomas Meunier,2,no,
2018,2018-07-02,Belgium,Japan,Vincent Kompany,4,no,
2018,2018-07-02,Belgium,Japan,Yannick Ferreira Carrasco,2,no,
2018,2018-07-02,Brazil,Mexico,Carlos Henrique Casimiro,1,yes,0
2018,2018-07-02,Brazil,Mexico,Filipe Luís Kasmirski,1,yes,0
2018,2018-07-02,Brazil,Mexico,Fágner Conserva Lemos,2,no,
2018,2018-07-02,Brazil,Mexico,Gabriel Fernando de Jesus,2,no,
2018,2018-07-02,Brazil,Mexico,Philippe Coutinho Correia,2,no,
2018,2018-07-02,Japan,Belgium,Gaku Shibasaki,2,yes,0
2018,2018-07-02,Japan,Belgium,Genki Haraguchi,1,no,
2018,2018-07-02,Japan,Belgium,Makoto Hasebe,2,no,
2018,2018-07-02,Japan,Belgium,Maya Yoshida,1,no,
2018,2018-07-02,Japan,Belgium,Shinji Kagawa,1,no,
2018,2018-07-02,Japan,Belgium,Takashi Inui,1,no,
2018,2018-07-02,Japan,Belgium,Yuto Nagatomo,1,no,
2018,2018-07-02,Japan,Belgium,Yūya Ōsako,2,no,
2018,2018-07-02,Mexico,Brazil,Carlos Joel Salcedo Hernández,2,no,
2018,2018-07-02,Mexico,Brazil,Edson Omar Álvarez Velázquez,2,yes,1
2018,2018-07-02,Mexico,Brazil,Hirving Rodrigo Lozano Bahena,2,no,
2018,2018-07-02,Mexico,Brazil,Héctor Miguel Herrera López,6,yes,2
2018,2018-07-02,Mexico,Brazil,Javier Hernández Balcázar,1,no,
2018,2018-07-02,Mexico,Brazil,Jesús Daniel Gallardo Vasconcelos,1,no,
2018,2018-07-02,Mexico,Brazil,José Andrés Guardado Hernández,2,yes,1
2018,2018-07-02,Mexico,Brazil,Rafael Márquez Álvarez,2,no,
2018,2018-07-02,Mexico,Brazil,Raúl Alonso Jiménez Rodríguez,1,yes,0
2018,2018-07-03,Colombia,England,Carlos Alberto Sánchez Moreno,3,yes,1
2018,2018-07-03,Colombia,England,Carlos Arturo Bacca Ahumada,2,yes,0
2018,2018-07-03,Colombia,England,Davinson Sánchez Mina,1,no,
2018,2018-07-03,Colombia,England,Jefferson Andrés Lerma Solís,2,no,
2018,2018-07-03,Colombia,England,Juan Guillermo Cuadrado Bello,2,yes,1
2018,2018-07-03,Colombia,England,Luis Fernando Muriel Fruto,1,no,
2018,2018-07-03,Colombia,England,Radamel Falcao García Zárate,3,yes,2
2018,2018-07-03,Colombia,England,Santiago Arias Naranjo,1,yes,0
2018,2018-07-03,Colombia,England,Wílmar Enrique Barrios Terán,5,yes,1
2018,2018-07-03,Colombia,England,Yerry Fernando Mina González,3,no,
2018,2018-07-03,England,Colombia,Bamidele Alli,1,no,
2018,2018-07-03,England,Colombia,Eric Dier,1,no,
2018,2018-07-03,England,Colombia,Harry Kane,1,no,
2018,2018-07-03,England,Colombia,Jesse Lingard,3,yes,0
2018,2018-07-03,England,Colombia,John Stones,2,no,
2018,2018-07-03,England,Colombia,Jordan Brian Henderson,1,yes,1
2018,2018-07-03,England,Colombia,Kieran Trippier,2,no,
2018,2018-07-03,England,Colombia,Raheem Sterling,2,no,
2018,2018-07-03,Sweden,Switzerland,Emil Peter Forsberg,1,no,
2018,2018-07-03,Sweden,Switzerland,Gustav Svensson,1,no,
2018,2018-07-03,Sweden,Switzerland,Ludwig Augustinsson,1,no,
2018,2018-07-03,Sweden,Switzerland,Marcus Berg,8,no,
2018,2018-07-03,Sweden,Switzerland,Mikael Lustig,1,yes,0
2018,2018-07-03,Switzerland,Sweden,Blerim Džemaili,2,no,
2018,2018-07-03,Switzerland,Sweden,Breel-Donald Embolo,1,no,
2018,2018-07-03,Switzerland,Sweden,Granit Xhaka,3,yes,2
2018,2018-07-03,Switzerland,Sweden,Johan Danon Djourou-Gbadjere,1,no,
2018,2018-07-03,Switzerland,Sweden,Josip Drmic,1,no,
2018,2018-07-03,Switzerland,Sweden,Manuel Obafemi Akanji,1,no,
2018,2018-07-03,Switzerland,Sweden,Michael Lang,1,no,
2018,2018-07-03,Switzerland,Sweden,Ricardo Iván Rodríguez Araya,1,no,
2018,2018-07-03,Switzerland,Sweden,Steven Zuber,1,no,
2018,2018-07-03,Switzerland,Sweden,Valon Behrami,3,yes,1
2018,2018-07-03,Switzerland,Sweden,Xherdan Shaqiri,1,no,
2018,2018-07-06,Belgium,Brazil,Eden Hazard,4,no,
2018,2018-07-06,Belgium,Brazil,Jan Vertonghen,1,no,
2018,2018-07-06,Belgium,Brazil,Marouane Fellaini-Bakkioui,6,no,
2018,2018-07-06,Belgium,Brazil,Romelu Lukaku Menama,3,no,
2018,2018-07-06,Belgium,Brazil,Thomas Meunier,2,yes,1
2018,2018-07-06,Belgium,Brazil,Toby Alderweireld,2,yes,0
2018,2018-07-06,Brazil,Belgium,Fernando Luiz Roza,2,yes,1
2018,2018-07-06,Brazil,Belgium,Fágner Conserva Lemos,4,yes,3
2018,2018-07-06,Brazil,Belgium,Gabriel Fernando de Jesus,1,no,
2018,2018-07-06,Brazil,Belgium,José Paulo Bezzera Maciel Júnior,3,no,
2018,2018-07-06,Brazil,Belgium,João Miranda de Souza Filho,4,no,
2018,2018-07-06,Brazil,Belgium,Marcelo Vieira da Silva Júnior,2,no,
2018,2018-07-06,Brazil,Belgium,Philippe Coutinho Correia,1,no,
2018,2018-07-06,Brazil,Belgium,Renato Soares de Oliveira Augusto,1,no,
2018,2018-07-06,Brazil,Belgium,Roberto Firmino Barbosa de Oliveira,1,no,
2018,2018-07-06,Brazil,Belgium,Willian Borges da Silva,1,no,
2018,2018-07-06,France,Uruguay,Kylian Mbappé Lottin,0,yes,0
2018,2018-07-06,France,Uruguay,Lucas Hernández Pi,3,yes,2
2018,2018-07-06,France,Uruguay,N'Golo Kanté,2,no,
2018,2018-07-06,France,Uruguay,Nabil Fekir,1,no,
2018,2018-07-06,France,Uruguay,Olivier Giroud,3,no,
2018,2018-07-06,France,Uruguay,Paul Pogba,4,no,
2018,2018-07-06,France,Uruguay,Raphaël Varane,1,no,
2018,2018-07-06,France,Uruguay,Samuel Yves Umtiti,2,no,
2018,2018-07-06,France,Uruguay,Steven N'Kemboanza Mike Christopher Nzonzi,2,no,
2018,2018-07-06,Uruguay,France,Cristhian Ricardo Stuani Curbelo,4,no,
2018,2018-07-06,Uruguay,France,Cristian Gabriel Rodríguez Barrotti,0,yes,0
2018,2018-07-06,Uruguay,France,Diego Sebastián Laxalt Suárez,3,no,
2018,2018-07-06,Uruguay,France,José Martín Cáceres Silva,1,no,
2018,2018-07-06,Uruguay,France,José María Giménez de Vargas,1,no,
2018,2018-07-06,Uruguay,France,Lucas Torreira Di Pascua,3,no,
2018,2018-07-06,Uruguay,France,Matías Vecino Falero,4,no,
2018,2018-07-06,Uruguay,France,Maximiliano Gómez González,1,no,
2018,2018-07-06,Uruguay,France,Nahitan Michel Nández Acosta,3,no,
2018,2018-07-06,Uruguay,France,Rodrigo Bentancur Colmán,2,yes,1
2018,2018-07-07,Croatia,Russia,Andrej Kramarić,1,no,
2018,2018-07-07,Croatia,Russia,Ante Rebić,2,no,
2018,2018-07-07,Croatia,Russia,Dejan Lovren,2,yes,0
2018,2018-07-07,Croatia,Russia,Domagoj Vida,1,yes,1
2018,2018-07-07,Croatia,Russia,Ivan Perišić,1,no,
2018,2018-07-07,Croatia,Russia,Ivan Rakitić,1,no,
2018,2018-07-07,Croatia,Russia,Ivan Strinić,3,yes,2
2018,2018-07-07,Croatia,Russia,Josip Pivarić,4,yes,3
2018,2018-07-07,Croatia,Russia,Luka Modrić,1,no,
2018,2018-07-07,Croatia,Russia,Mateo Kovačić,1,no,
2018,2018-07-07,Croatia,Russia,Šime Vrsaljko,1,no,
2018,2018-07-07,England,Sweden,Ashley Young,1,no,
2018,2018-07-07,England,Sweden,Bamidele Alli,2,no,
2018,2018-07-07,England,Sweden,Harry Kane,1,no,
2018,2018-07-07,England,Sweden,Harry Maguire,3,yes,2
2018,2018-07-07,England,Sweden,Raheem Sterling,1,no,
2018,2018-07-07,Russia,Croatia,Aleksandr Erokhin,1,no,
2018,2018-07-07,Russia,Croatia,Aleksandr Golovin,3,no,
2018,2018-07-07,Russia,Croatia,Aleksandr Samedov,3,no,
2018,2018-07-07,Russia,Croatia,Artem Dzyuba,3,no,
2018,2018-07-07,Russia,Croatia,Daler Kuzyaev,2,no,
2018,2018-07-07,Russia,Croatia,Denis Cheryshev,1,no,
2018,2018-07-07,Russia,Croatia,Fedor Kudryashov,3,no,
2018,2018-07-07,Russia,Croatia,Ilya Kutepov,1,no,
2018,2018-07-07,Russia,Croatia,Mário Figueira Fernandes,2,no,
2018,2018-07-07,Russia,Croatia,Roman Zobnin,3,no,
2018,2018-07-07,Russia,Croatia,Yury Gazinskiy,2,yes,1
2018,2018-07-07,Sweden,England,Albin Ekdal,1,no,
2018,2018-07-07,Sweden,England,Andreas Granqvist,3,no,
2018,2018-07-07,Sweden,England,John Guidetti,0,yes,0
2018,2018-07-07,Sweden,England,Ludwig Augustinsson,1,no,
2018,2018-07-07,Sweden,England,Marcus Berg,1,no,
2018,2018-07-07,Sweden,England,Martin Olsson,1,no,
2018,2018-07-07,Sweden,England,Ola Toivonen,1,no,
2018,2018-07-07,Sweden,England,Pontus Jansson,1,no,
2018,2018-07-07,Sweden,England,Sebastian Larsson,4,yes,3
2018,2018-07-07,Sweden,England,Victor Nilsson Lindelöf,1,no,
2018,2018-07-10,Belgium,France,Axel Witsel,2,no,
2018,2018-07-10,Belgium,France,Dries Mertens,1,no,
2018,2018-07-10,Belgium,France,Eden Hazard,1,yes,0
2018,2018-07-10,Belgium,France,Jan Vertonghen,2,yes,1
2018,2018-07-10,Belgium,France,Kevin De Bruyne,1,no,
2018,2018-07-10,Belgium,France,Marouane Fellaini-Bakkioui,2,no,
2018,2018-07-10,Belgium,France,Mousa Sidi Yaya Dembélé,4,no,
2018,2018-07-10,Belgium,France,Nacer Chadli,1,no,
2018,2018-07-10,Belgium,France,Romelu Lukaku Menama,1,no,
2018,2018-07-10,Belgium,France,Toby Alderweireld,1,yes,0
2018,2018-07-10,Belgium,France,Vincent Kompany,1,no,
2018,2018-07-10,France,Belgium,Antoine Griezmann,1,no,
2018,2018-07-10,France,Belgium,Kylian Mbappé Lottin,0,yes,0
2018,2018-07-10,France,Belgium,Lucas Hernández Pi,1,no,
2018,2018-07-10,France,Belgium,N'Golo Kanté,1,yes,0
2018,2018-07-10,France,Belgium,Olivier Giroud,1,no,
2018,2018-07-10,France,Belgium,Paul Pogba,2,no,
2018,2018-07-11,Croatia,England,Ante Rebić,6,yes,5
2018,2018-07-11,Croatia,England,Dejan Lovren,3,no,
2018,2018-07-11,Croatia,England,Domagoj Vida,1,no,
2018,2018-07-11,Croatia,England,Ivan Perišić,2,no,
2018,2018-07-11,Croatia,England,Ivan Rakitić,3,no,
2018,2018-07-11,Croatia,England,Ivan Strinić,2,no,
2018,2018-07-11,Croatia,England,Luka Modrić,2,no,
2018,2018-07-11,Croatia,England,Marcelo Brozović,1,no,
2018,2018-07-11,Croatia,England,Mario Mandžukić,2,yes,2
2018,2018-07-11,Croatia,England,Milan Badelj,1,no,
2018,2018-07-11,Croatia,England,Šime Vrsaljko,3,no,
2018,2018-07-11,England,Croatia,Bamidele Alli,1,no,
2018,2018-07-11,England,Croatia,Harry Kane,1,no,
2018,2018-07-11,England,Croatia,Jamie Vardy,1,no,
2018,2018-07-11,England,Croatia,Jesse Lingard,1,no,
2018,2018-07-11,England,Croatia,Jordan Brian Henderson,2,no,
2018,2018-07-11,England,Croatia,Kieran Trippier,1,no,
2018,2018-07-11,England,Croatia,Kyle Walker,2,yes,2
2018,2018-07-11,England,Croatia,Marcus Rashford,2,no,
2018,2018-07-11,England,Croatia,Raheem Sterling,2,no,
2018,2018-07-14,Belgium,England,Axel Witsel,2,yes,2
2018,2018-07-14,Belgium,England,Dries Mertens,1,no,
2018,2018-07-14,Belgium,England,Mousa Sidi Yaya Dembélé,1,no,
2018,2018-07-14,Belgium,England,Romelu Lukaku Menama,1,no,
2018,2018-07-14,Belgium,England,Thomas Vermaelen,2,no,
2018,2018-07-14,Belgium,England,Vincent Kompany,2,no,
2018,2018-07-14,Belgium,England,Youri Tielemans,3,no,
2018,2018-07-14,England,Belgium,Eric Dier,1,no,
2018,2018-07-14,England,Belgium,Harry Maguire,1,yes,0
2018,2018-07-14,England,Belgium,John Stones,1,yes,0
2018,2018-07-14,England,Belgium,Kieran Trippier,1,no,
2018,2018-07-15,Croatia,France,Ante Rebić,2,no,
2018,2018-07-15,Croatia,France,Ivan Perišić,2,no,
2018,2018-07-15,Croatia,France,Ivan Rakitić,1,no,
2018,2018-07-15,Croatia,France,Ivan Strinić,1,no,
2018,2018-07-15,Croatia,France,Luka Modrić,2,no,
2018,2018-07-15,Croatia,France,Marcelo Brozović,2,no,
2018,2018-07-15,Croatia,France,Mario Mandžukić,2,no,
2018,2018-07-15,Croatia,France,Šime Vrsaljko,2,yes,1
2018,2018-07-15,France,Croatia,Benjamin Pavard,1,no,
2018,2018-07-15,France,Croatia,Blaise Matuidi,1,no,
2018,2018-07-15,France,Croatia,Lucas Hernández Pi,1,no,
2018,2018-07-15,France,Croatia,N''Golo Kanté,3,yes,2
2018,2018-07-15,France,Croatia,Nabil Fekir,1,no,
2018,2018-07-15,France,Croatia,Olivier Giroud,3,no,
2018,2018-07-15,France,Croatia,Paul Pogba,2,no,
2018,2018-07-15,France,Croatia,Raphaël Varane,1,no,
2018,2018-07-15,France,Croatia,Samuel Yves Umtiti,1,no,
2022,2022-11-20,Ecuador,Qatar,Angelo Smit Preciado Quiñónez,2,no,
2022,2022-11-20,Ecuador,Qatar,Enner Remberto Valencia Lastra,1,no,
2022,2022-11-20,Ecuador,Qatar,Gonzalo Jordy Plata Jiménez,1,no,
2022,2022-11-20,Ecuador,Qatar,Jhegson Sebastián Méndez Carabalí,3,yes,2
2022,2022-11-20,Ecuador,Qatar,José Adoni Cifuentes Charcopa,2,no,
2022,2022-11-20,Ecuador,Qatar,Kevin José Rodríguez Cortez,1,no,
2022,2022-11-20,Ecuador,Qatar,Moisés Isaac Caicedo Corozo,1,yes,0
2022,2022-11-20,Ecuador,Qatar,Pervis Josué Estupiñán Tenorio,3,no,
2022,2022-11-20,Qatar,Ecuador,Abdulaziz Hatem Mohammed Abdullah,3,no,
2022,2022-11-20,Qatar,Ecuador,Akram Hassan Afif,1,yes,0
2022,2022-11-20,Qatar,Ecuador,Almoez Ali Zainalabiddin Abdulla,1,yes,0
2022,2022-11-20,Qatar,Ecuador,Bassam Hisham Al Rawi,2,no,
2022,2022-11-20,Qatar,Ecuador,Hassan Khalid Al Heidos,1,no,
2022,2022-11-20,Qatar,Ecuador,Homam Alamin Ahmed,1,no,
2022,2022-11-20,Qatar,Ecuador,Karim Boudiaf,3,yes,0
2022,2022-11-20,Qatar,Ecuador,Mohammed Waed Abdulwahhab Al Bayati,1,no,
2022,2022-11-20,Qatar,Ecuador,Pedro Miguel Correia,3,no,
2022,2022-11-20,Qatar,Ecuador,Saad Abdullah Al Sheeb,1,yes,0
2022,2022-11-21,England,Iran,Bukayo Saka,2,no,
2022,2022-11-21,England,Iran,John Stones,2,no,
2022,2022-11-21,England,Iran,Jude Bellingham,1,no,
2022,2022-11-21,England,Iran,Marcus Rashford,1,no,
2022,2022-11-21,England,Iran,Mason Mount,2,no,
2022,2022-11-21,England,Iran,Phil Foden,1,no,
2022,2022-11-21,Iran,England,Ahmad Nourollahi,3,no,
2022,2022-11-21,Iran,England,Ali Karimi,2,no,
2022,2022-11-21,Iran,England,Alireza Jahanbakhsh,2,yes,0
2022,2022-11-21,Iran,England,Ehsan Hajsafi,1,no,
2022,2022-11-21,Iran,England,Mehdi Taremi,2,no,
2022,2022-11-21,Iran,England,Milad Mohammadi,1,no,
2022,2022-11-21,Iran,England,Morteza Pouraliganji,4,yes,2
2022,2022-11-21,Iran,England,Roozbeh Cheshmi,2,no,
2022,2022-11-21,Iran,England,Sadegh Moharrami,3,no,
2022,2022-11-21,Iran,England,Seyed Majid Hosseini,1,no,
2022,2022-11-21,Netherlands,Senegal,Cody Mathès Gakpo,1,no,
2022,2022-11-21,Netherlands,Senegal,Daley Blind,2,no,
2022,2022-11-21,Netherlands,Senegal,Denzel Dumfries,3,no,
2022,2022-11-21,Netherlands,Senegal,Frenkie de Jong,1,no,
2022,2022-11-21,Netherlands,Senegal,Matthijs de Ligt,5,yes,4
2022,2022-11-21,Netherlands,Senegal,Nathan Aké,2,no,
2022,2022-11-21,Netherlands,Senegal,Vincent Janssen,1,no,
2022,2022-11-21,Netherlands,Senegal,Virgil van Dijk,1,no,
2022,2022-11-21,Senegal,Netherlands,Abdou Diallo,2,no,
2022,2022-11-21,Senegal,Netherlands,Cheikh Ahmadou Bamba Mbacke Dieng,1,no,
2022,2022-11-21,Senegal,Netherlands,Cheikhou Kouyaté,1,no,
2022,2022-11-21,Senegal,Netherlands,Idrissa Gana Gueye,1,yes,0
2022,2022-11-21,Senegal,Netherlands,Ismaïla Sarr,1,no,
2022,2022-11-21,Senegal,Netherlands,Kalidou Koulibaly,1,no,
2022,2022-11-21,Senegal,Netherlands,Nampalys Mendy,2,yes,1
2022,2022-11-21,Senegal,Netherlands,Nicolas Jackson,1,no,
2022,2022-11-21,Senegal,Netherlands,Pape Abou Cissé,1,no,
2022,2022-11-21,Senegal,Netherlands,Youssouf Sabaly,2,no,
2022,2022-11-21,United States,Wales,Antonee Robinson,2,no,
2022,2022-11-21,United States,Wales,Brenden Aaronson,1,no,
2022,2022-11-21,United States,Wales,Joshua Sargent,1,no,
2022,2022-11-21,United States,Wales,Kellyn Kai Perry-Acosta,1,yes,0
2022,2022-11-21,United States,Wales,Sergino Dest,1,yes,0
2022,2022-11-21,United States,Wales,Tim Ream,1,yes,0
2022,2022-11-21,United States,Wales,Tyler Adams,3,no,
2022,2022-11-21,United States,Wales,Walker Zimmerman,1,no,
2022,2022-11-21,United States,Wales,Weston McKennie,4,yes,1
2022,2022-11-21,United States,Wales,Yunus Dimoara Musah,2,no,
2022,2022-11-21,Wales,United States,Chris Mepham,2,yes,1
2022,2022-11-21,Wales,United States,Ethan Ampadu,1,no,
2022,2022-11-21,Wales,United States,Gareth Frank Bale,2,yes,0
2022,2022-11-21,Wales,United States,Harry Wilson,1,no,
2022,2022-11-21,Wales,United States,Joe Rodon,1,no,
2022,2022-11-21,Wales,United States,Joseff Morrell,1,no,
2022,2022-11-21,Wales,United States,Kieffer Roberto Francisco Moore,2,no,
2022,2022-11-22,Argentina,Saudi Arabia,Alejandro Darío Gómez,1,no,
2022,2022-11-22,Argentina,Saudi Arabia,Cristian Gabriel Romero,1,no,
2022,2022-11-22,Argentina,Saudi Arabia,Lautaro Javier Martínez,1,no,
2022,2022-11-22,Argentina,Saudi Arabia,Leandro Daniel Paredes,1,no,
2022,2022-11-22,Argentina,Saudi Arabia,Lionel Andrés Messi Cuccittini,1,no,
2022,2022-11-22,Argentina,Saudi Arabia,Nahuel Molina Lucero,1,no,
2022,2022-11-22,Argentina,Saudi Arabia,Rodrigo Javier De Paul,1,no,
2022,2022-11-22,Australia,France,Aaron Mooy,2,yes,1
2022,2022-11-22,Australia,France,Aziz Eraltay Behich,1,no,
2022,2022-11-22,Australia,France,Craig Goodwin,1,no,
2022,2022-11-22,Australia,France,Garang Kuol,1,no,
2022,2022-11-22,Australia,France,Jackson Irvine,4,yes,3
2022,2022-11-22,Australia,France,Mitchell Thomas Duke,2,yes,1
2022,2022-11-22,Australia,France,Riley McGree,3,no,
2022,2022-11-22,Denmark,Tunisia,Christian Dannemann Eriksen,2,no,
2022,2022-11-22,Denmark,Tunisia,Joachim Andersen,3,no,
2022,2022-11-22,Denmark,Tunisia,Joakim Mæhle,1,no,
2022,2022-11-22,Denmark,Tunisia,Kasper Dolberg,2,no,
2022,2022-11-22,Denmark,Tunisia,Mathias Jensen,2,yes,0
2022,2022-11-22,Denmark,Tunisia,Mikkel Damsgaard,1,no,
2022,2022-11-22,Denmark,Tunisia,Rasmus Nissen Kristensen,1,yes,0
2022,2022-11-22,Denmark,Tunisia,Thomas Delaney,1,no,
2022,2022-11-22,France,Australia,Adrien Rabiot,1,no,
2022,2022-11-22,France,Australia,Kylian Mbappé Lottin,1,no,
2022,2022-11-22,France,Australia,Olivier Giroud,1,no,
2022,2022-11-22,France,Australia,Theo Bernard François Hernández,1,no,
2022,2022-11-22,Mexico,Poland,Carlos Alberto Rodríguez Gómez,1,no,
2022,2022-11-22,Mexico,Poland,César Jasib Montes Castro,2,no,
2022,2022-11-22,Mexico,Poland,Edson Omar Álvarez Velázquez,1,no,
2022,2022-11-22,Mexico,Poland,Henry Josué Martín Mex,1,no,
2022,2022-11-22,Mexico,Poland,Hirving Rodrigo Lozano Bahena,4,no,
2022,2022-11-22,Mexico,Poland,Héctor Alfredo Moreno Herrera,1,yes,0
2022,2022-11-22,Mexico,Poland,Jesús Daniel Gallardo Vasconcelos,1,no,
2022,2022-11-22,Mexico,Poland,Jorge Eduardo Sánchez Ramos,3,yes,1
2022,2022-11-22,Poland,Mexico,Bartosz Bereszyński,2,no,
2022,2022-11-22,Poland,Mexico,Grzegorz Krychowiak,3,no,
2022,2022-11-22,Poland,Mexico,Jakub Kamiński,3,no,
2022,2022-11-22,Poland,Mexico,Kamil Glik,1,no,
2022,2022-11-22,Poland,Mexico,Matty Cash,2,no,
2022,2022-11-22,Poland,Mexico,Piotr Zieliński,1,no,
2022,2022-11-22,Poland,Mexico,Przemysław Frankowski,1,yes,0
2022,2022-11-22,Poland,Mexico,Robert Lewandowski,1,no,
2022,2022-11-22,Poland,Mexico,Sebastian Szymański,1,no,
2022,2022-11-22,Saudi Arabia,Argentina,Abdulelah Saad Hameed Al-Malki,5,yes,4
2022,2022-11-22,Saudi Arabia,Argentina,Ali Albulayhi,1,yes,1
2022,2022-11-22,Saudi Arabia,Argentina,Firas Tariq Nasser Al Albirakan,1,no,
2022,2022-11-22,Saudi Arabia,Argentina,Haitham Mohammed Asiri,1,no,
2022,2022-11-22,Saudi Arabia,Argentina,Mohammed Kanoo,3,no,
2022,2022-11-22,Saudi Arabia,Argentina,Mohammed Khalil Al Owais,0,yes,0
2022,2022-11-22,Saudi Arabia,Argentina,Nawaf Shaker Al Abid,1,yes,1
2022,2022-11-22,Saudi Arabia,Argentina,Saleh Khalid Al Shehri,2,no,
2022,2022-11-22,Saudi Arabia,Argentina,Salem Mohammed Al Dawsari,1,yes,1
2022,2022-11-22,Saudi Arabia,Argentina,Saud Abdullah Abdul Hamid,6,yes,5
2022,2022-11-22,Saudi Arabia,Argentina,Yasir Gharsan Al Shahrani,1,no,
2022,2022-11-22,Tunisia,Denmark,Ali Abdi,1,no,
2022,2022-11-22,Tunisia,Denmark,Aïssa Bilal Laïdouni,1,no,
2022,2022-11-22,Tunisia,Denmark,Ellyes Joris Skhiri,1,no,
2022,2022-11-22,Tunisia,Denmark,Issam Jebali,2,no,
2022,2022-11-22,Tunisia,Denmark,Mohamed Dräger,1,no,
2022,2022-11-22,Tunisia,Denmark,Taha Yassine Khenissi,2,yes,0
2022,2022-11-22,Tunisia,Denmark,Yassine Meriah,2,no,
2022,2022-11-23,Belgium,Canada,Amadou Onana,2,yes,1
2022,2022-11-23,Belgium,Canada,Axel Witsel,1,no,
2022,2022-11-23,Belgium,Canada,Leander Dendoncker,1,no,
2022,2022-11-23,Belgium,Canada,Michy Batshuayi Tunga,3,no,
2022,2022-11-23,Belgium,Canada,Thomas Meunier,2,yes,0
2022,2022-11-23,Belgium,Canada,Timothy Castagne,1,no,
2022,2022-11-23,Belgium,Canada,Yannick Ferreira Carrasco,1,yes,0
2022,2022-11-23,Canada,Belgium,Alistair Johnston,3,yes,2
2022,2022-11-23,Canada,Belgium,Alphonso Davies,3,yes,2
2022,2022-11-23,Canada,Belgium,Atiba Hutchinson,2,no,
2022,2022-11-23,Canada,Belgium,Jonathan David,1,no,
2022,2022-11-23,Canada,Belgium,Liam Millar,1,no,
2022,2022-11-23,Canada,Belgium,Richie Laryea,1,no,
2022,2022-11-23,Canada,Belgium,Stephen Antunes Eustáquio,1,no,
2022,2022-11-23,Canada,Belgium,Steven de Sousa Vitoria,1,no,
2022,2022-11-23,Canada,Belgium,Tajon Buchanan,2,no,
2022,2022-11-23,Costa Rica,Spain,Brandon Aguilera Zamora,2,no,
2022,2022-11-23,Costa Rica,Spain,Bryan Oviedo,1,no,
2022,2022-11-23,Costa Rica,Spain,Carlos Manuel Martínez Castro,1,no,
2022,2022-11-23,Costa Rica,Spain,Celso Borges Mora,1,no,
2022,2022-11-23,Costa Rica,Spain,Francisco Javier Calvo Quesada,3,yes,2
2022,2022-11-23,Costa Rica,Spain,Joel Nathaniel Campbell Samuels,2,yes,1
2022,2022-11-23,Costa Rica,Spain,Kendall Jamaal Waston Manley,1,no,
2022,2022-11-23,Costa Rica,Spain,Óscar Esau Duarte Gaitán,3,no,
2022,2022-11-23,Croatia,Morocco,Borna Sosa,1,no,
2022,2022-11-23,Croatia,Morocco,Ivan Perišić,1,no,
2022,2022-11-23,Croatia,Morocco,Joško Gvardiol,1,no,
2022,2022-11-23,Croatia,Morocco,Luka Modrić,5,no,
2022,2022-11-23,Croatia,Morocco,Marcelo Brozović,3,no,
2022,2022-11-23,Croatia,Morocco,Nikola Vlašić,1,no,
2022,2022-11-23,Germany,Japan,David Raum,1,no,
2022,2022-11-23,Germany,Japan,Kai Havertz,2,no,
2022,2022-11-23,Germany,Japan,Leon Goretzka,1,no,
2022,2022-11-23,Germany,Japan,Nico Schlotterbeck,2,no,
2022,2022-11-23,Germany,Japan,İlkay Gündoğan,1,no,
2022,2022-11-23,Japan,Germany,Daizen Maeda,1,no,
2022,2022-11-23,Japan,Germany,Hiroki Sakai,1,no,
2022,2022-11-23,Japan,Germany,Ko Itakura,3,no,
2022,2022-11-23,Japan,Germany,Maya Yoshida,1,no,
2022,2022-11-23,Japan,Germany,Shūichi Gonda,1,no,
2022,2022-11-23,Japan,Germany,Takefusa Kubo,2,no,
2022,2022-11-23,Japan,Germany,Takuma Asano,2,no,
2022,2022-11-23,Japan,Germany,Takumi Minamino,1,no,
2022,2022-11-23,Japan,Germany,Wataru Endo,3,no,
2022,2022-11-23,Morocco,Croatia,Abdessamad Ezzalzouli,3,no,
2022,2022-11-23,Morocco,Croatia,Achraf Hakimi Mouh,1,no,
2022,2022-11-23,Morocco,Croatia,Hakim Ziyech,3,no,
2022,2022-11-23,Morocco,Croatia,Noussair Mazraoui,1,no,
2022,2022-11-23,Morocco,Croatia,Selim Amallah,4,no,
2022,2022-11-23,Morocco,Croatia,Sofiane Boufal,2,no,
2022,2022-11-23,Morocco,Croatia,Sofyan Amrabat,3,yes,2
2022,2022-11-23,Morocco,Croatia,Yahia Attiyat allah,1,no,
2022,2022-11-23,Spain,Costa Rica,Aymeric Laporte,2,no,
2022,2022-11-23,Spain,Costa Rica,César Azpilicueta Tanco,2,no,
2022,2022-11-23,Spain,Costa Rica,Daniel Olmo Carvajal,1,no,
2022,2022-11-23,Spain,Costa Rica,Jordi Alba Ramos,1,no,
2022,2022-11-23,Spain,Costa Rica,Marco Asensio Willemsen,1,no,
2022,2022-11-23,Spain,Costa Rica,Pablo Martín Páez Gavira,1,no,
2022,2022-11-24,Brazil,Serbia,Alex Sandro Lobo Silva,1,no,
2022,2022-11-24,Brazil,Serbia,Frederico Rodrigues Santos,1,no,
2022,2022-11-24,Brazil,Serbia,Gabriel Fernando de Jesus,1,no,
2022,2022-11-24,Brazil,Serbia,Gabriel Teodoro Martinelli Silva,1,no,
2022,2022-11-24,Brazil,Serbia,Lucas Tolentino Coelho de Lima,1,no,
2022,2022-11-24,Brazil,Serbia,Neymar da Silva Santos Junior,1,no,
2022,2022-11-24,Brazil,Serbia,Raphael Dias Belloli,1,no,
2022,2022-11-24,Brazil,Serbia,Richarlison de Andrade,1,no,
2022,2022-11-24,Cameroon,Switzerland,André-Frank Zambo Anguissa,2,no,
2022,2022-11-24,Cameroon,Switzerland,Gaël Ondoua,1,no,
2022,2022-11-24,Cameroon,Switzerland,Georges-Kévin Nkoudou Mbida,1,no,
2022,2022-11-24,Cameroon,Switzerland,Ngoran Suiru Fai Collins,2,yes,1
2022,2022-11-24,Cameroon,Switzerland,Nicolas Alexis Julio N'Koulou Ndoubena,1,no,
2022,2022-11-24,Cameroon,Switzerland,Nicolas Moumi Ngamaleu,1,no,
2022,2022-11-24,Cameroon,Switzerland,Nouhou Tolo,2,no,
2022,2022-11-24,Ghana,Portugal,Abdul Rahman Baba,3,no,
2022,2022-11-24,Ghana,Portugal,Alexander Djiku,1,no,
2022,2022-11-24,Ghana,Portugal,Alidu Seidu,3,yes,2
2022,2022-11-24,Ghana,Portugal,André Ayew Pelé,2,yes,1
2022,2022-11-24,Ghana,Portugal,Daniel Amartey,2,no,
2022,2022-11-24,Ghana,Portugal,Iñaki Williams Arthuer,1,yes,1
2022,2022-11-24,Ghana,Portugal,Mohamed Salisu,3,no,
2022,2022-11-24,Ghana,Portugal,Mohammed Kudus,1,yes,0
2022,2022-11-24,Ghana,Portugal,Osman Bukari,1,no,
2022,2022-11-24,Ghana,Portugal,Salis Abdul Samed,1,no,
2022,2022-11-24,Ghana,Portugal,Tariq Lamptey,1,no,
2022,2022-11-24,Ghana,Portugal,Thomas Teye Partey,1,no,
2022,2022-11-24,Portugal,Ghana,Bernardo Mota Veiga de Carvalho e Silva,1,no,
2022,2022-11-24,Portugal,Ghana,Bruno Miguel Borges Fernandes,1,yes,0
2022,2022-11-24,Portugal,Ghana,Cristiano Ronaldo dos Santos Aveiro,2,no,
2022,2022-11-24,Portugal,Ghana,Danilo Luís Hélio Pereira,1,yes,0
2022,2022-11-24,Portugal,Ghana,João Félix Sequeira,3,no,
2022,2022-11-24,Portugal,Ghana,Otávio Edmilson da Silva Monteiro,3,no,
2022,2022-11-24,Portugal,Ghana,Rafael Alexandre Conceição Leão,1,no,
2022,2022-11-24,Portugal,Ghana,Rúben Diogo Da Silva Neves,2,no,
2022,2022-11-24,Portugal,Ghana,Rúben Santos Gato Alves Dias,1,no,
2022,2022-11-24,Serbia,Brazil,Aleksandar Mitrović,1,no,
2022,2022-11-24,Serbia,Brazil,Andrija Živković,1,no,
2022,2022-11-24,Serbia,Brazil,Dušan Tadić,1,no,
2022,2022-11-24,Serbia,Brazil,Nemanja Gudelj,1,yes,0
2022,2022-11-24,Serbia,Brazil,Nikola Milenković,3,no,
2022,2022-11-24,Serbia,Brazil,Saša Lukić,3,yes,3
2022,2022-11-24,Serbia,Brazil,Strahinja Pavlović,1,yes,0
2022,2022-11-24,South Korea,Uruguay,Gue-Sung Cho,2,yes,1
2022,2022-11-24,South Korea,Uruguay,In-Beom Hwang,2,no,
2022,2022-11-24,South Korea,Uruguay,Kang-In Lee,1,no,
2022,2022-11-24,South Korea,Uruguay,Sang-Ho Na,2,no,
2022,2022-11-24,South Korea,Uruguay,Woo-Young Jung,4,no,
2022,2022-11-24,Switzerland,Cameroon,Djibril Sow,2,no,
2022,2022-11-24,Switzerland,Cameroon,Fabian Frei,1,no,
2022,2022-11-24,Switzerland,Cameroon,Haris Seferović,1,no,
2022,2022-11-24,Switzerland,Cameroon,Manuel Obafemi Akanji,1,yes,0
2022,2022-11-24,Switzerland,Cameroon,Nico Elvedi,1,yes,0
2022,2022-11-24,Switzerland,Cameroon,Remo Freuler,2,no,
2022,2022-11-24,Switzerland,Cameroon,Ricardo Iván Rodríguez Araya,4,no,
2022,2022-11-24,Switzerland,Cameroon,Ruben Vargas,2,no,
2022,2022-11-24,Uruguay,South Korea,Darwin Gabriel Núñez Ribeiro,1,no,
2022,2022-11-24,Uruguay,South Korea,Facundo Pellistri Rebollo,2,no,
2022,2022-11-24,Uruguay,South Korea,Guillermo Varela Olivera,1,no,
2022,2022-11-24,Uruguay,South Korea,José Martín Cáceres Silva,1,yes,0
2022,2022-11-24,Uruguay,South Korea,Matías Nicolás Viña Susperreguy,1,no,
2022,2022-11-24,Uruguay,South Korea,Matías Vecino Falero,1,no,
2022,2022-11-25,Ecuador,Netherlands,Enner Remberto Valencia Lastra,1,no,
2022,2022-11-25,Ecuador,Netherlands,Jhegson Sebastián Méndez Carabalí,1,yes,0
2022,2022-11-25,Ecuador,Netherlands,Michael Steveen Estrada Martínez,3,no,
2022,2022-11-25,Ecuador,Netherlands,Moisés Isaac Caicedo Corozo,3,no,
2022,2022-11-25,Ecuador,Netherlands,Pervis Josué Estupiñán Tenorio,2,no,
2022,2022-11-25,Ecuador,Netherlands,Piero Martín Hincapié Reyna,3,no,
2022,2022-11-25,England,United States,Bukayo Saka,1,no,
2022,2022-11-25,England,United States,Harry Maguire,2,no,
2022,2022-11-25,England,United States,John Stones,1,no,
2022,2022-11-25,England,United States,Kieran Trippier,2,no,
2022,2022-11-25,England,United States,Luke Shaw,2,no,
2022,2022-11-25,England,United States,Mason Mount,3,no,
2022,2022-11-25,Iran,Wales,Ali Gholizadeh,2,no,
2022,2022-11-25,Iran,Wales,Ali Karimi,1,no,
2022,2022-11-25,Iran,Wales,Alireza Jahanbakhsh,1,yes,0
2022,2022-11-25,Iran,Wales,Milad Mohammadi,2,no,
2022,2022-11-25,Iran,Wales,Morteza Pouraliganji,1,no,
2022,2022-11-25,Iran,Wales,Ramin Rezaeian,0,yes,0
2022,2022-11-25,Iran,Wales,Saeid Ezatolahi Afagh,1,no,
2022,2022-11-25,Iran,Wales,Seyed Majid Hosseini,2,no,
2022,2022-11-25,Netherlands,Ecuador,Cody Mathès Gakpo,1,no,
2022,2022-11-25,Netherlands,Ecuador,Denzel Dumfries,4,no,
2022,2022-11-25,Netherlands,Ecuador,Frenkie de Jong,1,no,
2022,2022-11-25,Netherlands,Ecuador,Jurriën David Norman Timber,6,no,
2022,2022-11-25,Netherlands,Ecuador,Steven Berghuis,1,no,
2022,2022-11-25,Netherlands,Ecuador,Steven Bergwijn,1,no,
2022,2022-11-25,Netherlands,Ecuador,Teun Koopmeiners,2,no,
2022,2022-11-25,Qatar,Senegal,Abdelkarim Hassan Al Haj Fadlalla,1,no,
2022,2022-11-25,Qatar,Senegal,Akram Hassan Afif,1,no,
2022,2022-11-25,Qatar,Senegal,Almoez Ali Zainalabiddin Abdulla,1,no,
2022,2022-11-25,Qatar,Senegal,Assim Omer Al Haj Madibo,1,yes,0
2022,2022-11-25,Qatar,Senegal,Boualem Khoukhi,1,no,
2022,2022-11-25,Qatar,Senegal,Hassan Khalid Al Heidos,1,no,
2022,2022-11-25,Qatar,Senegal,Homam Alamin Ahmed,2,yes,1
2022,2022-11-25,Qatar,Senegal,Ismaeel Mohammad Mohammad,1,yes,0
2022,2022-11-25,Qatar,Senegal,Mohammed Muntari,1,no,
2022,2022-11-25,Qatar,Senegal,Pedro Miguel Correia,1,no,
2022,2022-11-25,Senegal,Qatar,Boulaye Dia,2,yes,0
2022,2022-11-25,Senegal,Qatar,Cheikh Ahmadou Bamba Mbacke Dieng,2,no,
2022,2022-11-25,Senegal,Qatar,Famara Diedhiou,2,no,
2022,2022-11-25,Senegal,Qatar,Ismail Jakobs,2,yes,0
2022,2022-11-25,Senegal,Qatar,Kalidou Koulibaly,1,no,
2022,2022-11-25,Senegal,Qatar,Krépin Diatta,1,no,
2022,2022-11-25,Senegal,Qatar,Nampalys Mendy,1,no,
2022,2022-11-25,Senegal,Qatar,Pathé Ismaël Ciss,1,yes,0
2022,2022-11-25,Senegal,Qatar,Youssouf Sabaly,1,no,
2022,2022-11-25,United States,England,Christian Pulisic,2,no,
2022,2022-11-25,United States,England,Sergino Dest,3,no,
2022,2022-11-25,United States,England,Shaquell Moore,3,no,
2022,2022-11-25,United States,England,Tyler Adams,2,no,
2022,2022-11-25,United States,England,Walker Zimmerman,1,no,
2022,2022-11-25,United States,England,Weston McKennie,1,no,
2022,2022-11-25,United States,England,Yunus Dimoara Musah,4,no,
2022,2022-11-25,Wales,Iran,Chris Mepham,2,no,
2022,2022-11-25,Wales,Iran,Ethan Ampadu,2,no,
2022,2022-11-25,Wales,Iran,Joe Rodon,1,yes,0
2022,2022-11-25,Wales,Iran,Kieffer Roberto Francisco Moore,1,no,
2022,2022-11-25,Wales,Iran,Neco Williams,2,no,
2022,2022-11-25,Wales,Iran,Wayne Hennessey,1,no,
2022,2022-11-26,Argentina,Mexico,Alexis Mac Allister,1,no,
2022,2022-11-26,Argentina,Mexico,Enzo Fernandez,1,no,
2022,2022-11-26,Argentina,Mexico,Exequiel Alejandro Palacios,1,no,
2022,2022-11-26,Argentina,Mexico,Gonzalo Ariel Montiel,2,yes,1
2022,2022-11-26,Argentina,Mexico,Julián Álvarez,1,no,
2022,2022-11-26,Argentina,Mexico,Lionel Andrés Messi Cuccittini,3,no,
2022,2022-11-26,Argentina,Mexico,Lisandro Martínez,2,no,
2022,2022-11-26,Argentina,Mexico,Marcos Javier Acuña,1,no,
2022,2022-11-26,Argentina,Mexico,Nicolás Hernán Otamendi,3,no,
2022,2022-11-26,Australia,Tunisia,Aaron Mooy,2,no,
2022,2022-11-26,Australia,Tunisia,Ajdin Hrustic,1,no,
2022,2022-11-26,Australia,Tunisia,Aziz Eraltay Behich,1,no,
2022,2022-11-26,Australia,Tunisia,Fran Karačić,2,no,
2022,2022-11-26,Australia,Tunisia,Jackson Irvine,3,no,
2022,2022-11-26,Australia,Tunisia,Kye Rowles,1,no,
2022,2022-11-26,Australia,Tunisia,Mathew Leckie,3,no,
2022,2022-11-26,Australia,Tunisia,Riley McGree,3,no,
2022,2022-11-26,Denmark,France,Alexander Hartmann Bah,1,no,
2022,2022-11-26,Denmark,France,Andreas Christensen,1,yes,0
2022,2022-11-26,Denmark,France,Andreas Evald Cornelius,3,yes,0
2022,2022-11-26,Denmark,France,Christian Dannemann Eriksen,1,no,
2022,2022-11-26,Denmark,France,Jesper Lindstrøm,1,no,
2022,2022-11-26,Denmark,France,Joachim Andersen,2,no,
2022,2022-11-26,Denmark,France,Rasmus Nissen Kristensen,2,no,
2022,2022-11-26,France,Denmark,Adrien Rabiot,1,no,
2022,2022-11-26,France,Denmark,Aurélien Djani Tchouaméni,1,no,
2022,2022-11-26,France,Denmark,Jules Koundé,1,yes,0
2022,2022-11-26,France,Denmark,Ousmane Dembélé,1,no,
2022,2022-11-26,Mexico,Argentina,Ernesto Alexis Vega Rojas,2,no,
2022,2022-11-26,Mexico,Argentina,Hirving Rodrigo Lozano Bahena,2,no,
2022,2022-11-26,Mexico,Argentina,Héctor Alfredo Moreno Herrera,1,no,
2022,2022-11-26,Mexico,Argentina,Héctor Miguel Herrera López,5,yes,2
2022,2022-11-26,Mexico,Argentina,Jesús Daniel Gallardo Vasconcelos,2,no,
2022,2022-11-26,Mexico,Argentina,José Andrés Guardado Hernández,2,no,
2022,2022-11-26,Mexico,Argentina,Luis Gerardo Chávez Magallón,2,no,
2022,2022-11-26,Mexico,Argentina,Néstor Alejandro Araújo Razo,2,yes,0
2022,2022-11-26,Mexico,Argentina,Raúl Alonso Jiménez Rodríguez,1,no,
2022,2022-11-26,Mexico,Argentina,Roberto Carlos Alvarado Hernández,1,yes,0
2022,2022-11-26,Mexico,Argentina,Érick Gabriel Gutiérrez Galaviz,1,yes,0
2022,2022-11-26,Poland,Saudi Arabia,Arkadiusz Milik,1,yes,0
2022,2022-11-26,Poland,Saudi Arabia,Grzegorz Krychowiak,2,no,
2022,2022-11-26,Poland,Saudi Arabia,Jakub Kamiński,2,no,
2022,2022-11-26,Poland,Saudi Arabia,Jakub Piotr Kiwior,1,yes,0
2022,2022-11-26,Poland,Saudi Arabia,Krystian Bielik,4,no,
2022,2022-11-26,Poland,Saudi Arabia,Matty Cash,4,yes,1
2022,2022-11-26,Poland,Saudi Arabia,Piotr Zieliński,2,no,
2022,2022-11-26,Poland,Saudi Arabia,Robert Lewandowski,2,no,
2022,2022-11-26,Saudi Arabia,Poland,Abdulelah Al Amri,2,yes,0
2022,2022-11-26,Saudi Arabia,Poland,Abdulelah Saad Hameed Al-Malki,3,yes,1
2022,2022-11-26,Saudi Arabia,Poland,Firas Tariq Nasser Al Albirakan,1,no,
2022,2022-11-26,Saudi Arabia,Poland,Mohammed Kanoo,3,no,
2022,2022-11-26,Saudi Arabia,Poland,Nasser Al Dawsari,1,no,
2022,2022-11-26,Saudi Arabia,Poland,Nawaf Shaker Al Abid,1,no,
2022,2022-11-26,Saudi Arabia,Poland,Saleh Khalid Al Shehri,3,no,
2022,2022-11-26,Saudi Arabia,Poland,Saud Abdullah Abdul Hamid,1,no,
2022,2022-11-26,Saudi Arabia,Poland,Sultan Abdullah Salim Al Ghannam,1,no,
2022,2022-11-26,Tunisia,Australia,Ali Abdi,4,yes,2
2022,2022-11-26,Tunisia,Australia,Aïssa Bilal Laïdouni,1,yes,0
2022,2022-11-26,Tunisia,Australia,Dylan Daniel Mahmoud Bronn,1,no,
2022,2022-11-26,Tunisia,Australia,Ferjani Sassi,1,yes,0
2022,2022-11-26,Tunisia,Australia,Issam Jebali,2,no,
2022,2022-11-26,Tunisia,Australia,Mohamed Dräger,2,no,
2022,2022-11-26,Tunisia,Australia,Montassar Omar Talbi,3,no,
2022,2022-11-26,Tunisia,Australia,Taha Yassine Khenissi,1,no,
2022,2022-11-27,Belgium,Morocco,Amadou Onana,2,yes,1
2022,2022-11-27,Belgium,Morocco,Axel Witsel,1,no,
2022,2022-11-27,Belgium,Morocco,Michy Batshuayi Tunga,2,no,
2022,2022-11-27,Belgium,Morocco,Thomas Meunier,2,no,
2022,2022-11-27,Belgium,Morocco,Thorgan Hazard,2,no,
2022,2022-11-27,Belgium,Morocco,Timothy Castagne,1,no,
2022,2022-11-27,Canada,Croatia,Alphonso Davies,1,no,
2022,2022-11-27,Canada,Croatia,Kamal Miller,0,yes,0
2022,2022-11-27,Canada,Croatia,Lucas Daniel Cavallini,1,no,
2022,2022-11-27,Canada,Croatia,Richie Laryea,1,no,
2022,2022-11-27,Canada,Croatia,Steven de Sousa Vitoria,2,no,
2022,2022-11-27,Canada,Croatia,Tajon Buchanan,1,yes,0
2022,2022-11-27,Costa Rica,Japan,Anthony Daniel Contreras Enríquez,1,yes,0
2022,2022-11-27,Costa Rica,Japan,Bryan Oviedo,2,no,
2022,2022-11-27,Costa Rica,Japan,Celso Borges Mora,1,yes,0
2022,2022-11-27,Costa Rica,Japan,Francisco Javier Calvo Quesada,3,yes,2
2022,2022-11-27,Costa Rica,Japan,Gerson Torres Barrantes,2,no,
2022,2022-11-27,Costa Rica,Japan,Kendall Jamaal Waston Manley,1,no,
2022,2022-11-27,Costa Rica,Japan,Keysher Fuller Spence,2,no,
2022,2022-11-27,Costa Rica,Japan,Yeltsin Ignacio Tejeda Valverde,1,no,
2022,2022-11-27,Croatia,Canada,Borna Sosa,1,no,
2022,2022-11-27,Croatia,Canada,Dejan Lovren,2,yes,1
2022,2022-11-27,Croatia,Canada,Ivan Perišić,4,no,
2022,2022-11-27,Croatia,Canada,Joško Gvardiol,1,no,
2022,2022-11-27,Croatia,Canada,Lovro Majer,1,no,
2022,2022-11-27,Croatia,Canada,Luka Modrić,3,yes,3
2022,2022-11-27,Croatia,Canada,Marcelo Brozović,2,no,
2022,2022-11-27,Croatia,Canada,Marko Livaja,1,no,
2022,2022-11-27,Germany,Spain,David Raum,2,no,
2022,2022-11-27,Germany,Spain,Joshua Kimmich,2,yes,1
2022,2022-11-27,Germany,Spain,Leon Goretzka,4,yes,2
2022,2022-11-27,Germany,Spain,Nico Schlotterbeck,1,no,
2022,2022-11-27,Germany,Spain,Serge Gnabry,2,no,
2022,2022-11-27,Germany,Spain,Thilo Kehrer,4,yes,1
2022,2022-11-27,Japan,Costa Rica,Ayase Ueda,1,no,
2022,2022-11-27,Japan,Costa Rica,Daichi Kamada,1,no,
2022,2022-11-27,Japan,Costa Rica,Hidemasa Morita,1,no,
2022,2022-11-27,Japan,Costa Rica,Hiroki Ito,3,no,
2022,2022-11-27,Japan,Costa Rica,Junya Ito,1,no,
2022,2022-11-27,Japan,Costa Rica,Kaoru Mitoma,1,no,
2022,2022-11-27,Japan,Costa Rica,Ko Itakura,1,yes,0
2022,2022-11-27,Japan,Costa Rica,Miki Yamane,3,yes,2
2022,2022-11-27,Japan,Costa Rica,Ritsu Doan,2,no,
2022,2022-11-27,Japan,Costa Rica,Takuma Asano,1,no,
2022,2022-11-27,Japan,Costa Rica,Wataru Endo,3,yes,2
2022,2022-11-27,Japan,Costa Rica,Yuki Soma,2,no,
2022,2022-11-27,Japan,Costa Rica,Yuto Nagatomo,4,no,
2022,2022-11-27,Morocco,Belgium,Abdelhamid Sabiri,2,yes,1
2022,2022-11-27,Morocco,Belgium,Abderrazak Hamdallah,1,no,
2022,2022-11-27,Morocco,Belgium,Hakim Ziyech,2,no,
2022,2022-11-27,Morocco,Belgium,Jawad El Yamiq,1,no,
2022,2022-11-27,Morocco,Belgium,Nayef Aguerd,1,no,
2022,2022-11-27,Morocco,Belgium,Noussair Mazraoui,1,no,
2022,2022-11-27,Morocco,Belgium,Romain Saïss,2,no,
2022,2022-11-27,Morocco,Belgium,Selim Amallah,3,no,
2022,2022-11-27,Morocco,Belgium,Sofyan Amrabat,3,no,
2022,2022-11-27,Spain,Germany,Daniel Olmo Carvajal,2,no,
2022,2022-11-27,Spain,Germany,Ferrán Torres García,1,no,
2022,2022-11-27,Spain,Germany,Jordi Alba Ramos,1,no,
2022,2022-11-27,Spain,Germany,Marco Asensio Willemsen,2,no,
2022,2022-11-27,Spain,Germany,Pablo Martín Páez Gavira,4,no,
2022,2022-11-27,Spain,Germany,Rodrigo Hernández Cascante,2,no,
2022,2022-11-27,Spain,Germany,Sergio Busquets i Burgos,2,yes,0
2022,2022-11-28,Brazil,Switzerland,Alex Sandro Lobo Silva,1,no,
2022,2022-11-28,Brazil,Switzerland,Carlos Henrique Casimiro,3,no,
2022,2022-11-28,Brazil,Switzerland,Frederico Rodrigues Santos,1,yes,0
2022,2022-11-28,Brazil,Switzerland,Thiago Emiliano da Silva,2,no,
2022,2022-11-28,Brazil,Switzerland,Éder Gabriel Militão,3,no,
2022,2022-11-28,Cameroon,Serbia,André-Frank Zambo Anguissa,1,no,
2022,2022-11-28,Cameroon,Serbia,Christian Mougang Bassogog,0,yes,0
2022,2022-11-28,Cameroon,Serbia,Gaël Ondoua,1,no,
2022,2022-11-28,Cameroon,Serbia,Jean-Charles Castelletto,1,no,
2022,2022-11-28,Cameroon,Serbia,Martin Hongla Yma II,1,no,
2022,2022-11-28,Cameroon,Serbia,Ngoran Suiru Fai Collins,2,no,
2022,2022-11-28,Cameroon,Serbia,Nicolas Alexis Julio N'Koulou Ndoubena,1,yes,0
2022,2022-11-28,Cameroon,Serbia,Pierre Kunde Malong,1,no,
2022,2022-11-28,Cameroon,Serbia,Vincent Paté Aboubakar,1,no,
2022,2022-11-28,Ghana,South Korea,Abdul Rahman Baba,1,no,
2022,2022-11-28,Ghana,South Korea,Daniel Amartey,1,yes,0
2022,2022-11-28,Ghana,South Korea,Iñaki Williams Arthuer,3,no,
2022,2022-11-28,Ghana,South Korea,Kamaldeen Sulemana,1,no,
2022,2022-11-28,Ghana,South Korea,Mohamed Salisu,1,no,
2022,2022-11-28,Ghana,South Korea,Salis Abdul Samed,1,no,
2022,2022-11-28,Ghana,South Korea,Tariq Lamptey,2,yes,1
2022,2022-11-28,Portugal,Uruguay,Bernardo Mota Veiga de Carvalho e Silva,1,no,
2022,2022-11-28,Portugal,Uruguay,Bruno Miguel Borges Fernandes,1,no,
2022,2022-11-28,Portugal,Uruguay,Gonçalo Matias Ramos,1,no,
2022,2022-11-28,Portugal,Uruguay,João Félix Sequeira,4,yes,3
2022,2022-11-28,Portugal,Uruguay,João Maria Lobo Alves Palhinha Gonçalves,1,no,
2022,2022-11-28,Portugal,Uruguay,João Pedro Cavaco Cancelo,1,no,
2022,2022-11-28,Portugal,Uruguay,Rafael Alexandre Conceição Leão,1,no,
2022,2022-11-28,Portugal,Uruguay,Rúben Diogo Da Silva Neves,1,yes,0
2022,2022-11-28,Portugal,Uruguay,Rúben Santos Gato Alves Dias,0,yes,0
2022,2022-11-28,Serbia,Cameroon,Andrija Živković,1,no,
2022,2022-11-28,Serbia,Cameroon,Dušan Tadić,6,no,
2022,2022-11-28,Serbia,Cameroon,Filip Kostić,2,no,
2022,2022-11-28,Serbia,Cameroon,Luka Jović,0,yes,0
2022,2022-11-28,Serbia,Cameroon,Marko Grujić,1,no,
2022,2022-11-28,Serbia,Cameroon,Nikola Milenković,4,yes,3
2022,2022-11-28,Serbia,Cameroon,Strahinja Pavlović,2,no,
2022,2022-11-28,South Korea,Ghana,Gue-Sung Cho,3,no,
2022,2022-11-28,South Korea,Ghana,In-Beom Hwang,3,no,
2022,2022-11-28,South Korea,Ghana,Jin-Su Kim,1,no,
2022,2022-11-28,South Korea,Ghana,Kang-In Lee,1,no,
2022,2022-11-28,South Korea,Ghana,Moon-Hwan Kim,1,no,
2022,2022-11-28,South Korea,Ghana,Woo-Yeong Jeong,1,no,
2022,2022-11-28,South Korea,Ghana,Woo-Young Jung,4,yes,2
2022,2022-11-28,South Korea,Ghana,Young-Gwon Kim,1,yes,0
2022,2022-11-28,Switzerland,Brazil,Fabian Rieder,4,yes,3
2022,2022-11-28,Switzerland,Brazil,Granit Xhaka,2,no,
2022,2022-11-28,Switzerland,Brazil,Manuel Obafemi Akanji,2,no,
2022,2022-11-28,Switzerland,Brazil,Michel Aebischer,1,no,
2022,2022-11-28,Switzerland,Brazil,Nico Elvedi,2,no,
2022,2022-11-28,Switzerland,Brazil,Remo Freuler,1,no,
2022,2022-11-28,Switzerland,Brazil,Ricardo Iván Rodríguez Araya,1,no,
2022,2022-11-28,Switzerland,Brazil,Ruben Vargas,2,no,
2022,2022-11-28,Switzerland,Brazil,Silvan Widmer,3,no,
2022,2022-11-28,Uruguay,Portugal,Darwin Gabriel Núñez Ribeiro,1,no,
2022,2022-11-28,Uruguay,Portugal,Federico Santiago Valverde Dipetta,3,no,
2022,2022-11-28,Uruguay,Portugal,José María Giménez de Vargas,4,no,
2022,2022-11-28,Uruguay,Portugal,Mathías Olivera Miramontes,1,yes,1
2022,2022-11-28,Uruguay,Portugal,Matías Vecino Falero,3,no,
2022,2022-11-28,Uruguay,Portugal,Maximiliano Gómez González,1,no,
2022,2022-11-28,Uruguay,Portugal,Rodrigo Bentancur Colmán,2,yes,0
2022,2022-11-28,Uruguay,Portugal,Sebastián Coates Nión,1,no,
2022,2022-11-29,Ecuador,Senegal,Angelo Smit Preciado Quiñónez,6,no,
2022,2022-11-29,Ecuador,Senegal,Djorkaeff Neicer Reasco González,1,no,
2022,2022-11-29,Ecuador,Senegal,Enner Remberto Valencia Lastra,1,no,
2022,2022-11-29,Ecuador,Senegal,Felix Eduardo Torres Caicedo,1,no,
2022,2022-11-29,Ecuador,Senegal,Gonzalo Jordy Plata Jiménez,3,no,
2022,2022-11-29,Ecuador,Senegal,Jackson Gabriel Porozo Vernaza,1,no,
2022,2022-11-29,Ecuador,Senegal,Jeremy Leonel Sarmiento Morante,2,no,
2022,2022-11-29,Ecuador,Senegal,José Adoni Cifuentes Charcopa,1,no,
2022,2022-11-29,Ecuador,Senegal,Michael Steveen Estrada Martínez,3,no,
2022,2022-11-29,Ecuador,Senegal,Pervis Josué Estupiñán Tenorio,2,no,
2022,2022-11-29,Ecuador,Senegal,Piero Martín Hincapié Reyna,2,no,
2022,2022-11-29,England,Wales,Declan Rice,1,no,
2022,2022-11-29,England,Wales,Harry Maguire,2,no,
2022,2022-11-29,England,Wales,Jordan Brian Henderson,3,no,
2022,2022-11-29,England,Wales,Kalvin Phillips,1,no,
2022,2022-11-29,England,Wales,Kyle Walker,1,no,
2022,2022-11-29,England,Wales,Phil Foden,2,no,
2022,2022-11-29,England,Wales,Trent Alexander-Arnold,1,no,
2022,2022-11-29,Iran,United States,Abolfazl Jalali,1,yes,0
2022,2022-11-29,Iran,United States,Ali Gholizadeh,1,no,
2022,2022-11-29,Iran,United States,Ali Karimi,3,no,
2022,2022-11-29,Iran,United States,Ehsan Hajsafi,1,no,
2022,2022-11-29,Iran,United States,Mehdi Taremi,3,no,
2022,2022-11-29,Iran,United States,Mohammad Hossein Kanani Zadegan,0,yes,0
2022,2022-11-29,Iran,United States,Morteza Pouraliganji,1,no,
2022,2022-11-29,Iran,United States,Ramin Rezaeian,4,no,
2022,2022-11-29,Iran,United States,Saeid Ezatolahi Afagh,1,no,
2022,2022-11-29,Iran,United States,Saman Ghoddos,2,no,
2022,2022-11-29,Iran,United States,Sardar Azmoun,2,no,
2022,2022-11-29,Iran,United States,Seyed Majid Hosseini,2,yes,1
2022,2022-11-29,Netherlands,Qatar,Cody Mathès Gakpo,1,no,
2022,2022-11-29,Netherlands,Qatar,Daley Blind,2,no,
2022,2022-11-29,Netherlands,Qatar,Davy Klaassen,1,no,
2022,2022-11-29,Netherlands,Qatar,Denzel Dumfries,4,no,
2022,2022-11-29,Netherlands,Qatar,Jurriën David Norman Timber,2,no,
2022,2022-11-29,Netherlands,Qatar,Marten de Roon,1,no,
2022,2022-11-29,Netherlands,Qatar,Memphis Depay,2,no,
2022,2022-11-29,Netherlands,Qatar,Nathan Aké,1,yes,0
2022,2022-11-29,Netherlands,Qatar,Teun Koopmeiners,2,no,
2022,2022-11-29,Netherlands,Qatar,Vincent Janssen,1,no,
2022,2022-11-29,Netherlands,Qatar,Wout Weghorst,2,no,
2022,2022-11-29,Qatar,Netherlands,Abdelkarim Hassan Al Haj Fadlalla,1,no,
2022,2022-11-29,Qatar,Netherlands,Abdulaziz Hatem Mohammed Abdullah,1,no,
2022,2022-11-29,Qatar,Netherlands,Assim Omer Al Haj Madibo,1,no,
2022,2022-11-29,Qatar,Netherlands,Hassan Khalid Al Heidos,2,no,
2022,2022-11-29,Qatar,Netherlands,Homam Alamin Ahmed,2,no,
2022,2022-11-29,Qatar,Netherlands,Mohammed Muntari,1,no,
2022,2022-11-29,Senegal,Ecuador,Boulaye Dia,2,no,
2022,2022-11-29,Senegal,Ecuador,Cheikh Ahmadou Bamba Mbacke Dieng,1,no,
2022,2022-11-29,Senegal,Ecuador,Idrissa Gana Gueye,2,yes,1
2022,2022-11-29,Senegal,Ecuador,Ismaïla Sarr,2,no,
2022,2022-11-29,Senegal,Ecuador,Nampalys Mendy,1,no,
2022,2022-11-29,Senegal,Ecuador,Pathé Ismaël Ciss,2,no,
2022,2022-11-29,United States,Iran,Antonee Robinson,1,no,
2022,2022-11-29,United States,Iran,Haji Wright,1,no,
2022,2022-11-29,United States,Iran,Joshua Sargent,2,no,
2022,2022-11-29,United States,Iran,Timothy Weah,1,no,
2022,2022-11-29,United States,Iran,Tyler Adams,2,yes,0
2022,2022-11-29,United States,Iran,Weston McKennie,2,no,
2022,2022-11-29,United States,Iran,Yunus Dimoara Musah,4,no,
2022,2022-11-29,Wales,England,Aaron Ramsey,3,yes,2
2022,2022-11-29,Wales,England,Ben Davies,1,no,
2022,2022-11-29,Wales,England,Brennan Johnson,2,no,
2022,2022-11-29,Wales,England,Chris Mepham,3,no,
2022,2022-11-29,Wales,England,Daniel James,1,yes,0
2022,2022-11-29,Wales,England,Ethan Ampadu,2,no,
2022,2022-11-29,Wales,England,Joe Allen,1,no,
2022,2022-11-29,Wales,England,Joe Rodon,1,no,
2022,2022-11-29,Wales,England,Joseff Morrell,1,no,
2022,2022-11-29,Wales,England,Kieffer Roberto Francisco Moore,2,no,
2022,2022-11-29,Wales,England,Neco Williams,2,no,
2022,2022-11-30,Argentina,Poland,Cristian Gabriel Romero,3,no,
2022,2022-11-30,Argentina,Poland,Leandro Daniel Paredes,1,no,
2022,2022-11-30,Argentina,Poland,Marcos Javier Acuña,2,yes,1
2022,2022-11-30,Argentina,Poland,Nahuel Molina Lucero,1,no,
2022,2022-11-30,Argentina,Poland,Nicolás Hernán Otamendi,2,no,
2022,2022-11-30,Argentina,Poland,Rodrigo Javier De Paul,3,no,
2022,2022-11-30,Australia,Denmark,Aziz Eraltay Behich,1,yes,0
2022,2022-11-30,Australia,Denmark,Jamie MacLaren,1,no,
2022,2022-11-30,Australia,Denmark,Mathew Leckie,3,no,
2022,2022-11-30,Australia,Denmark,Miloš Degenek,1,yes,0
2022,2022-11-30,Australia,Denmark,Mitchell Thomas Duke,3,no,
2022,2022-11-30,Australia,Denmark,Riley McGree,3,no,
2022,2022-11-30,Denmark,Australia,Andreas Christensen,1,no,
2022,2022-11-30,Denmark,Australia,Andreas Evald Cornelius,1,no,
2022,2022-11-30,Denmark,Australia,Andreas Skov Olsen,2,no,
2022,2022-11-30,Denmark,Australia,Christian Dannemann Eriksen,1,no,
2022,2022-11-30,Denmark,Australia,Jesper Lindstrøm,3,no,
2022,2022-11-30,Denmark,Australia,Mikkel Damsgaard,1,no,
2022,2022-11-30,Denmark,Australia,Robert Skov,1,yes,0
2022,2022-11-30,France,Tunisia,Aurélien Djani Tchouaméni,2,no,
2022,2022-11-30,France,Tunisia,Eduardo Camavinga,1,no,
2022,2022-11-30,France,Tunisia,Jordan Veretout,2,no,
2022,2022-11-30,France,Tunisia,Randal Kolo Muani,2,no,
2022,2022-11-30,France,Tunisia,Youssouf Fofana,1,no,
2022,2022-11-30,Mexico,Saudi Arabia,César Jasib Montes Castro,2,no,
2022,2022-11-30,Mexico,Saudi Arabia,Edson Omar Álvarez Velázquez,3,yes,1
2022,2022-11-30,Mexico,Saudi Arabia,Henry Josué Martín Mex,2,no,
2022,2022-11-30,Mexico,Saudi Arabia,Hirving Rodrigo Lozano Bahena,1,no,
2022,2022-11-30,Mexico,Saudi Arabia,Héctor Alfredo Moreno Herrera,1,no,
2022,2022-11-30,Mexico,Saudi Arabia,Jesús Daniel Gallardo Vasconcelos,1,no,
2022,2022-11-30,Mexico,Saudi Arabia,Jorge Eduardo Sánchez Ramos,2,no,
2022,2022-11-30,Mexico,Saudi Arabia,Luis Gerardo Chávez Magallón,1,no,
2022,2022-11-30,Mexico,Saudi Arabia,Orbelín Pineda Alvarado,2,no,
2022,2022-11-30,Mexico,Saudi Arabia,Raúl Alonso Jiménez Rodríguez,1,no,
2022,2022-11-30,Mexico,Saudi Arabia,Rogelio Gabriel Funes Mori,2,no,
2022,2022-11-30,Poland,Argentina,Bartosz Bereszyński,1,no,
2022,2022-11-30,Poland,Argentina,Damian Szymański,1,no,
2022,2022-11-30,Poland,Argentina,Grzegorz Krychowiak,2,yes,1
2022,2022-11-30,Poland,Argentina,Krystian Bielik,2,no,
2022,2022-11-30,Poland,Argentina,Michał Skóraś,1,no,
2022,2022-11-30,Poland,Argentina,Robert Lewandowski,1,no,
2022,2022-11-30,Poland,Argentina,Wojciech Szczęsny,1,no,
2022,2022-11-30,Saudi Arabia,Mexico,Abdulelah Al Amri,2,yes,1
2022,2022-11-30,Saudi Arabia,Mexico,Abdullah Mohammed Madu,1,yes,0
2022,2022-11-30,Saudi Arabia,Mexico,Ali Al Hassan,2,yes,1
2022,2022-11-30,Saudi Arabia,Mexico,Hassan Mohammed Al-Tambakti,2,yes,0
2022,2022-11-30,Saudi Arabia,Mexico,Hattan Babhir,2,yes,1
2022,2022-11-30,Saudi Arabia,Mexico,Mohammed Kanoo,2,no,
2022,2022-11-30,Saudi Arabia,Mexico,Riyadh Sharahili,5,no,
2022,2022-11-30,Saudi Arabia,Mexico,Saleh Khalid Al Shehri,2,yes,1
2022,2022-11-30,Saudi Arabia,Mexico,Salem Mohammed Al Dawsari,2,no,
2022,2022-11-30,Saudi Arabia,Mexico,Sultan Abdullah Salim Al Ghannam,1,no,
2022,2022-11-30,Tunisia,France,Anis Ben Slimane,1,no,
2022,2022-11-30,Tunisia,France,Aïssa Bilal Laïdouni,3,no,
2022,2022-11-30,Tunisia,France,Ellyes Joris Skhiri,3,no,
2022,2022-11-30,Tunisia,France,Ghilane Chalali,1,no,
2022,2022-11-30,Tunisia,France,Issam Jebali,3,no,
2022,2022-11-30,Tunisia,France,Mohamed Ali Ben Romdhane,1,no,
2022,2022-11-30,Tunisia,France,Wahbi Khazri,1,no,
2022,2022-11-30,Tunisia,France,Wajdi Kechrida,2,yes,0
2022,2022-11-30,Tunisia,France,Yassine Meriah,1,no,
2022,2022-12-01,Belgium,Croatia,Axel Witsel,4,no,
2022,2022-12-01,Belgium,Croatia,Leander Dendoncker,2,yes,1
2022,2022-12-01,Belgium,Croatia,Romelu Lukaku Menama,1,no,
2022,2022-12-01,Belgium,Croatia,Timothy Castagne,1,no,
2022,2022-12-01,Belgium,Croatia,Youri Tielemans,2,no,
2022,2022-12-01,Canada,Morocco,Alistair Johnston,2,no,
2022,2022-12-01,Canada,Morocco,Cyle Larin,2,no,
2022,2022-12-01,Canada,Morocco,David Junior Hoilett,1,yes,0
2022,2022-12-01,Canada,Morocco,Jonathan Osorio,2,yes,1
2022,2022-12-01,Canada,Morocco,Mark Anthony Kaye,1,no,
2022,2022-12-01,Canada,Morocco,Sam Adekugbe,1,yes,0
2022,2022-12-01,Canada,Morocco,Steven de Sousa Vitoria,4,yes,3
2022,2022-12-01,Canada,Morocco,Tajon Buchanan,3,no,
2022,2022-12-01,Costa Rica,Germany,Joel Nathaniel Campbell Samuels,1,no,
2022,2022-12-01,Costa Rica,Germany,Johan Alberto Venegas Ulloa,1,no,
2022,2022-12-01,Costa Rica,Germany,Ronald Alberto Matarrita Ulate,1,no,
2022,2022-12-01,Costa Rica,Germany,Óscar Esau Duarte Gaitán,1,yes,0
2022,2022-12-01,Croatia,Belgium,Ivan Perišić,1,no,
2022,2022-12-01,Croatia,Belgium,Joško Gvardiol,2,no,
2022,2022-12-01,Croatia,Belgium,Luka Modrić,1,no,
2022,2022-12-01,Croatia,Belgium,Marcelo Brozović,2,no,
2022,2022-12-01,Croatia,Belgium,Mario Pašalić,1,no,
2022,2022-12-01,Croatia,Belgium,Marko Livaja,4,no,
2022,2022-12-01,Germany,Costa Rica,David Raum,2,no,
2022,2022-12-01,Germany,Costa Rica,Jamal Musiala,1,no,
2022,2022-12-01,Germany,Costa Rica,Joshua Kimmich,1,no,
2022,2022-12-01,Germany,Costa Rica,Kai Havertz,2,no,
2022,2022-12-01,Germany,Costa Rica,Lukas Klostermann,1,no,
2022,2022-12-01,Germany,Costa Rica,İlkay Gündoğan,2,no,
2022,2022-12-01,Japan,Spain,Daichi Kamada,1,no,
2022,2022-12-01,Japan,Spain,Daizen Maeda,1,no,
2022,2022-12-01,Japan,Spain,Hidemasa Morita,1,no,
2022,2022-12-01,Japan,Spain,Kaoru Mitoma,2,no,
2022,2022-12-01,Japan,Spain,Ko Itakura,1,yes,0
2022,2022-12-01,Japan,Spain,Maya Yoshida,1,yes,0
2022,2022-12-01,Japan,Spain,Ritsu Doan,1,no,
2022,2022-12-01,Japan,Spain,Shogo Taniguchi,3,yes,2
2022,2022-12-01,Morocco,Canada,Abderrazak Hamdallah,3,no,
2022,2022-12-01,Morocco,Canada,Azzedine Ounahi,1,no,
2022,2022-12-01,Morocco,Canada,Hakim Ziyech,1,no,
2022,2022-12-01,Morocco,Canada,Sofiane Boufal,5,no,
2022,2022-12-01,Morocco,Canada,Sofyan Amrabat,3,no,
2022,2022-12-01,Morocco,Canada,Youssef En-Nesyri,1,no,
2022,2022-12-01,Morocco,Canada,Zakaria Aboukhlal,1,no,
2022,2022-12-01,Spain,Japan,Alejandro Balde Martínez,2,no,
2022,2022-12-01,Spain,Japan,Daniel Olmo Carvajal,1,no,
2022,2022-12-01,Spain,Japan,Pau Francisco Torres,1,no,
2022,2022-12-01,Spain,Japan,Pedro González López,1,no,
2022,2022-12-01,Spain,Japan,Rodrigo Hernández Cascante,2,no,
2022,2022-12-01,Spain,Japan,Sergio Busquets i Burgos,1,no,
2022,2022-12-02,Brazil,Cameroon,Alex Nicolao Telles,1,no,
2022,2022-12-02,Brazil,Cameroon,Bruno Guimarães Rodriguez Moura,2,yes,1
2022,2022-12-02,Brazil,Cameroon,Daniel Alves da Silva,5,no,
2022,2022-12-02,Brazil,Cameroon,Frederico Rodrigues Santos,1,no,
2022,2022-12-02,Brazil,Cameroon,Fábio Henrique Tavares,2,no,
2022,2022-12-02,Brazil,Cameroon,Gabriel Teodoro Martinelli Silva,1,no,
2022,2022-12-02,Brazil,Cameroon,Gleison Bremer Silva Nascimento,1,no,
2022,2022-12-02,Brazil,Cameroon,Éder Gabriel Militão,2,yes,0
2022,2022-12-02,Cameroon,Brazil,André-Frank Zambo Anguissa,3,no,
2022,2022-12-02,Cameroon,Brazil,Bryan Mbeumo,1,no,
2022,2022-12-02,Cameroon,Brazil,Christopher Wooh,2,no,
2022,2022-12-02,Cameroon,Brazil,Enzo Ebosse,1,no,
2022,2022-12-02,Cameroon,Brazil,Ngoran Suiru Fai Collins,2,yes,0
2022,2022-12-02,Cameroon,Brazil,Nicolas Moumi Ngamaleu,2,no,
2022,2022-12-02,Cameroon,Brazil,Nouhou Tolo,1,yes,0
2022,2022-12-02,Cameroon,Brazil,Pierre Kunde Malong,3,yes,2
2022,2022-12-02,Cameroon,Brazil,Vincent Paté Aboubakar,2,yes,1
2022,2022-12-02,Ghana,Uruguay,Abdul Rahman Baba,4,no,
2022,2022-12-02,Ghana,Uruguay,Alidu Seidu,2,yes,1
2022,2022-12-02,Ghana,Uruguay,Antoine Semenyo,2,no,
2022,2022-12-02,Ghana,Uruguay,Daniel Amartey,1,no,
2022,2022-12-02,Ghana,Uruguay,Jordan Ayew,2,no,
2022,2022-12-02,Ghana,Uruguay,Kamaldeen Sulemana,1,yes,0
2022,2022-12-02,Ghana,Uruguay,Mohamed Salisu,2,no,
2022,2022-12-02,Ghana,Uruguay,Mohammed Kudus,2,no,
2022,2022-12-02,Ghana,Uruguay,Salis Abdul Samed,3,no,
2022,2022-12-02,Ghana,Uruguay,Thomas Teye Partey,2,no,
2022,2022-12-02,Portugal,South Korea,António João Pereira Albuquerque Tavares Silva,2,no,
2022,2022-12-02,Portugal,South Korea,José Diogo Dalot Teixeira,1,no,
2022,2022-12-02,Portugal,South Korea,João Maria Lobo Alves Palhinha Gonçalves,1,no,
2022,2022-12-02,Portugal,South Korea,João Pedro Cavaco Cancelo,1,no,
2022,2022-12-02,Portugal,South Korea,Matheus Luiz Nunes,2,no,
2022,2022-12-02,Portugal,South Korea,Rafael Alexandre Conceição Leão,1,no,
2022,2022-12-02,Portugal,South Korea,Ricardo Jorge Luz Horta,1,no,
2022,2022-12-02,Portugal,South Korea,William Silva de Carvalho,1,no,
2022,2022-12-02,Serbia,Switzerland,Aleksandar Mitrović,1,yes,1
2022,2022-12-02,Serbia,Switzerland,Filip Kostić,2,no,
2022,2022-12-02,Serbia,Switzerland,Luka Jović,1,no,
2022,2022-12-02,Serbia,Switzerland,Milos Veljkovic,1,no,
2022,2022-12-02,Serbia,Switzerland,Nemanja Gudelj,2,yes,1
2022,2022-12-02,Serbia,Switzerland,Nikola Milenković,2,yes,1
2022,2022-12-02,Serbia,Switzerland,Predrag Rajković,0,yes,0
2022,2022-12-02,Serbia,Switzerland,Saša Lukić,7,yes,6
2022,2022-12-02,Serbia,Switzerland,Sergej Milinković-Savić,2,yes,0
2022,2022-12-02,Serbia,Switzerland,Strahinja Pavlović,3,yes,1
2022,2022-12-02,South Korea,Portugal,Gue-Sung Cho,1,no,
2022,2022-12-02,South Korea,Portugal,Hee-Chan Hwang,0,yes,0
2022,2022-12-02,South Korea,Portugal,In-Beom Hwang,1,no,
2022,2022-12-02,South Korea,Portugal,Jae-Sung Lee,2,no,
2022,2022-12-02,South Korea,Portugal,Jun-Ho Son,2,no,
2022,2022-12-02,South Korea,Portugal,Kang-In Lee,1,yes,0
2022,2022-12-02,South Korea,Portugal,Woo-Young Jung,2,no,
2022,2022-12-02,Switzerland,Serbia,Breel-Donald Embolo,2,no,
2022,2022-12-02,Switzerland,Serbia,Edimilson Fernandes,1,no,
2022,2022-12-02,Switzerland,Serbia,Fabian Lukas Schär,1,yes,0
2022,2022-12-02,Switzerland,Serbia,Granit Xhaka,3,yes,3
2022,2022-12-02,Switzerland,Serbia,Manuel Obafemi Akanji,1,no,
2022,2022-12-02,Switzerland,Serbia,Noah Okafor,1,no,
2022,2022-12-02,Switzerland,Serbia,Remo Freuler,1,no,
2022,2022-12-02,Switzerland,Serbia,Ricardo Iván Rodríguez Araya,1,no,
2022,2022-12-02,Switzerland,Serbia,Ruben Vargas,1,yes,0
2022,2022-12-02,Switzerland,Serbia,Silvan Widmer,1,yes,0
2022,2022-12-02,Switzerland,Serbia,Xherdan Shaqiri,1,no,
2022,2022-12-02,Uruguay,Ghana,Darwin Gabriel Núñez Ribeiro,0,yes,0
2022,2022-12-02,Uruguay,Ghana,Edinson Roberto Cavani Gómez,0,yes,0
2022,2022-12-02,Uruguay,Ghana,Federico Santiago Valverde Dipetta,3,no,
2022,2022-12-02,Uruguay,Ghana,Guillermo Varela Olivera,2,no,
2022,2022-12-02,Uruguay,Ghana,José María Giménez de Vargas,0,yes,0
2022,2022-12-02,Uruguay,Ghana,Luis Alberto Suárez Díaz,0,yes,0
2022,2022-12-02,Uruguay,Ghana,Mathías Olivera Miramontes,1,no,
2022,2022-12-02,Uruguay,Ghana,Rodrigo Bentancur Colmán,3,no,
2022,2022-12-02,Uruguay,Ghana,Sebastián Coates Nión,1,yes,0
2022,2022-12-02,Uruguay,Ghana,Sergio Rochet Álvarez,1,no,
2022,2022-12-03,Argentina,Australia,Cristian Gabriel Romero,1,no,
2022,2022-12-03,Argentina,Australia,Enzo Fernandez,1,no,
2022,2022-12-03,Argentina,Australia,Julián Álvarez,2,no,
2022,2022-12-03,Argentina,Australia,Lautaro Javier Martínez,1,no,
2022,2022-12-03,Argentina,Australia,Marcos Javier Acuña,3,no,
2022,2022-12-03,Argentina,Australia,Nicolás Hernán Otamendi,1,no,
2022,2022-12-03,Australia,Argentina,Aaron Mooy,2,no,
2022,2022-12-03,Australia,Argentina,Aziz Eraltay Behich,1,no,
2022,2022-12-03,Australia,Argentina,Fran Karačić,1,no,
2022,2022-12-03,Australia,Argentina,Harry Souttar,1,no,
2022,2022-12-03,Australia,Argentina,Jackson Irvine,2,yes,0
2022,2022-12-03,Australia,Argentina,Keanu Baccus,5,no,
2022,2022-12-03,Australia,Argentina,Mathew Leckie,2,no,
2022,2022-12-03,Australia,Argentina,Miloš Degenek,1,yes,0
2022,2022-12-03,Australia,Argentina,Mitchell Thomas Duke,2,no,
2022,2022-12-03,Australia,Argentina,Riley McGree,1,no,
2022,2022-12-03,Netherlands,United States,Cody Mathès Gakpo,1,no,
2022,2022-12-03,Netherlands,United States,Denzel Dumfries,1,no,
2022,2022-12-03,Netherlands,United States,Frenkie de Jong,2,yes,1
2022,2022-12-03,Netherlands,United States,Jurriën David Norman Timber,3,no,
2022,2022-12-03,Netherlands,United States,Steven Bergwijn,1,no,
2022,2022-12-03,Netherlands,United States,Teun Koopmeiners,1,yes,0
2022,2022-12-03,Netherlands,United States,Virgil van Dijk,2,no,
2022,2022-12-03,United States,Netherlands,Brenden Aaronson,2,no,
2022,2022-12-03,United States,Netherlands,DeAndre Yedlin,2,no,
2022,2022-12-03,United States,Netherlands,Walker Zimmerman,1,no,
2022,2022-12-04,England,Senegal,Bukayo Saka,1,no,
2022,2022-12-04,England,Senegal,Declan Rice,2,no,
2022,2022-12-04,England,Senegal,Eric Dier,1,no,
2022,2022-12-04,England,Senegal,Harry Kane,1,no,
2022,2022-12-04,England,Senegal,Harry Maguire,1,no,
2022,2022-12-04,England,Senegal,John Stones,1,no,
2022,2022-12-04,England,Senegal,Jude Bellingham,2,no,
2022,2022-12-04,England,Senegal,Kyle Walker,2,no,
2022,2022-12-04,England,Senegal,Luke Shaw,3,no,
2022,2022-12-04,England,Senegal,Mason Mount,2,no,
2022,2022-12-04,France,Poland,Adrien Rabiot,1,no,
2022,2022-12-04,France,Poland,Aurélien Djani Tchouaméni,1,yes,0
2022,2022-12-04,France,Poland,Dayotchanculle Upamecano,3,no,
2022,2022-12-04,France,Poland,Kylian Mbappé Lottin,1,no,
2022,2022-12-04,France,Poland,Olivier Giroud,1,no,
2022,2022-12-04,France,Poland,Ousmane Dembélé,1,no,
2022,2022-12-04,France,Poland,Raphaël Varane,1,no,
2022,2022-12-04,France,Poland,Theo Bernard François Hernández,1,no,
2022,2022-12-04,France,Poland,Youssouf Fofana,1,no,
2022,2022-12-04,Poland,France,Bartosz Bereszyński,2,yes,1
2022,2022-12-04,Poland,France,Grzegorz Krychowiak,2,no,
2022,2022-12-04,Poland,France,Kamil Glik,1,no,
2022,2022-12-04,Poland,France,Matty Cash,1,yes,0
2022,2022-12-04,Poland,France,Nicola Zalewski,1,no,
2022,2022-12-04,Poland,France,Przemysław Frankowski,1,no,
2022,2022-12-04,Poland,France,Robert Lewandowski,2,no,
2022,2022-12-04,Senegal,England,Abdou Diallo,2,no,
2022,2022-12-04,Senegal,England,Cheikh Ahmadou Bamba Mbacke Dieng,2,no,
2022,2022-12-04,Senegal,England,Kalidou Koulibaly,1,yes,0
2022,2022-12-04,Senegal,England,Krépin Diatta,3,no,
2022,2022-12-04,Senegal,England,Nampalys Mendy,1,no,
2022,2022-12-04,Senegal,England,Pape Gueye,3,no,
2022,2022-12-04,Senegal,England,Pathé Ismaël Ciss,1,no,
2022,2022-12-05,Brazil,South Korea,Carlos Henrique Casimiro,2,no,
2022,2022-12-05,Brazil,South Korea,Danilo Luiz da Silva,1,no,
2022,2022-12-05,Brazil,South Korea,Gleison Bremer Silva Nascimento,1,no,
2022,2022-12-05,Brazil,South Korea,Raphael Dias Belloli,1,no,
2022,2022-12-05,Brazil,South Korea,Richarlison de Andrade,3,no,
2022,2022-12-05,Croatia,Japan,Ante Budimir,3,no,
2022,2022-12-05,Croatia,Japan,Borna Barišić,5,yes,4
2022,2022-12-05,Croatia,Japan,Dejan Lovren,1,no,
2022,2022-12-05,Croatia,Japan,Ivan Perišić,2,no,
2022,2022-12-05,Croatia,Japan,Joško Gvardiol,1,no,
2022,2022-12-05,Croatia,Japan,Luka Modrić,2,no,
2022,2022-12-05,Croatia,Japan,Marcelo Brozović,1,no,
2022,2022-12-05,Croatia,Japan,Mateo Kovačić,1,yes,0
2022,2022-12-05,Japan,Croatia,Ao Tanaka,1,no,
2022,2022-12-05,Japan,Croatia,Hidemasa Morita,2,no,
2022,2022-12-05,Japan,Croatia,Hiroki Sakai,2,no,
2022,2022-12-05,Japan,Croatia,Maya Yoshida,2,no,
2022,2022-12-05,Japan,Croatia,Ritsu Doan,1,no,
2022,2022-12-05,Japan,Croatia,Takehiro Tomiyasu,1,no,
2022,2022-12-05,Japan,Croatia,Takuma Asano,1,no,
2022,2022-12-05,Japan,Croatia,Wataru Endo,1,no,
2022,2022-12-05,Japan,Croatia,Yuto Nagatomo,2,no,
2022,2022-12-05,South Korea,Brazil,Gue-Sung Cho,2,no,
2022,2022-12-05,South Korea,Brazil,Hee-Chan Hwang,3,no,
2022,2022-12-05,South Korea,Brazil,Heung-Min Son,1,no,
2022,2022-12-05,South Korea,Brazil,In-Beom Hwang,1,no,
2022,2022-12-05,South Korea,Brazil,Jun-Ho Son,2,no,
2022,2022-12-05,South Korea,Brazil,Seung-Ho Paik,1,no,
2022,2022-12-05,South Korea,Brazil,Woo-Young Jung,2,yes,1
2022,2022-12-06,Morocco,Spain,Abdessamad Ezzalzouli,1,no,
2022,2022-12-06,Morocco,Spain,Achraf Hakimi Mouh,3,no,
2022,2022-12-06,Morocco,Spain,Azzedine Ounahi,2,no,
2022,2022-12-06,Morocco,Spain,Hakim Ziyech,4,no,
2022,2022-12-06,Morocco,Spain,Nayef Aguerd,1,no,
2022,2022-12-06,Morocco,Spain,Noussair Mazraoui,1,no,
2022,2022-12-06,Morocco,Spain,Romain Saïss,3,yes,1
2022,2022-12-06,Morocco,Spain,Selim Amallah,1,no,
2022,2022-12-06,Morocco,Spain,Sofiane Boufal,1,no,
2022,2022-12-06,Morocco,Spain,Walid Cheddira,1,no,
2022,2022-12-06,Morocco,Spain,Yahia Attiyat allah,1,no,
2022,2022-12-06,Portugal,Switzerland,Bruno Miguel Borges Fernandes,1,no,
2022,2022-12-06,Portugal,Switzerland,Kléper Laveran Lima Ferreira,2,no,
2022,2022-12-06,Portugal,Switzerland,Otávio Edmilson da Silva Monteiro,3,no,
2022,2022-12-06,Portugal,Switzerland,Raphaël Adelino José Guerreiro,2,no,
2022,2022-12-06,Portugal,Switzerland,Ricardo Jorge Luz Horta,1,no,
2022,2022-12-06,Portugal,Switzerland,Rúben Santos Gato Alves Dias,2,no,
2022,2022-12-06,Portugal,Switzerland,William Silva de Carvalho,3,no,
2022,2022-12-06,Spain,Morocco,Aymeric Laporte,1,yes,0
2022,2022-12-06,Spain,Morocco,Daniel Olmo Carvajal,2,no,
2022,2022-12-06,Spain,Morocco,Jordi Alba Ramos,2,no,
2022,2022-12-06,Spain,Morocco,Marcos Llorente Moreno,1,no,
2022,2022-12-06,Spain,Morocco,Pablo Martín Páez Gavira,4,no,
2022,2022-12-06,Spain,Morocco,Pedro González López,1,no,
2022,2022-12-06,Spain,Morocco,Rodrigo Hernández Cascante,2,no,
2022,2022-12-06,Spain,Morocco,Álvaro Borja Morata Martín,1,no,
2022,2022-12-06,Switzerland,Portugal,Breel-Donald Embolo,1,no,
2022,2022-12-06,Switzerland,Portugal,Denis Lemi Zakaria Lako Lado,1,no,
2022,2022-12-06,Switzerland,Portugal,Djibril Sow,1,no,
2022,2022-12-06,Switzerland,Portugal,Eray Ervin Cömert,4,yes,0
2022,2022-12-06,Switzerland,Portugal,Fabian Lukas Schär,1,yes,0
2022,2022-12-06,Switzerland,Portugal,Manuel Obafemi Akanji,2,no,
2022,2022-12-06,Switzerland,Portugal,Noah Okafor,1,no,
2022,2022-12-06,Switzerland,Portugal,Remo Freuler,3,no,
2022,2022-12-06,Switzerland,Portugal,Xherdan Shaqiri,1,no,
2022,2022-12-09,Argentina,Netherlands,Cristian Gabriel Romero,2,yes,1
2022,2022-12-09,Argentina,Netherlands,Enzo Fernandez,2,no,
2022,2022-12-09,Argentina,Netherlands,Germán Alejandro Pezzella,2,yes,1
2022,2022-12-09,Argentina,Netherlands,Gonzalo Ariel Montiel,0,yes,0
2022,2022-12-09,Argentina,Netherlands,Julián Álvarez,2,no,
2022,2022-12-09,Argentina,Netherlands,Lautaro Javier Martínez,1,no,
2022,2022-12-09,Argentina,Netherlands,Leandro Daniel Paredes,3,yes,1
2022,2022-12-09,Argentina,Netherlands,Lionel Andrés Messi Cuccittini,3,yes,3
2022,2022-12-09,Argentina,Netherlands,Lisandro Martínez,0,yes,0
2022,2022-12-09,Argentina,Netherlands,Marcos Javier Acuña,1,yes,0
2022,2022-12-09,Argentina,Netherlands,Nicolás Alejandro Tagliafico,1,no,
2022,2022-12-09,Argentina,Netherlands,Nicolás Hernán Otamendi,3,yes,2
2022,2022-12-09,Argentina,Netherlands,Rodrigo Javier De Paul,2,no,
2022,2022-12-09,Brazil,Croatia,Alex Sandro Lobo Silva,1,no,
2022,2022-12-09,Brazil,Croatia,Antony Matheus dos Santos,2,no,
2022,2022-12-09,Brazil,Croatia,Carlos Henrique Casimiro,3,yes,1
2022,2022-12-09,Brazil,Croatia,Danilo Luiz da Silva,2,yes,0
2022,2022-12-09,Brazil,Croatia,Frederico Rodrigues Santos,1,no,
2022,2022-12-09,Brazil,Croatia,Lucas Tolentino Coelho de Lima,3,no,
2022,2022-12-09,Brazil,Croatia,Marcos Aoás Corrêa,1,yes,0
2022,2022-12-09,Brazil,Croatia,Neymar da Silva Santos Junior,3,no,
2022,2022-12-09,Brazil,Croatia,Pedro Guilherme Abreu dos Santos,2,no,
2022,2022-12-09,Brazil,Croatia,Richarlison de Andrade,2,no,
2022,2022-12-09,Brazil,Croatia,Rodrygo Silva de Goes,3,no,
2022,2022-12-09,Brazil,Croatia,Éder Gabriel Militão,2,no,
2022,2022-12-09,Croatia,Brazil,Andrej Kramarić,1,no,
2022,2022-12-09,Croatia,Brazil,Ante Budimir,1,no,
2022,2022-12-09,Croatia,Brazil,Borna Sosa,2,no,
2022,2022-12-09,Croatia,Brazil,Bruno Petković,1,yes,1
2022,2022-12-09,Croatia,Brazil,Ivan Perišić,3,no,
2022,2022-12-09,Croatia,Brazil,Joško Gvardiol,1,no,
2022,2022-12-09,Croatia,Brazil,Luka Modrić,3,no,
2022,2022-12-09,Croatia,Brazil,Marcelo Brozović,4,yes,1
2022,2022-12-09,Croatia,Brazil,Mario Pašalić,1,no,
2022,2022-12-09,Croatia,Brazil,Mateo Kovačić,2,no,
2022,2022-12-09,Croatia,Brazil,Nikola Vlašić,4,no,
2022,2022-12-09,Netherlands,Argentina,Cody Mathès Gakpo,6,no,
2022,2022-12-09,Netherlands,Argentina,Denzel Dumfries,7,yes,7
2022,2022-12-09,Netherlands,Argentina,Frenkie de Jong,2,no,
2022,2022-12-09,Netherlands,Argentina,Jurriën David Norman Timber,5,yes,2
2022,2022-12-09,Netherlands,Argentina,Luuk de Jong,2,no,
2022,2022-12-09,Netherlands,Argentina,Marten de Roon,2,no,
2022,2022-12-09,Netherlands,Argentina,Memphis Depay,2,yes,2
2022,2022-12-09,Netherlands,Argentina,Nathan Aké,2,no,
2022,2022-12-09,Netherlands,Argentina,Noa Lang,0,yes,0
2022,2022-12-09,Netherlands,Argentina,Steven Berghuis,3,yes,2
2022,2022-12-09,Netherlands,Argentina,Steven Bergwijn,0,yes,0
2022,2022-12-09,Netherlands,Argentina,Teun Koopmeiners,1,no,
2022,2022-12-09,Netherlands,Argentina,Virgil van Dijk,2,no,
2022,2022-12-09,Netherlands,Argentina,Wout Weghorst,3,yes,0
2022,2022-12-10,England,France,Bukayo Saka,3,no,
2022,2022-12-10,England,France,Harry Maguire,1,yes,0
2022,2022-12-10,England,France,Jordan Brian Henderson,3,no,
2022,2022-12-10,England,France,Jude Bellingham,2,no,
2022,2022-12-10,England,France,Mason Mount,1,no,
2022,2022-12-10,France,England,Adrien Rabiot,3,no,
2022,2022-12-10,France,England,Antoine Griezmann,3,yes,2
2022,2022-12-10,France,England,Aurélien Djani Tchouaméni,2,no,
2022,2022-12-10,France,England,Kingsley Coman,1,no,
2022,2022-12-10,France,England,Olivier Giroud,1,no,
2022,2022-12-10,France,England,Ousmane Dembélé,3,yes,2
2022,2022-12-10,France,England,Theo Bernard François Hernández,2,yes,1
2022,2022-12-10,Morocco,Portugal,Achraf Dari,1,yes,0
2022,2022-12-10,Morocco,Portugal,Achraf Hakimi Mouh,3,no,
2022,2022-12-10,Morocco,Portugal,Badr Banoun,1,no,
2022,2022-12-10,Morocco,Portugal,Selim Amallah,3,no,
2022,2022-12-10,Morocco,Portugal,Sofiane Boufal,1,no,
2022,2022-12-10,Morocco,Portugal,Sofyan Amrabat,2,no,
2022,2022-12-10,Morocco,Portugal,Walid Cheddira,5,yes,3
2022,2022-12-10,Morocco,Portugal,Yahia Attiyat allah,2,no,
2022,2022-12-10,Portugal,Morocco,Bruno Miguel Borges Fernandes,1,no,
2022,2022-12-10,Portugal,Morocco,Gonçalo Matias Ramos,1,no,
2022,2022-12-10,Portugal,Morocco,João Félix Sequeira,1,no,
2022,2022-12-10,Portugal,Morocco,Kléper Laveran Lima Ferreira,1,no,
2022,2022-12-10,Portugal,Morocco,Ricardo Jorge Luz Horta,1,no,
2022,2022-12-10,Portugal,Morocco,Rúben Diogo Da Silva Neves,2,no,
2022,2022-12-10,Portugal,Morocco,Rúben Santos Gato Alves Dias,1,no,
2022,2022-12-10,Portugal,Morocco,Vitor Machado Ferreira,1,yes,0
2022,2022-12-13,Argentina,Croatia,Cristian Gabriel Romero,3,yes,2
2022,2022-12-13,Argentina,Croatia,Enzo Fernandez,1,no,
2022,2022-12-13,Argentina,Croatia,Exequiel Alejandro Palacios,2,no,
2022,2022-12-13,Argentina,Croatia,Julián Álvarez,3,no,
2022,2022-12-13,Argentina,Croatia,Leandro Daniel Paredes,1,no,
2022,2022-12-13,Argentina,Croatia,Lionel Andrés Messi Cuccittini,2,no,
2022,2022-12-13,Argentina,Croatia,Nicolás Alejandro Tagliafico,3,no,
2022,2022-12-13,Argentina,Croatia,Nicolás Hernán Otamendi,2,yes,2
2022,2022-12-13,Argentina,Croatia,Paulo Bruno Exequiel Dybala,1,no,
2022,2022-12-13,Argentina,Croatia,Rodrigo Javier De Paul,2,no,
2022,2022-12-13,Croatia,Argentina,Dominik Livaković,1,yes,0
2022,2022-12-13,Croatia,Argentina,Josip Juranović,1,no,
2022,2022-12-13,Croatia,Argentina,Lovro Majer,1,no,
2022,2022-12-13,Croatia,Argentina,Luka Modrić,1,no,
2022,2022-12-13,Croatia,Argentina,Marcelo Brozović,2,no,
2022,2022-12-13,Croatia,Argentina,Mario Pašalić,1,no,
2022,2022-12-13,Croatia,Argentina,Marko Livaja,1,no,
2022,2022-12-13,Croatia,Argentina,Mateo Kovačić,0,yes,0
2022,2022-12-13,Croatia,Argentina,Mislav Oršić,1,no,
2022,2022-12-13,Croatia,Argentina,Nikola Vlašić,1,no,
2022,2022-12-14,France,Morocco,Ibrahima Konaté,2,no,
2022,2022-12-14,France,Morocco,Jules Koundé,2,no,
2022,2022-12-14,France,Morocco,Kylian Mbappé Lottin,5,no,
2022,2022-12-14,France,Morocco,Marcus Thuram,1,no,
2022,2022-12-14,France,Morocco,Ousmane Dembélé,2,no,
2022,2022-12-14,France,Morocco,Youssouf Fofana,2,no,
2022,2022-12-14,Morocco,France,Achraf Dari,2,no,
2022,2022-12-14,Morocco,France,Achraf Hakimi Mouh,1,no,
2022,2022-12-14,Morocco,France,Selim Amallah,3,no,
2022,2022-12-14,Morocco,France,Sofiane Boufal,2,yes,1
2022,2022-12-14,Morocco,France,Sofyan Amrabat,3,no,
2022,2022-12-14,Morocco,France,Yahia Attiyat allah,3,no,
2022,2022-12-17,Croatia,Morocco,Bruno Petković,2,no,
2022,2022-12-17,Croatia,Morocco,Josip Stanišić,1,no,
2022,2022-12-17,Croatia,Morocco,Joško Gvardiol,3,no,
2022,2022-12-17,Croatia,Morocco,Lovro Majer,3,no,
2022,2022-12-17,Croatia,Morocco,Mario Pašalić,1,no,
2022,2022-12-17,Croatia,Morocco,Marko Livaja,1,no,
2022,2022-12-17,Croatia,Morocco,Mislav Oršić,3,no,
2022,2022-12-17,Morocco,Croatia,Abdelhamid Sabiri,1,no,
2022,2022-12-17,Morocco,Croatia,Achraf Hakimi Mouh,2,no,
2022,2022-12-17,Morocco,Croatia,Azzedine Ounahi,0,yes,0
2022,2022-12-17,Morocco,Croatia,Badr Banoun,1,no,
2022,2022-12-17,Morocco,Croatia,Hakim Ziyech,1,no,
2022,2022-12-17,Morocco,Croatia,Jawad El Yamiq,1,no,
2022,2022-12-17,Morocco,Croatia,Selim Amallah,2,yes,2
2022,2022-12-17,Morocco,Croatia,Sofiane Boufal,1,no,
2022,2022-12-17,Morocco,Croatia,Sofyan Amrabat,2,no,
2022,2022-12-17,Morocco,Croatia,Yahia Attiyat allah,2,no,
2022,2022-12-17,Morocco,Croatia,Youssef En-Nesyri,2,no,
2022,2022-12-18,Argentina,France,Cristian Gabriel Romero,3,no,
2022,2022-12-18,Argentina,France,Damián Emiliano Martínez,0,yes,0
2022,2022-12-18,Argentina,France,Enzo Fernandez,4,yes,0
2022,2022-12-18,Argentina,France,Gonzalo Ariel Montiel,2,yes,1
2022,2022-12-18,Argentina,France,Julián Álvarez,8,no,
2022,2022-12-18,Argentina,France,Leandro Daniel Paredes,1,yes,0
2022,2022-12-18,Argentina,France,Lionel Andrés Messi Cuccittini,2,no,
2022,2022-12-18,Argentina,France,Marcos Javier Acuña,2,yes,0
2022,2022-12-18,Argentina,France,Nicolás Alejandro Tagliafico,3,no,
2022,2022-12-18,Argentina,France,Nicolás Hernán Otamendi,2,no,
2022,2022-12-18,Argentina,France,Rodrigo Javier De Paul,2,no,
2022,2022-12-18,France,Argentina,Adrien Rabiot,3,yes,1
2022,2022-12-18,France,Argentina,Aurélien Djani Tchouaméni,2,no,
2022,2022-12-18,France,Argentina,Dayotchanculle Upamecano,1,no,
2022,2022-12-18,France,Argentina,Eduardo Camavinga,1,no,
2022,2022-12-18,France,Argentina,Jules Koundé,2,no,
2022,2022-12-18,France,Argentina,Kylian Mbappé Lottin,1,no,
2022,2022-12-18,France,Argentina,Marcus Thuram,2,yes,0
2022,2022-12-18,France,Argentina,Olivier Giroud,1,yes,1
2022,2022-12-18,France,Argentina,Ousmane Dembélé,1,no,
2022,2022-12-18,France,Argentina,Randal Kolo Muani,3,no,
2022,2022-12-18,France,Argentina,Theo Bernard François Hernández,2,no,
