competition,year,player,team,position,minutes,tackles,tackles_won,challenges_att,challenges_lost,fouls_committed,fouls_drawn,yellow_cards,red_cards,source_url
FIFA World Cup,2018,Cristian Pavón,Argentina,"FW,MF",155,,2,,,2,1,0,0,https://web.archive.org/web/20260606150656/https://fbref.com/en/comps/1/2018/defense/2018-FIFA-World-Cup-Stats
FIFA World Cup,2018,Eduardo Salvio,Argentina,DF,145,,2,,,0,5,0,0,https://web.archive.org/web/20260606150656/https://fbref.com/en/comps/1/2018/defense/2018-FIFA-World-Cup-Stats
FIFA World Cup,2018,Enzo Pérez,Argentina,MF,192,,2,,,5,3,0,0,https://web.archive.org/web/20260606150656/https://fbref.com/en/comps/1/2018/defense/2018-FIFA-World-Cup-Stats
FIFA World Cup,2018,Federico Fazio,Argentina,DF,45,,0,,,0,1,0,0,https://web.archive.org/web/20260606150656/https://fbref.com/en/comps/1/2018/defense/2018-FIFA-World-Cup-Stats
FIFA World Cup,2018,Franco Armani,Argentina,GK,180,,0,,,0,0,0,0,https://web.archive.org/web/20260606150656/https://fbref.com/en/comps/1/2018/defense/2018-FIFA-World-Cup-Stats
FIFA World Cup,2018,Gabriel Mercado,Argentina,DF,270,,4,,,8,5,1,0,https://web.archive.org/web/20260606150656/https://fbref.com/en/comps/1/2018/defense/2018-FIFA-World-Cup-Stats
FIFA World Cup,2018,Gonzalo Higuaín,Argentina,FW,134,,0,,,2,2,0,0,https://web.archive.org/web/20260606150656/https://fbref.com/en/comps/1/2018/defense/2018-FIFA-World-Cup-Stats
FIFA World Cup,2018,Javier Mascherano,Argentina,MF,360,,7,,,15,7,2,0,https://web.archive.org/web/20260606150656/https://fbref.com/en/comps/1/2018/defense/2018-FIFA-World-Cup-Stats
FIFA World Cup,2018,Lionel Messi,Argentina,"MF,FW",360,,5,,,4,17,1,0,https://web.archive.org/web/20260606150656/https://fbref.com/en/comps/1/2018/defense/2018-FIFA-World-Cup-Stats
FIFA World Cup,2018,Lucas Biglia,Argentina,MF,53,,1,,,0,1,0,0,https://web.archive.org/web/20260606150656/https://fbref.com/en/comps/1/2018/defense/2018-FIFA-World-Cup-Stats
FIFA World Cup,2018,Marcos Acuña,Argentina,DF,90,,1,,,1,3,1,0,https://web.archive.org/web/20260606150656/https://fbref.com/en/comps/1/2018/defense/2018-FIFA-World-Cup-Stats
FIFA World Cup,2018,Marcos Rojo,Argentina,DF,225,,2,,,3,2,1,0,https://web.archive.org/web/20260606150656/https://fbref.com/en/comps/1/2018/defense/2018-FIFA-World-Cup-Stats
FIFA World Cup,2018,Maximiliano Meza,Argentina,"MF,FW",208,,2,,,3,7,0,0,https://web.archive.org/web/20260606150656/https://fbref.com/en/comps/1/2018/defense/2018-FIFA-World-Cup-Stats
FIFA World Cup,2018,Nicolás Otamendi,Argentina,DF,360,,7,,,4,5,2,0,https://web.archive.org/web/20260606150656/https://fbref.com/en/comps/1/2018/defense/2018-FIFA-World-Cup-Stats
FIFA World Cup,2018,Nicolás Tagliafico,Argentina,DF,349,,3,,,6,7,1,0,https://web.archive.org/web/20260606150656/https://fbref.com/en/comps/1/2018/defense/2018-FIFA-World-Cup-Stats
FIFA World Cup,2018,Paulo Dybala,Argentina,DF,23,,0,,,0,1,0,0,https://web.archive.org/web/20260606150656/https://fbref.com/en/comps/1/2018/defense/2018-FIFA-World-Cup-Stats
FIFA World Cup,2018,Sergio Agüero,Argentina,FW,179,,3,,,0,1,0,0,https://web.archive.org/web/20260606150656/https://fbref.com/en/comps/1/2018/defense/2018-FIFA-World-Cup-Stats
FIFA World Cup,2018,Willy Caballero,Argentina,GK,180,,0,,,0,0,0,0,https://web.archive.org/web/20260606150656/https://fbref.com/en/comps/1/2018/defense/2018-FIFA-World-Cup-Stats
FIFA World Cup,2018,Ángel Di María,Argentina,"FW,MF",235,,0,,,1,7,0,0,https://web.archive.org/web/20260606150656/https://fbref.com/en/comps/1/2018/defense/2018-FIFA-World-Cup-Stats
FIFA World Cup,2018,Éver Banega,Argentina,MF,217,,6,,,3,3,2,0,https://web.archive.org/web/20260606150656/https://fbref.com/en/comps/1/2018/defense/2018-FIFA-World-Cup-Stats
FIFA World Cup,2018,Aaron Mooy,Australia,MF,270,,2,,,4,1,0,0,https://web.archive.org/web/20260606150656/https://fbref.com/en/comps/1/2018/defense/2018-FIFA-World-Cup-Stats
FIFA World Cup,2018,Andrew Nabbout,Australia,FW,137,,0,,,1,1,0,0,https://web.archive.org/web/20260606150656/https://fbref.com/en/comps/1/2018/defense/2018-FIFA-World-Cup-Stats
FIFA World Cup,2018,Aziz Behich,Australia,DF,270,,3,,,4,2,1,0,https://web.archive.org/web/20260606150656/https://fbref.com/en/comps/1/2018/defense/2018-FIFA-World-Cup-Stats
FIFA World Cup,2018,Daniel Arzani,Australia,MF,63,,0,,,1,1,1,0,https://web.archive.org/web/20260606150656/https://fbref.com/en/comps/1/2018/defense/2018-FIFA-World-Cup-Stats
FIFA World Cup,2018,Jackson Irvine,Australia,FW,47,,2,,,0,1,0,0,https://web.archive.org/web/20260606150656/https://fbref.com/en/comps/1/2018/defense/2018-FIFA-World-Cup-Stats
FIFA World Cup,2018,Josh Risdon,Australia,DF,270,,8,,,4,1,1,0,https://web.archive.org/web/20260606150656/https://fbref.com/en/comps/1/2018/defense/2018-FIFA-World-Cup-Stats
FIFA World Cup,2018,Mark Milligan,Australia,DF,270,,4,,,3,0,1,0,https://web.archive.org/web/20260606150656/https://fbref.com/en/comps/1/2018/defense/2018-FIFA-World-Cup-Stats
FIFA World Cup,2018,Mathew Leckie,Australia,MF,270,,0,,,6,5,1,0,https://web.archive.org/web/20260606150656/https://fbref.com/en/comps/1/2018/defense/2018-FIFA-World-Cup-Stats
FIFA World Cup,2018,Mathew Ryan,Australia,GK,270,,0,,,0,1,0,0,https://web.archive.org/web/20260606150656/https://fbref.com/en/comps/1/2018/defense/2018-FIFA-World-Cup-Stats
FIFA World Cup,2018,Mile Jedinak,Australia,MF,270,,5,,,6,2,1,0,https://web.archive.org/web/20260606150656/https://fbref.com/en/comps/1/2018/defense/2018-FIFA-World-Cup-Stats
FIFA World Cup,2018,Robbie Kruse,Australia,MF,207,,4,,,2,8,0,0,https://web.archive.org/web/20260606150656/https://fbref.com/en/comps/1/2018/defense/2018-FIFA-World-Cup-Stats
FIFA World Cup,2018,Tim Cahill,Australia,FW,38,,0,,,2,1,0,0,https://web.archive.org/web/20260606150656/https://fbref.com/en/comps/1/2018/defense/2018-FIFA-World-Cup-Stats
FIFA World Cup,2018,Tom Rogić,Australia,FW,223,,1,,,3,4,1,0,https://web.archive.org/web/20260606150656/https://fbref.com/en/comps/1/2018/defense/2018-FIFA-World-Cup-Stats
FIFA World Cup,2018,Tomi Juric,Australia,FW,95,,0,,,1,1,0,0,https://web.archive.org/web/20260606150656/https://fbref.com/en/comps/1/2018/defense/2018-FIFA-World-Cup-Stats
FIFA World Cup,2018,Trent Sainsbury,Australia,DF,270,,1,,,2,3,0,0,https://web.archive.org/web/20260606150656/https://fbref.com/en/comps/1/2018/defense/2018-FIFA-World-Cup-Stats
FIFA World Cup,2018,Adnan Januzaj,Belgium,MF,85,,1,,,1,1,0,0,https://web.archive.org/web/20260606150656/https://fbref.com/en/comps/1/2018/defense/2018-FIFA-World-Cup-Stats
FIFA World Cup,2018,Axel Witsel,Belgium,MF,539,,5,,,10,9,1,0,https://web.archive.org/web/20260606150656/https://fbref.com/en/comps/1/2018/defense/2018-FIFA-World-Cup-Stats
FIFA World Cup,2018,Dedryck Boyata,Belgium,DF,270,,0,,,4,2,0,0,https://web.archive.org/web/20260606150656/https://fbref.com/en/comps/1/2018/defense/2018-FIFA-World-Cup-Stats
FIFA World Cup,2018,Dries Mertens,Belgium,"MF,FW",298,,1,,,4,4,0,0,https://web.archive.org/web/20260606150656/https://fbref.com/en/comps/1/2018/defense/2018-FIFA-World-Cup-Stats
FIFA World Cup,2018,Eden Hazard,Belgium,"MF,FW",517,,5,,,6,27,1,0,https://web.archive.org/web/20260606150656/https://fbref.com/en/comps/1/2018/defense/2018-FIFA-World-Cup-Stats
FIFA World Cup,2018,Jan Vertonghen,Belgium,DF,540,,8,,,5,3,2,0,https://web.archive.org/web/20260606150656/https://fbref.com/en/comps/1/2018/defense/2018-FIFA-World-Cup-Stats
FIFA World Cup,2018,Kevin De Bruyne,Belgium,"MF,FW",540,,5,,,5,3,1,0,https://web.archive.org/web/20260606150656/https://fbref.com/en/comps/1/2018/defense/2018-FIFA-World-Cup-Stats
FIFA World Cup,2018,Leander Dendoncker,Belgium,DF,90,,1,,,2,1,1,0,https://web.archive.org/web/20260606150656/https://fbref.com/en/comps/1/2018/defense/2018-FIFA-World-Cup-Stats
FIFA World Cup,2018,Marouane Fellaini,Belgium,MF,317,,6,,,11,6,0,0,https://web.archive.org/web/20260606150656/https://fbref.com/en/comps/1/2018/defense/2018-FIFA-World-Cup-Stats
FIFA World Cup,2018,Michy Batshuayi,Belgium,FW,114,,0,,,0,1,0,0,https://web.archive.org/web/20260606150656/https://fbref.com/en/comps/1/2018/defense/2018-FIFA-World-Cup-Stats
FIFA World Cup,2018,Mousa Dembélé,Belgium,MF,179,,5,,,7,1,0,0,https://web.archive.org/web/20260606150656/https://fbref.com/en/comps/1/2018/defense/2018-FIFA-World-Cup-Stats
FIFA World Cup,2018,Nacer Chadli,Belgium,"DF,MF",326,,3,,,2,1,0,0,https://web.archive.org/web/20260606150656/https://fbref.com/en/comps/1/2018/defense/2018-FIFA-World-Cup-Stats
FIFA World Cup,2018,Romelu Lukaku,Belgium,FW,473,,1,,,10,3,0,0,https://web.archive.org/web/20260606150656/https://fbref.com/en/comps/1/2018/defense/2018-FIFA-World-Cup-Stats
FIFA World Cup,2018,Thibaut Courtois,Belgium,GK,630,,0,,,0,0,0,0,https://web.archive.org/web/20260606150656/https://fbref.com/en/comps/1/2018/defense/2018-FIFA-World-Cup-Stats
FIFA World Cup,2018,Thomas Meunier,Belgium,DF,450,,6,,,9,1,2,0,https://web.archive.org/web/20260606150656/https://fbref.com/en/comps/1/2018/defense/2018-FIFA-World-Cup-Stats
FIFA World Cup,2018,Thomas Vermaelen,Belgium,DF,133,,1,,,3,1,0,0,https://web.archive.org/web/20260606150656/https://fbref.com/en/comps/1/2018/defense/2018-FIFA-World-Cup-Stats
FIFA World Cup,2018,Thorgan Hazard,Belgium,"DF,FW",98,,3,,,1,0,0,0,https://web.archive.org/web/20260606150656/https://fbref.com/en/comps/1/2018/defense/2018-FIFA-World-Cup-Stats
FIFA World Cup,2018,Toby Alderweireld,Belgium,DF,540,,7,,,4,1,2,0,https://web.archive.org/web/20260606150656/https://fbref.com/en/comps/1/2018/defense/2018-FIFA-World-Cup-Stats
FIFA World Cup,2018,Vincent Kompany,Belgium,DF,377,,4,,,7,1,0,0,https://web.archive.org/web/20260606150656/https://fbref.com/en/comps/1/2018/defense/2018-FIFA-World-Cup-Stats
FIFA World Cup,2018,Yannick Carrasco,Belgium,DF,238,,3,,,5,5,0,0,https://web.archive.org/web/20260606150656/https://fbref.com/en/comps/1/2018/defense/2018-FIFA-World-Cup-Stats
FIFA World Cup,2018,Youri Tielemans,Belgium,MF,176,,3,,,4,3,1,0,https://web.archive.org/web/20260606150656/https://fbref.com/en/comps/1/2018/defense/2018-FIFA-World-Cup-Stats
FIFA World Cup,2018,Alisson,Brazil,GK,450,,0,,,0,0,0,0,https://web.archive.org/web/20260606150656/https://fbref.com/en/comps/1/2018/defense/2018-FIFA-World-Cup-Stats
FIFA World Cup,2018,Casemiro,Brazil,MF,329,,10,,,4,2,2,0,https://web.archive.org/web/20260606150656/https://fbref.com/en/comps/1/2018/defense/2018-FIFA-World-Cup-Stats
FIFA World Cup,2018,Danilo,Brazil,DF,90,,1,,,0,1,0,0,https://web.archive.org/web/20260606150656/https://fbref.com/en/comps/1/2018/defense/2018-FIFA-World-Cup-Stats
FIFA World Cup,2018,Douglas Costa,Brazil,"FW,MF",78,,1,,,0,0,0,0,https://web.archive.org/web/20260606150656/https://fbref.com/en/comps/1/2018/defense/2018-FIFA-World-Cup-Stats
FIFA World Cup,2018,Fagner,Brazil,DF,360,,5,,,7,3,1,0,https://web.archive.org/web/20260606150656/https://fbref.com/en/comps/1/2018/defense/2018-FIFA-World-Cup-Stats
FIFA World Cup,2018,Fernandinho,Brazil,MF,158,,0,,,4,2,1,0,https://web.archive.org/web/20260606150656/https://fbref.com/en/comps/1/2018/defense/2018-FIFA-World-Cup-Stats
FIFA World Cup,2018,Filipe Luís,Brazil,DF,171,,2,,,1,0,1,0,https://web.archive.org/web/20260606150656/https://fbref.com/en/comps/1/2018/defense/2018-FIFA-World-Cup-Stats
FIFA World Cup,2018,Gabriel Jesus,Brazil,FW,404,,6,,,6,3,0,0,https://web.archive.org/web/20260606150656/https://fbref.com/en/comps/1/2018/defense/2018-FIFA-World-Cup-Stats
FIFA World Cup,2018,Marcelo,Brazil,DF,279,,4,,,1,3,0,0,https://web.archive.org/web/20260606150656/https://fbref.com/en/comps/1/2018/defense/2018-FIFA-World-Cup-Stats
FIFA World Cup,2018,Marquinhos,Brazil,"FW,DF",1,,0,,,0,0,0,0,https://web.archive.org/web/20260606150656/https://fbref.com/en/comps/1/2018/defense/2018-FIFA-World-Cup-Stats
FIFA World Cup,2018,Miranda,Brazil,DF,450,,7,,,8,4,0,0,https://web.archive.org/web/20260606150656/https://fbref.com/en/comps/1/2018/defense/2018-FIFA-World-Cup-Stats
FIFA World Cup,2018,Neymar,Brazil,FW,450,,3,,,4,26,1,0,https://web.archive.org/web/20260606150656/https://fbref.com/en/comps/1/2018/defense/2018-FIFA-World-Cup-Stats
FIFA World Cup,2018,Paulinho,Brazil,MF,349,,6,,,3,6,0,0,https://web.archive.org/web/20260606150656/https://fbref.com/en/comps/1/2018/defense/2018-FIFA-World-Cup-Stats
FIFA World Cup,2018,Philippe Coutinho,Brazil,MF,434,,5,,,3,7,1,0,https://web.archive.org/web/20260606150656/https://fbref.com/en/comps/1/2018/defense/2018-FIFA-World-Cup-Stats
FIFA World Cup,2018,Renato Augusto,Brazil,MF,53,,0,,,0,1,0,0,https://web.archive.org/web/20260606150656/https://fbref.com/en/comps/1/2018/defense/2018-FIFA-World-Cup-Stats
FIFA World Cup,2018,Roberto Firmino,Brazil,"FW,MF",85,,1,,,2,1,0,0,https://web.archive.org/web/20260606150656/https://fbref.com/en/comps/1/2018/defense/2018-FIFA-World-Cup-Stats
FIFA World Cup,2018,Thiago Silva,Brazil,DF,450,,4,,,2,3,0,0,https://web.archive.org/web/20260606150656/https://fbref.com/en/comps/1/2018/defense/2018-FIFA-World-Cup-Stats
FIFA World Cup,2018,Willian,Brazil,FW,359,,3,,,5,10,0,0,https://web.archive.org/web/20260606150656/https://fbref.com/en/comps/1/2018/defense/2018-FIFA-World-Cup-Stats
FIFA World Cup,2018,Abel Aguilar,Colombia,MF,31,,0,,,0,0,0,0,https://web.archive.org/web/20260606150656/https://fbref.com/en/comps/1/2018/defense/2018-FIFA-World-Cup-Stats
FIFA World Cup,2018,Carlos Bacca,Colombia,"FW,MF",94,,2,,,4,1,1,0,https://web.archive.org/web/20260606150656/https://fbref.com/en/comps/1/2018/defense/2018-FIFA-World-Cup-Stats
FIFA World Cup,2018,Carlos Sánchez,Colombia,MF,170,,2,,,6,1,1,1,https://web.archive.org/web/20260606150656/https://fbref.com/en/comps/1/2018/defense/2018-FIFA-World-Cup-Stats
FIFA World Cup,2018,Cristián Zapata,Colombia,MF,5,,0,,,0,0,0,0,https://web.archive.org/web/20260606150656/https://fbref.com/en/comps/1/2018/defense/2018-FIFA-World-Cup-Stats
FIFA World Cup,2018,David Ospina,Colombia,GK,390,,0,,,0,2,0,0,https://web.archive.org/web/20260606150656/https://fbref.com/en/comps/1/2018/defense/2018-FIFA-World-Cup-Stats
FIFA World Cup,2018,Davinson Sánchez,Colombia,DF,390,,4,,,3,2,0,0,https://web.archive.org/web/20260606150656/https://fbref.com/en/comps/1/2018/defense/2018-FIFA-World-Cup-Stats
FIFA World Cup,2018,James Rodríguez,Colombia,"FW,MF",152,,1,,,4,2,1,0,https://web.archive.org/web/20260606150656/https://fbref.com/en/comps/1/2018/defense/2018-FIFA-World-Cup-Stats
FIFA World Cup,2018,Jefferson Lerma,Colombia,MF,176,,1,,,3,3,0,0,https://web.archive.org/web/20260606150656/https://fbref.com/en/comps/1/2018/defense/2018-FIFA-World-Cup-Stats
FIFA World Cup,2018,Johan Mojica,Colombia,DF,390,,6,,,3,2,1,0,https://web.archive.org/web/20260606150656/https://fbref.com/en/comps/1/2018/defense/2018-FIFA-World-Cup-Stats
FIFA World Cup,2018,José Izquierdo,Colombia,MF,69,,0,,,1,0,0,0,https://web.archive.org/web/20260606150656/https://fbref.com/en/comps/1/2018/defense/2018-FIFA-World-Cup-Stats
FIFA World Cup,2018,Juan Cuadrado,Colombia,"FW,MF",330,,1,,,4,12,1,0,https://web.archive.org/web/20260606150656/https://fbref.com/en/comps/1/2018/defense/2018-FIFA-World-Cup-Stats
FIFA World Cup,2018,Juan Quintero,Colombia,MF,307,,3,,,1,3,0,0,https://web.archive.org/web/20260606150656/https://fbref.com/en/comps/1/2018/defense/2018-FIFA-World-Cup-Stats
FIFA World Cup,2018,Luis Muriel,Colombia,FW,93,,2,,,3,0,0,0,https://web.archive.org/web/20260606150656/https://fbref.com/en/comps/1/2018/defense/2018-FIFA-World-Cup-Stats
FIFA World Cup,2018,Mateus Uribe,Colombia,MF,183,,4,,,2,1,0,0,https://web.archive.org/web/20260606150656/https://fbref.com/en/comps/1/2018/defense/2018-FIFA-World-Cup-Stats
FIFA World Cup,2018,Miguel Borja,Colombia,FW,2,,1,,,0,0,0,0,https://web.archive.org/web/20260606150656/https://fbref.com/en/comps/1/2018/defense/2018-FIFA-World-Cup-Stats
FIFA World Cup,2018,Radamel Falcao,Colombia,FW,375,,1,,,7,9,1,0,https://web.archive.org/web/20260606150656/https://fbref.com/en/comps/1/2018/defense/2018-FIFA-World-Cup-Stats
FIFA World Cup,2018,Santiago Arias,Colombia,DF,385,,3,,,9,5,1,0,https://web.archive.org/web/20260606150656/https://fbref.com/en/comps/1/2018/defense/2018-FIFA-World-Cup-Stats
FIFA World Cup,2018,Wílmar Barrios,Colombia,"MF,DF",270,,12,,,8,3,2,0,https://web.archive.org/web/20260606150656/https://fbref.com/en/comps/1/2018/defense/2018-FIFA-World-Cup-Stats
FIFA World Cup,2018,Yerry Mina,Colombia,DF,300,,3,,,6,5,0,0,https://web.archive.org/web/20260606150656/https://fbref.com/en/comps/1/2018/defense/2018-FIFA-World-Cup-Stats
FIFA World Cup,2018,Óscar Murillo,Colombia,DF,90,,0,,,0,1,0,0,https://web.archive.org/web/20260606150656/https://fbref.com/en/comps/1/2018/defense/2018-FIFA-World-Cup-Stats
FIFA World Cup,2018,Bryan Oviedo,Costa Rica,DF,180,,3,,,4,0,0,0,https://web.archive.org/web/20260606150656/https://fbref.com/en/comps/1/2018/defense/2018-FIFA-World-Cup-Stats
FIFA World Cup,2018,Bryan Ruiz,Costa Rica,MF,270,,2,,,4,6,0,0,https://web.archive.org/web/20260606150656/https://fbref.com/en/comps/1/2018/defense/2018-FIFA-World-Cup-Stats
FIFA World Cup,2018,Celso Borges,Costa Rica,MF,270,,3,,,2,0,0,0,https://web.archive.org/web/20260606150656/https://fbref.com/en/comps/1/2018/defense/2018-FIFA-World-Cup-Stats
FIFA World Cup,2018,Christian Bolaños,Costa Rica,"MF,FW",68,,1,,,0,0,0,0,https://web.archive.org/web/20260606150656/https://fbref.com/en/comps/1/2018/defense/2018-FIFA-World-Cup-Stats
FIFA World Cup,2018,Cristian Gamboa,Costa Rica,DF,253,,8,,,4,6,1,0,https://web.archive.org/web/20260606150656/https://fbref.com/en/comps/1/2018/defense/2018-FIFA-World-Cup-Stats
FIFA World Cup,2018,Daniel Colindres,Costa Rica,MF,98,,1,,,4,3,0,0,https://web.archive.org/web/20260606150656/https://fbref.com/en/comps/1/2018/defense/2018-FIFA-World-Cup-Stats
FIFA World Cup,2018,David Guzmán,Costa Rica,MF,243,,1,,,7,1,1,0,https://web.archive.org/web/20260606150656/https://fbref.com/en/comps/1/2018/defense/2018-FIFA-World-Cup-Stats
FIFA World Cup,2018,Francisco Calvo,Costa Rica,DF,106,,5,,,1,0,1,0,https://web.archive.org/web/20260606150656/https://fbref.com/en/comps/1/2018/defense/2018-FIFA-World-Cup-Stats
FIFA World Cup,2018,Giancarlo González,Costa Rica,DF,270,,0,,,2,2,0,0,https://web.archive.org/web/20260606150656/https://fbref.com/en/comps/1/2018/defense/2018-FIFA-World-Cup-Stats
FIFA World Cup,2018,Ian Smith,Costa Rica,DF,1,,0,,,0,0,0,0,https://web.archive.org/web/20260606150656/https://fbref.com/en/comps/1/2018/defense/2018-FIFA-World-Cup-Stats
FIFA World Cup,2018,Joel Campbell,Costa Rica,FW,115,,1,,,3,3,1,0,https://web.archive.org/web/20260606150656/https://fbref.com/en/comps/1/2018/defense/2018-FIFA-World-Cup-Stats
FIFA World Cup,2018,Johan Venegas,Costa Rica,"MF,FW",149,,1,,,6,4,0,0,https://web.archive.org/web/20260606150656/https://fbref.com/en/comps/1/2018/defense/2018-FIFA-World-Cup-Stats
FIFA World Cup,2018,Johnny Acosta,Costa Rica,DF,270,,3,,,1,5,1,0,https://web.archive.org/web/20260606150656/https://fbref.com/en/comps/1/2018/defense/2018-FIFA-World-Cup-Stats
FIFA World Cup,2018,Kendall Waston,Costa Rica,DF,90,,0,,,0,1,1,0,https://web.archive.org/web/20260606150656/https://fbref.com/en/comps/1/2018/defense/2018-FIFA-World-Cup-Stats
FIFA World Cup,2018,Keylor Navas,Costa Rica,GK,270,,1,,,0,2,0,0,https://web.archive.org/web/20260606150656/https://fbref.com/en/comps/1/2018/defense/2018-FIFA-World-Cup-Stats
FIFA World Cup,2018,Marco Ureña,Costa Rica,FW,118,,2,,,4,1,0,0,https://web.archive.org/web/20260606150656/https://fbref.com/en/comps/1/2018/defense/2018-FIFA-World-Cup-Stats
FIFA World Cup,2018,Randall Azofeifa,Costa Rica,MF,1,,0,,,0,0,0,0,https://web.archive.org/web/20260606150656/https://fbref.com/en/comps/1/2018/defense/2018-FIFA-World-Cup-Stats
FIFA World Cup,2018,Rodney Wallace,Costa Rica,MF,10,,0,,,1,0,0,0,https://web.archive.org/web/20260606150656/https://fbref.com/en/comps/1/2018/defense/2018-FIFA-World-Cup-Stats
FIFA World Cup,2018,Yeltsin Tejeda,Costa Rica,MF,8,,0,,,0,0,0,0,https://web.archive.org/web/20260606150656/https://fbref.com/en/comps/1/2018/defense/2018-FIFA-World-Cup-Stats
FIFA World Cup,2018,Óscar Duarte,Costa Rica,DF,180,,0,,,2,1,0,0,https://web.archive.org/web/20260606150656/https://fbref.com/en/comps/1/2018/defense/2018-FIFA-World-Cup-Stats
FIFA World Cup,2018,Andrej Kramarić,Croatia,"MF,FW",334,,2,,,2,3,0,0,https://web.archive.org/web/20260606150656/https://fbref.com/en/comps/1/2018/defense/2018-FIFA-World-Cup-Stats
FIFA World Cup,2018,Ante Rebić,Croatia,"MF,FW",543,,7,,,21,11,2,0,https://web.archive.org/web/20260606150656/https://fbref.com/en/comps/1/2018/defense/2018-FIFA-World-Cup-Stats
FIFA World Cup,2018,Danijel Subašić,Croatia,GK,630,,0,,,0,2,0,0,https://web.archive.org/web/20260606150656/https://fbref.com/en/comps/1/2018/defense/2018-FIFA-World-Cup-Stats
FIFA World Cup,2018,Dejan Lovren,Croatia,DF,651,,5,,,7,6,1,0,https://web.archive.org/web/20260606150656/https://fbref.com/en/comps/1/2018/defense/2018-FIFA-World-Cup-Stats
FIFA World Cup,2018,Domagoj Vida,Croatia,DF,630,,4,,,2,2,1,0,https://web.archive.org/web/20260606150656/https://fbref.com/en/comps/1/2018/defense/2018-FIFA-World-Cup-Stats
FIFA World Cup,2018,Duje Ćaleta-Car,Croatia,DF,90,,0,,,1,0,0,0,https://web.archive.org/web/20260606150656/https://fbref.com/en/comps/1/2018/defense/2018-FIFA-World-Cup-Stats
FIFA World Cup,2018,Filip Bradarić,Croatia,MF,26,,0,,,0,0,0,0,https://web.archive.org/web/20260606150656/https://fbref.com/en/comps/1/2018/defense/2018-FIFA-World-Cup-Stats
FIFA World Cup,2018,Ivan Perišić,Croatia,"MF,FW",629,,6,,,5,5,0,0,https://web.archive.org/web/20260606150656/https://fbref.com/en/comps/1/2018/defense/2018-FIFA-World-Cup-Stats
FIFA World Cup,2018,Ivan Rakitić,Croatia,MF,640,,3,,,9,20,1,0,https://web.archive.org/web/20260606150656/https://fbref.com/en/comps/1/2018/defense/2018-FIFA-World-Cup-Stats
FIFA World Cup,2018,Ivan Strinić,Croatia,DF,508,,6,,,10,8,1,0,https://web.archive.org/web/20260606150656/https://fbref.com/en/comps/1/2018/defense/2018-FIFA-World-Cup-Stats
FIFA World Cup,2018,Josip Pivarić,Croatia,DF,203,,2,,,5,0,1,0,https://web.archive.org/web/20260606150656/https://fbref.com/en/comps/1/2018/defense/2018-FIFA-World-Cup-Stats
FIFA World Cup,2018,Lovre Kalinić,Croatia,GK,90,,0,,,0,1,0,0,https://web.archive.org/web/20260606150656/https://fbref.com/en/comps/1/2018/defense/2018-FIFA-World-Cup-Stats
FIFA World Cup,2018,Luka Modrić,Croatia,MF,691,,6,,,12,12,0,0,https://web.archive.org/web/20260606150656/https://fbref.com/en/comps/1/2018/defense/2018-FIFA-World-Cup-Stats
FIFA World Cup,2018,Marcelo Brozović,Croatia,MF,459,,10,,,5,6,1,0,https://web.archive.org/web/20260606150656/https://fbref.com/en/comps/1/2018/defense/2018-FIFA-World-Cup-Stats
FIFA World Cup,2018,Mario Mandžukić,Croatia,FW,605,,11,,,13,12,2,0,https://web.archive.org/web/20260606150656/https://fbref.com/en/comps/1/2018/defense/2018-FIFA-World-Cup-Stats
FIFA World Cup,2018,Marko Pjaca,Croatia,"MF,DF",83,,1,,,1,4,1,0,https://web.archive.org/web/20260606150656/https://fbref.com/en/comps/1/2018/defense/2018-FIFA-World-Cup-Stats
FIFA World Cup,2018,Mateo Kovačić,Croatia,"MF,FW",185,,6,,,3,7,0,0,https://web.archive.org/web/20260606150656/https://fbref.com/en/comps/1/2018/defense/2018-FIFA-World-Cup-Stats
FIFA World Cup,2018,Milan Badelj,Croatia,MF,106,,2,,,4,2,0,0,https://web.archive.org/web/20260606150656/https://fbref.com/en/comps/1/2018/defense/2018-FIFA-World-Cup-Stats
FIFA World Cup,2018,Tin Jedvaj,Croatia,DF,90,,1,,,1,0,1,0,https://web.archive.org/web/20260606150656/https://fbref.com/en/comps/1/2018/defense/2018-FIFA-World-Cup-Stats
FIFA World Cup,2018,Vedran Ćorluka,Croatia,DF,121,,1,,,3,0,1,0,https://web.archive.org/web/20260606150656/https://fbref.com/en/comps/1/2018/defense/2018-FIFA-World-Cup-Stats
FIFA World Cup,2018,Šime Vrsaljko,Croatia,DF,606,,4,,,10,7,2,0,https://web.archive.org/web/20260606150656/https://fbref.com/en/comps/1/2018/defense/2018-FIFA-World-Cup-Stats
FIFA World Cup,2018,Andreas Christensen,Denmark,"DF,MF",305,,2,,,2,3,0,0,https://web.archive.org/web/20260606150656/https://fbref.com/en/comps/1/2018/defense/2018-FIFA-World-Cup-Stats
FIFA World Cup,2018,Andreas Cornelius,Denmark,FW,162,,0,,,3,3,0,0,https://web.archive.org/web/20260606150656/https://fbref.com/en/comps/1/2018/defense/2018-FIFA-World-Cup-Stats
FIFA World Cup,2018,Christian Eriksen,Denmark,"MF,FW",390,,2,,,1,3,0,0,https://web.archive.org/web/20260606150656/https://fbref.com/en/comps/1/2018/defense/2018-FIFA-World-Cup-Stats
FIFA World Cup,2018,Henrik Dalsgaard,Denmark,DF,390,,9,,,8,1,0,0,https://web.archive.org/web/20260606150656/https://fbref.com/en/comps/1/2018/defense/2018-FIFA-World-Cup-Stats
FIFA World Cup,2018,Jens Stryger Larsen,Denmark,DF,270,,1,,,1,0,0,0,https://web.archive.org/web/20260606150656/https://fbref.com/en/comps/1/2018/defense/2018-FIFA-World-Cup-Stats
FIFA World Cup,2018,Jonas Knudsen,Denmark,DF,120,,0,,,1,0,0,0,https://web.archive.org/web/20260606150656/https://fbref.com/en/comps/1/2018/defense/2018-FIFA-World-Cup-Stats
FIFA World Cup,2018,Kasper Dolberg,Denmark,FW,16,,0,,,1,0,0,0,https://web.archive.org/web/20260606150656/https://fbref.com/en/comps/1/2018/defense/2018-FIFA-World-Cup-Stats
FIFA World Cup,2018,Kasper Schmeichel,Denmark,GK,390,,0,,,0,0,0,0,https://web.archive.org/web/20260606150656/https://fbref.com/en/comps/1/2018/defense/2018-FIFA-World-Cup-Stats
FIFA World Cup,2018,Lasse Schöne,Denmark,MF,221,,3,,,2,2,0,0,https://web.archive.org/web/20260606150656/https://fbref.com/en/comps/1/2018/defense/2018-FIFA-World-Cup-Stats
FIFA World Cup,2018,Lukas Lerager,Denmark,MF,1,,0,,,0,0,0,0,https://web.archive.org/web/20260606150656/https://fbref.com/en/comps/1/2018/defense/2018-FIFA-World-Cup-Stats
FIFA World Cup,2018,Martin Braithwaite,Denmark,"MF,FW",251,,0,,,5,1,0,0,https://web.archive.org/web/20260606150656/https://fbref.com/en/comps/1/2018/defense/2018-FIFA-World-Cup-Stats
FIFA World Cup,2018,Mathias Jørgensen,Denmark,DF,220,,1,,,4,2,2,0,https://web.archive.org/web/20260606150656/https://fbref.com/en/comps/1/2018/defense/2018-FIFA-World-Cup-Stats
FIFA World Cup,2018,Michael Krohn-Dehli,Denmark,MF,23,,0,,,0,0,0,0,https://web.archive.org/web/20260606150656/https://fbref.com/en/comps/1/2018/defense/2018-FIFA-World-Cup-Stats
FIFA World Cup,2018,Nicolai Jørgensen,Denmark,FW,212,,2,,,4,0,0,0,https://web.archive.org/web/20260606150656/https://fbref.com/en/comps/1/2018/defense/2018-FIFA-World-Cup-Stats
FIFA World Cup,2018,Pione Sisto,Denmark,"FW,MF",230,,3,,,0,6,1,0,https://web.archive.org/web/20260606150656/https://fbref.com/en/comps/1/2018/defense/2018-FIFA-World-Cup-Stats
FIFA World Cup,2018,Simon Kjær,Denmark,DF,390,,2,,,2,1,0,0,https://web.archive.org/web/20260606150656/https://fbref.com/en/comps/1/2018/defense/2018-FIFA-World-Cup-Stats
FIFA World Cup,2018,Thomas Delaney,Denmark,MF,366,,6,,,12,3,1,0,https://web.archive.org/web/20260606150656/https://fbref.com/en/comps/1/2018/defense/2018-FIFA-World-Cup-Stats
FIFA World Cup,2018,Viktor Fischer,Denmark,MF,31,,0,,,0,0,0,0,https://web.archive.org/web/20260606150656/https://fbref.com/en/comps/1/2018/defense/2018-FIFA-World-Cup-Stats
FIFA World Cup,2018,William Kvist,Denmark,MF,34,,0,,,0,1,0,0,https://web.archive.org/web/20260606150656/https://fbref.com/en/comps/1/2018/defense/2018-FIFA-World-Cup-Stats
FIFA World Cup,2018,Yussuf Poulsen,Denmark,"FW,MF",268,,3,,,9,2,2,0,https://web.archive.org/web/20260606150656/https://fbref.com/en/comps/1/2018/defense/2018-FIFA-World-Cup-Stats
FIFA World Cup,2018,Abdallah Said,Egypt,"MF,FW",224,,3,,,0,2,0,0,https://web.archive.org/web/20260606150656/https://fbref.com/en/comps/1/2018/defense/2018-FIFA-World-Cup-Stats
FIFA World Cup,2018,Ahmed Fathy,Egypt,DF,270,,6,,,7,1,1,0,https://web.archive.org/web/20260606150656/https://fbref.com/en/comps/1/2018/defense/2018-FIFA-World-Cup-Stats
FIFA World Cup,2018,Ahmed Hegazi,Egypt,DF,270,,1,,,2,1,1,0,https://web.archive.org/web/20260606150656/https://fbref.com/en/comps/1/2018/defense/2018-FIFA-World-Cup-Stats
FIFA World Cup,2018,Ali Gabr,Egypt,DF,270,,4,,,2,1,1,0,https://web.archive.org/web/20260606150656/https://fbref.com/en/comps/1/2018/defense/2018-FIFA-World-Cup-Stats
FIFA World Cup,2018,Amr Warda,Egypt,"FW,MF",154,,1,,,1,5,0,0,https://web.archive.org/web/20260606150656/https://fbref.com/en/comps/1/2018/defense/2018-FIFA-World-Cup-Stats
FIFA World Cup,2018,Essam El-Hadary,Egypt,GK,90,,0,,,0,0,0,0,https://web.archive.org/web/20260606150656/https://fbref.com/en/comps/1/2018/defense/2018-FIFA-World-Cup-Stats
FIFA World Cup,2018,Kahraba,Egypt,"FW,MF",47,,1,,,2,0,0,0,https://web.archive.org/web/20260606150656/https://fbref.com/en/comps/1/2018/defense/2018-FIFA-World-Cup-Stats
FIFA World Cup,2018,Marwan Mohsen,Egypt,FW,206,,1,,,4,4,0,0,https://web.archive.org/web/20260606150656/https://fbref.com/en/comps/1/2018/defense/2018-FIFA-World-Cup-Stats
FIFA World Cup,2018,Mohamed Abdel-Shafy,Egypt,DF,270,,3,,,2,2,0,0,https://web.archive.org/web/20260606150656/https://fbref.com/en/comps/1/2018/defense/2018-FIFA-World-Cup-Stats
FIFA World Cup,2018,Mohamed El-Shenawy,Egypt,GK,180,,0,,,0,0,0,0,https://web.archive.org/web/20260606150656/https://fbref.com/en/comps/1/2018/defense/2018-FIFA-World-Cup-Stats
FIFA World Cup,2018,Mohamed Elneny,Egypt,MF,243,,1,,,3,0,0,0,https://web.archive.org/web/20260606150656/https://fbref.com/en/comps/1/2018/defense/2018-FIFA-World-Cup-Stats
FIFA World Cup,2018,Mohamed Salah,Egypt,"FW,MF",180,,1,,,1,1,0,0,https://web.archive.org/web/20260606150656/https://fbref.com/en/comps/1/2018/defense/2018-FIFA-World-Cup-Stats
FIFA World Cup,2018,Ramadan Sobhi,Egypt,"FW,MF",59,,1,,,1,1,0,0,https://web.archive.org/web/20260606150656/https://fbref.com/en/comps/1/2018/defense/2018-FIFA-World-Cup-Stats
FIFA World Cup,2018,Sam Morsy,Egypt,MF,41,,0,,,2,0,1,0,https://web.archive.org/web/20260606150656/https://fbref.com/en/comps/1/2018/defense/2018-FIFA-World-Cup-Stats
FIFA World Cup,2018,Tarek Hamed,Egypt,MF,229,,5,,,6,3,0,0,https://web.archive.org/web/20260606150656/https://fbref.com/en/comps/1/2018/defense/2018-FIFA-World-Cup-Stats
FIFA World Cup,2018,Trézéguet,Egypt,FW,237,,5,,,5,1,1,0,https://web.archive.org/web/20260606150656/https://fbref.com/en/comps/1/2018/defense/2018-FIFA-World-Cup-Stats
FIFA World Cup,2018,Ashley Young,England,FW,461,,3,,,4,3,0,0,https://web.archive.org/web/20260606150656/https://fbref.com/en/comps/1/2018/defense/2018-FIFA-World-Cup-Stats
FIFA World Cup,2018,Danny Rose,England,"FW,DF",205,,2,,,1,7,0,0,https://web.archive.org/web/20260606150656/https://fbref.com/en/comps/1/2018/defense/2018-FIFA-World-Cup-Stats
FIFA World Cup,2018,Danny Welbeck,England,FW,12,,0,,,0,0,0,0,https://web.archive.org/web/20260606150656/https://fbref.com/en/comps/1/2018/defense/2018-FIFA-World-Cup-Stats
FIFA World Cup,2018,Dele Alli,England,MF,362,,5,,,3,9,0,0,https://web.archive.org/web/20260606150656/https://fbref.com/en/comps/1/2018/defense/2018-FIFA-World-Cup-Stats
FIFA World Cup,2018,Eric Dier,England,MF,251,,4,,,5,4,0,0,https://web.archive.org/web/20260606150656/https://fbref.com/en/comps/1/2018/defense/2018-FIFA-World-Cup-Stats
FIFA World Cup,2018,Fabian Delph,England,"MF,FW",222,,3,,,1,3,0,0,https://web.archive.org/web/20260606150656/https://fbref.com/en/comps/1/2018/defense/2018-FIFA-World-Cup-Stats
FIFA World Cup,2018,Gary Cahill,England,DF,90,,0,,,1,0,0,0,https://web.archive.org/web/20260606150656/https://fbref.com/en/comps/1/2018/defense/2018-FIFA-World-Cup-Stats
FIFA World Cup,2018,Harry Kane,England,FW,572,,1,,,4,21,0,0,https://web.archive.org/web/20260606150656/https://fbref.com/en/comps/1/2018/defense/2018-FIFA-World-Cup-Stats
FIFA World Cup,2018,Harry Maguire,England,DF,645,,4,,,8,6,2,0,https://web.archive.org/web/20260606150656/https://fbref.com/en/comps/1/2018/defense/2018-FIFA-World-Cup-Stats
FIFA World Cup,2018,Jamie Vardy,England,FW,160,,1,,,2,1,0,0,https://web.archive.org/web/20260606150656/https://fbref.com/en/comps/1/2018/defense/2018-FIFA-World-Cup-Stats
FIFA World Cup,2018,Jesse Lingard,England,MF,526,,3,,,9,5,1,0,https://web.archive.org/web/20260606150656/https://fbref.com/en/comps/1/2018/defense/2018-FIFA-World-Cup-Stats
FIFA World Cup,2018,John Stones,England,DF,645,,8,,,4,4,1,0,https://web.archive.org/web/20260606150656/https://fbref.com/en/comps/1/2018/defense/2018-FIFA-World-Cup-Stats
FIFA World Cup,2018,Jordan Henderson,England,MF,480,,3,,,3,3,1,0,https://web.archive.org/web/20260606150656/https://fbref.com/en/comps/1/2018/defense/2018-FIFA-World-Cup-Stats
FIFA World Cup,2018,Jordan Pickford,England,GK,690,,0,,,0,3,0,0,https://web.archive.org/web/20260606150656/https://fbref.com/en/comps/1/2018/defense/2018-FIFA-World-Cup-Stats
FIFA World Cup,2018,Kieran Trippier,England,FW,579,,6,,,6,6,0,0,https://web.archive.org/web/20260606150656/https://fbref.com/en/comps/1/2018/defense/2018-FIFA-World-Cup-Stats
FIFA World Cup,2018,Kyle Walker,England,DF,493,,3,,,2,5,2,0,https://web.archive.org/web/20260606150656/https://fbref.com/en/comps/1/2018/defense/2018-FIFA-World-Cup-Stats
FIFA World Cup,2018,Marcus Rashford,England,FW,202,,1,,,4,5,0,0,https://web.archive.org/web/20260606150656/https://fbref.com/en/comps/1/2018/defense/2018-FIFA-World-Cup-Stats
FIFA World Cup,2018,Phil Jones,England,DF,180,,1,,,2,2,0,0,https://web.archive.org/web/20260606150656/https://fbref.com/en/comps/1/2018/defense/2018-FIFA-World-Cup-Stats
FIFA World Cup,2018,Raheem Sterling,England,FW,451,,0,,,10,8,0,0,https://web.archive.org/web/20260606150656/https://fbref.com/en/comps/1/2018/defense/2018-FIFA-World-Cup-Stats
FIFA World Cup,2018,Ruben Loftus-Cheek,England,MF,274,,0,,,3,6,1,0,https://web.archive.org/web/20260606150656/https://fbref.com/en/comps/1/2018/defense/2018-FIFA-World-Cup-Stats
FIFA World Cup,2018,Trent Alexander-Arnold,England,FW,90,,0,,,0,0,0,0,https://web.archive.org/web/20260606150656/https://fbref.com/en/comps/1/2018/defense/2018-FIFA-World-Cup-Stats
FIFA World Cup,2018,Antoine Griezmann,France,"MF,FW",566,,8,,,6,11,0,0,https://web.archive.org/web/20260606150656/https://fbref.com/en/comps/1/2018/defense/2018-FIFA-World-Cup-Stats
FIFA World Cup,2018,Benjamin Mendy,France,DF,41,,0,,,0,0,0,0,https://web.archive.org/web/20260606150656/https://fbref.com/en/comps/1/2018/defense/2018-FIFA-World-Cup-Stats
FIFA World Cup,2018,Benjamin Pavard,France,DF,540,,11,,,9,5,1,0,https://web.archive.org/web/20260606150656/https://fbref.com/en/comps/1/2018/defense/2018-FIFA-World-Cup-Stats
FIFA World Cup,2018,Blaise Matuidi,France,"FW,MF",334,,10,,,11,5,2,0,https://web.archive.org/web/20260606150656/https://fbref.com/en/comps/1/2018/defense/2018-FIFA-World-Cup-Stats
FIFA World Cup,2018,Corentin Tolisso,France,"FW,MF",195,,2,,,3,6,1,0,https://web.archive.org/web/20260606150656/https://fbref.com/en/comps/1/2018/defense/2018-FIFA-World-Cup-Stats
FIFA World Cup,2018,Djibril Sidibé,France,DF,90,,1,,,1,0,0,0,https://web.archive.org/web/20260606150656/https://fbref.com/en/comps/1/2018/defense/2018-FIFA-World-Cup-Stats
FIFA World Cup,2018,Florian Thauvin,France,FW,2,,0,,,0,0,0,0,https://web.archive.org/web/20260606150656/https://fbref.com/en/comps/1/2018/defense/2018-FIFA-World-Cup-Stats
FIFA World Cup,2018,Hugo Lloris,France,GK,540,,0,,,0,0,0,0,https://web.archive.org/web/20260606150656/https://fbref.com/en/comps/1/2018/defense/2018-FIFA-World-Cup-Stats
FIFA World Cup,2018,Kylian Mbappé,France,"FW,MF",532,,6,,,1,14,2,0,https://web.archive.org/web/20260606150656/https://fbref.com/en/comps/1/2018/defense/2018-FIFA-World-Cup-Stats
FIFA World Cup,2018,Lucas Hernández,France,DF,589,,7,,,8,15,2,0,https://web.archive.org/web/20260606150656/https://fbref.com/en/comps/1/2018/defense/2018-FIFA-World-Cup-Stats
FIFA World Cup,2018,N'Golo Kanté,France,MF,593,,12,,,11,4,2,0,https://web.archive.org/web/20260606150656/https://fbref.com/en/comps/1/2018/defense/2018-FIFA-World-Cup-Stats
FIFA World Cup,2018,Nabil Fekir,France,"MF,FW",74,,2,,,3,7,0,0,https://web.archive.org/web/20260606150656/https://fbref.com/en/comps/1/2018/defense/2018-FIFA-World-Cup-Stats
FIFA World Cup,2018,Olivier Giroud,France,FW,545,,3,,,14,4,1,0,https://web.archive.org/web/20260606150656/https://fbref.com/en/comps/1/2018/defense/2018-FIFA-World-Cup-Stats
FIFA World Cup,2018,Ousmane Dembélé,France,FW,165,,3,,,1,1,0,0,https://web.archive.org/web/20260606150656/https://fbref.com/en/comps/1/2018/defense/2018-FIFA-World-Cup-Stats
FIFA World Cup,2018,Paul Pogba,France,MF,538,,11,,,14,17,1,0,https://web.archive.org/web/20260606150656/https://fbref.com/en/comps/1/2018/defense/2018-FIFA-World-Cup-Stats
FIFA World Cup,2018,Presnel Kimpembe,France,DF,90,,1,,,1,2,0,0,https://web.archive.org/web/20260606150656/https://fbref.com/en/comps/1/2018/defense/2018-FIFA-World-Cup-Stats
FIFA World Cup,2018,Raphaël Varane,France,DF,630,,1,,,2,1,0,0,https://web.archive.org/web/20260606150656/https://fbref.com/en/comps/1/2018/defense/2018-FIFA-World-Cup-Stats
FIFA World Cup,2018,Samuel Umtiti,France,DF,540,,3,,,6,9,0,0,https://web.archive.org/web/20260606150656/https://fbref.com/en/comps/1/2018/defense/2018-FIFA-World-Cup-Stats
FIFA World Cup,2018,Steve Mandanda,France,GK,90,,0,,,0,0,0,0,https://web.archive.org/web/20260606150656/https://fbref.com/en/comps/1/2018/defense/2018-FIFA-World-Cup-Stats
FIFA World Cup,2018,Steven Nzonzi,France,"MF,FW",146,,3,,,0,2,0,0,https://web.archive.org/web/20260606150656/https://fbref.com/en/comps/1/2018/defense/2018-FIFA-World-Cup-Stats
FIFA World Cup,2018,Thomas Lemar,France,FW,90,,0,,,1,1,0,0,https://web.archive.org/web/20260606150656/https://fbref.com/en/comps/1/2018/defense/2018-FIFA-World-Cup-Stats
FIFA World Cup,2018,Antonio Rüdiger,Germany,DF,90,,0,,,2,1,0,0,https://web.archive.org/web/20260606150656/https://fbref.com/en/comps/1/2018/defense/2018-FIFA-World-Cup-Stats
FIFA World Cup,2018,Jonas Hector,Germany,DF,163,,3,,,2,3,0,0,https://web.archive.org/web/20260606150656/https://fbref.com/en/comps/1/2018/defense/2018-FIFA-World-Cup-Stats
FIFA World Cup,2018,Joshua Kimmich,Germany,DF,270,,2,,,2,12,0,0,https://web.archive.org/web/20260606150656/https://fbref.com/en/comps/1/2018/defense/2018-FIFA-World-Cup-Stats
FIFA World Cup,2018,Julian Brandt,Germany,DF,22,,1,,,0,1,0,0,https://web.archive.org/web/20260606150656/https://fbref.com/en/comps/1/2018/defense/2018-FIFA-World-Cup-Stats
FIFA World Cup,2018,Julian Draxler,Germany,"FW,MF",135,,2,,,4,1,0,0,https://web.archive.org/web/20260606150656/https://fbref.com/en/comps/1/2018/defense/2018-FIFA-World-Cup-Stats
FIFA World Cup,2018,Jérôme Boateng,Germany,DF,171,,2,,,5,4,2,1,https://web.archive.org/web/20260606150656/https://fbref.com/en/comps/1/2018/defense/2018-FIFA-World-Cup-Stats
FIFA World Cup,2018,Leon Goretzka,Germany,FW,62,,1,,,1,1,0,0,https://web.archive.org/web/20260606150656/https://fbref.com/en/comps/1/2018/defense/2018-FIFA-World-Cup-Stats
FIFA World Cup,2018,Manuel Neuer,Germany,GK,270,,0,,,0,0,0,0,https://web.archive.org/web/20260606150656/https://fbref.com/en/comps/1/2018/defense/2018-FIFA-World-Cup-Stats
FIFA World Cup,2018,Marco Reus,Germany,"MF,FW",211,,1,,,3,1,0,0,https://web.archive.org/web/20260606150656/https://fbref.com/en/comps/1/2018/defense/2018-FIFA-World-Cup-Stats
FIFA World Cup,2018,Mario Gómez,Germany,FW,90,,0,,,1,0,0,0,https://web.archive.org/web/20260606150656/https://fbref.com/en/comps/1/2018/defense/2018-FIFA-World-Cup-Stats
FIFA World Cup,2018,Marvin Plattenhardt,Germany,DF,78,,0,,,0,1,0,0,https://web.archive.org/web/20260606150656/https://fbref.com/en/comps/1/2018/defense/2018-FIFA-World-Cup-Stats
FIFA World Cup,2018,Mats Hummels,Germany,DF,180,,4,,,3,1,1,0,https://web.archive.org/web/20260606150656/https://fbref.com/en/comps/1/2018/defense/2018-FIFA-World-Cup-Stats
FIFA World Cup,2018,Mesut Özil,Germany,MF,180,,0,,,0,2,0,0,https://web.archive.org/web/20260606150656/https://fbref.com/en/comps/1/2018/defense/2018-FIFA-World-Cup-Stats
FIFA World Cup,2018,Niklas Süle,Germany,DF,90,,1,,,0,1,0,0,https://web.archive.org/web/20260606150656/https://fbref.com/en/comps/1/2018/defense/2018-FIFA-World-Cup-Stats
FIFA World Cup,2018,Sami Khedira,Germany,MF,116,,2,,,2,1,0,0,https://web.archive.org/web/20260606150656/https://fbref.com/en/comps/1/2018/defense/2018-FIFA-World-Cup-Stats
FIFA World Cup,2018,Sebastian Rudy,Germany,MF,30,,0,,,1,0,0,0,https://web.archive.org/web/20260606150656/https://fbref.com/en/comps/1/2018/defense/2018-FIFA-World-Cup-Stats
FIFA World Cup,2018,Thomas Müller,Germany,"FW,MF",208,,4,,,3,1,1,0,https://web.archive.org/web/20260606150656/https://fbref.com/en/comps/1/2018/defense/2018-FIFA-World-Cup-Stats
FIFA World Cup,2018,Timo Werner,Germany,FW,265,,1,,,1,4,0,0,https://web.archive.org/web/20260606150656/https://fbref.com/en/comps/1/2018/defense/2018-FIFA-World-Cup-Stats
FIFA World Cup,2018,Toni Kroos,Germany,MF,270,,4,,,1,6,0,0,https://web.archive.org/web/20260606150656/https://fbref.com/en/comps/1/2018/defense/2018-FIFA-World-Cup-Stats
FIFA World Cup,2018,İlkay Gündoğan,Germany,MF,60,,0,,,1,1,0,0,https://web.archive.org/web/20260606150656/https://fbref.com/en/comps/1/2018/defense/2018-FIFA-World-Cup-Stats
FIFA World Cup,2018,Albert Guðmundsson,Iceland,FW,6,,0,,,0,1,0,0,https://web.archive.org/web/20260606150656/https://fbref.com/en/comps/1/2018/defense/2018-FIFA-World-Cup-Stats
FIFA World Cup,2018,Alfreð Finnbogason,Iceland,FW,262,,1,,,6,2,1,0,https://web.archive.org/web/20260606150656/https://fbref.com/en/comps/1/2018/defense/2018-FIFA-World-Cup-Stats
FIFA World Cup,2018,Ari Freyr Skúlason,Iceland,MF,19,,0,,,0,0,0,0,https://web.archive.org/web/20260606150656/https://fbref.com/en/comps/1/2018/defense/2018-FIFA-World-Cup-Stats
FIFA World Cup,2018,Arnór Ingvi Traustason,Iceland,DF,1,,0,,,0,0,0,0,https://web.archive.org/web/20260606150656/https://fbref.com/en/comps/1/2018/defense/2018-FIFA-World-Cup-Stats
FIFA World Cup,2018,Aron Gunnarsson,Iceland,MF,251,,2,,,2,0,0,0,https://web.archive.org/web/20260606150656/https://fbref.com/en/comps/1/2018/defense/2018-FIFA-World-Cup-Stats
FIFA World Cup,2018,Birkir Bjarnason,Iceland,"MF,FW",269,,3,,,5,4,0,0,https://web.archive.org/web/20260606150656/https://fbref.com/en/comps/1/2018/defense/2018-FIFA-World-Cup-Stats
FIFA World Cup,2018,Birkir Már Sævarsson,Iceland,DF,270,,0,,,1,1,1,0,https://web.archive.org/web/20260606150656/https://fbref.com/en/comps/1/2018/defense/2018-FIFA-World-Cup-Stats
FIFA World Cup,2018,Björn Sigurðarson,Iceland,FW,43,,0,,,1,0,0,0,https://web.archive.org/web/20260606150656/https://fbref.com/en/comps/1/2018/defense/2018-FIFA-World-Cup-Stats
FIFA World Cup,2018,Emil Hallfreðsson,Iceland,MF,180,,3,,,3,6,1,0,https://web.archive.org/web/20260606150656/https://fbref.com/en/comps/1/2018/defense/2018-FIFA-World-Cup-Stats
FIFA World Cup,2018,Gylfi Sigurðsson,Iceland,"MF,FW",270,,5,,,2,4,0,0,https://web.archive.org/web/20260606150656/https://fbref.com/en/comps/1/2018/defense/2018-FIFA-World-Cup-Stats
FIFA World Cup,2018,Hannes Þór Halldórsson,Iceland,GK,270,,0,,,0,1,0,0,https://web.archive.org/web/20260606150656/https://fbref.com/en/comps/1/2018/defense/2018-FIFA-World-Cup-Stats
FIFA World Cup,2018,Hörður Magnússon,Iceland,DF,270,,4,,,4,0,0,0,https://web.archive.org/web/20260606150656/https://fbref.com/en/comps/1/2018/defense/2018-FIFA-World-Cup-Stats
FIFA World Cup,2018,Jóhann Berg Guðmundsson,Iceland,"FW,MF",152,,0,,,0,1,0,0,https://web.archive.org/web/20260606150656/https://fbref.com/en/comps/1/2018/defense/2018-FIFA-World-Cup-Stats
FIFA World Cup,2018,Jón Daði Böðvarsson,Iceland,FW,70,,0,,,0,1,0,0,https://web.archive.org/web/20260606150656/https://fbref.com/en/comps/1/2018/defense/2018-FIFA-World-Cup-Stats
FIFA World Cup,2018,Kári Árnason,Iceland,DF,180,,3,,,4,1,0,0,https://web.archive.org/web/20260606150656/https://fbref.com/en/comps/1/2018/defense/2018-FIFA-World-Cup-Stats
FIFA World Cup,2018,Ragnar Sigurðsson,Iceland,DF,223,,1,,,3,0,0,0,https://web.archive.org/web/20260606150656/https://fbref.com/en/comps/1/2018/defense/2018-FIFA-World-Cup-Stats
FIFA World Cup,2018,Rúrik Gíslason,Iceland,MF,118,,1,,,2,4,0,0,https://web.archive.org/web/20260606150656/https://fbref.com/en/comps/1/2018/defense/2018-FIFA-World-Cup-Stats
FIFA World Cup,2018,Sverrir Ingi Ingason,Iceland,DF,116,,1,,,3,0,0,0,https://web.archive.org/web/20260606150656/https://fbref.com/en/comps/1/2018/defense/2018-FIFA-World-Cup-Stats
FIFA World Cup,2018,Alireza Beiranvand,Iran,GK,270,,0,,,0,3,0,0,https://web.archive.org/web/20260606150656/https://fbref.com/en/comps/1/2018/defense/2018-FIFA-World-Cup-Stats
FIFA World Cup,2018,Alireza Jahanbakhsh,Iran,MF,170,,4,,,5,4,1,0,https://web.archive.org/web/20260606150656/https://fbref.com/en/comps/1/2018/defense/2018-FIFA-World-Cup-Stats
FIFA World Cup,2018,Ehsan Hajsafi,Iran,DF,213,,4,,,0,6,1,0,https://web.archive.org/web/20260606150656/https://fbref.com/en/comps/1/2018/defense/2018-FIFA-World-Cup-Stats
FIFA World Cup,2018,Karim Ansarifard,Iran,MF,179,,2,,,3,2,1,0,https://web.archive.org/web/20260606150656/https://fbref.com/en/comps/1/2018/defense/2018-FIFA-World-Cup-Stats
FIFA World Cup,2018,Majid Hosseini,Iran,DF,191,,1,,,1,1,0,0,https://web.archive.org/web/20260606150656/https://fbref.com/en/comps/1/2018/defense/2018-FIFA-World-Cup-Stats
FIFA World Cup,2018,Masoud Shojaei,Iran,MF,67,,2,,,3,1,1,0,https://web.archive.org/web/20260606150656/https://fbref.com/en/comps/1/2018/defense/2018-FIFA-World-Cup-Stats
FIFA World Cup,2018,Mehdi Taremi,Iran,MF,203,,2,,,4,4,0,0,https://web.archive.org/web/20260606150656/https://fbref.com/en/comps/1/2018/defense/2018-FIFA-World-Cup-Stats
FIFA World Cup,2018,Milad Mohammadi,Iran,DF,57,,6,,,0,1,0,0,https://web.archive.org/web/20260606150656/https://fbref.com/en/comps/1/2018/defense/2018-FIFA-World-Cup-Stats
FIFA World Cup,2018,Morteza Pouraliganji,Iran,DF,270,,0,,,0,2,0,0,https://web.archive.org/web/20260606150656/https://fbref.com/en/comps/1/2018/defense/2018-FIFA-World-Cup-Stats
FIFA World Cup,2018,Omid Ebrahimi,Iran,MF,259,,1,,,5,2,1,0,https://web.archive.org/web/20260606150656/https://fbref.com/en/comps/1/2018/defense/2018-FIFA-World-Cup-Stats
FIFA World Cup,2018,Ramin Rezaeian,Iran,DF,270,,5,,,4,4,0,0,https://web.archive.org/web/20260606150656/https://fbref.com/en/comps/1/2018/defense/2018-FIFA-World-Cup-Stats
FIFA World Cup,2018,Rouzbeh Cheshmi,Iran,"DF,MF",90,,1,,,0,0,0,0,https://web.archive.org/web/20260606150656/https://fbref.com/en/comps/1/2018/defense/2018-FIFA-World-Cup-Stats
FIFA World Cup,2018,Saeid Ezatolahi,Iran,MF,164,,1,,,4,4,0,0,https://web.archive.org/web/20260606150656/https://fbref.com/en/comps/1/2018/defense/2018-FIFA-World-Cup-Stats
FIFA World Cup,2018,Saman Ghoddos,Iran,MF,32,,0,,,4,1,0,0,https://web.archive.org/web/20260606150656/https://fbref.com/en/comps/1/2018/defense/2018-FIFA-World-Cup-Stats
FIFA World Cup,2018,Sardar Azmoun,Iran,FW,270,,2,,,5,3,1,0,https://web.archive.org/web/20260606150656/https://fbref.com/en/comps/1/2018/defense/2018-FIFA-World-Cup-Stats
FIFA World Cup,2018,Vahid Amiri,Iran,MF,265,,1,,,6,9,1,0,https://web.archive.org/web/20260606150656/https://fbref.com/en/comps/1/2018/defense/2018-FIFA-World-Cup-Stats
FIFA World Cup,2018,Eiji Kawashima,Japan,GK,360,,0,,,0,0,1,0,https://web.archive.org/web/20260606150656/https://fbref.com/en/comps/1/2018/defense/2018-FIFA-World-Cup-Stats
FIFA World Cup,2018,Gaku Shibasaki,Japan,MF,339,,6,,,7,3,1,0,https://web.archive.org/web/20260606150656/https://fbref.com/en/comps/1/2018/defense/2018-FIFA-World-Cup-Stats
FIFA World Cup,2018,Gen Shoji,Japan,DF,270,,2,,,0,2,0,0,https://web.archive.org/web/20260606150656/https://fbref.com/en/comps/1/2018/defense/2018-FIFA-World-Cup-Stats
FIFA World Cup,2018,Genki Haraguchi,Japan,FW,244,,6,,,4,4,0,0,https://web.archive.org/web/20260606150656/https://fbref.com/en/comps/1/2018/defense/2018-FIFA-World-Cup-Stats
FIFA World Cup,2018,Gōtoku Sakai,Japan,"MF,FW",90,,0,,,0,0,0,0,https://web.archive.org/web/20260606150656/https://fbref.com/en/comps/1/2018/defense/2018-FIFA-World-Cup-Stats
FIFA World Cup,2018,Hiroki Sakai,Japan,DF,360,,3,,,0,4,0,0,https://web.archive.org/web/20260606150656/https://fbref.com/en/comps/1/2018/defense/2018-FIFA-World-Cup-Stats
FIFA World Cup,2018,Hotaru Yamaguchi,Japan,MF,111,,1,,,2,1,0,0,https://web.archive.org/web/20260606150656/https://fbref.com/en/comps/1/2018/defense/2018-FIFA-World-Cup-Stats
FIFA World Cup,2018,Keisuke Honda,Japan,"MF,FW",50,,0,,,0,2,0,0,https://web.archive.org/web/20260606150656/https://fbref.com/en/comps/1/2018/defense/2018-FIFA-World-Cup-Stats
FIFA World Cup,2018,Makoto Hasebe,Japan,MF,279,,3,,,6,3,1,0,https://web.archive.org/web/20260606150656/https://fbref.com/en/comps/1/2018/defense/2018-FIFA-World-Cup-Stats
FIFA World Cup,2018,Maya Yoshida,Japan,DF,360,,0,,,5,2,0,0,https://web.archive.org/web/20260606150656/https://fbref.com/en/comps/1/2018/defense/2018-FIFA-World-Cup-Stats
FIFA World Cup,2018,Shinji Kagawa,Japan,MF,230,,2,,,2,5,0,0,https://web.archive.org/web/20260606150656/https://fbref.com/en/comps/1/2018/defense/2018-FIFA-World-Cup-Stats
FIFA World Cup,2018,Shinji Okazaki,Japan,FW,68,,1,,,1,2,0,0,https://web.archive.org/web/20260606150656/https://fbref.com/en/comps/1/2018/defense/2018-FIFA-World-Cup-Stats
FIFA World Cup,2018,Takashi Inui,Japan,FW,292,,5,,,2,9,1,0,https://web.archive.org/web/20260606150656/https://fbref.com/en/comps/1/2018/defense/2018-FIFA-World-Cup-Stats
FIFA World Cup,2018,Takashi Usami,Japan,MF,68,,1,,,2,3,0,0,https://web.archive.org/web/20260606150656/https://fbref.com/en/comps/1/2018/defense/2018-FIFA-World-Cup-Stats
FIFA World Cup,2018,Tomoaki Makino,Japan,DF,90,,0,,,1,0,1,0,https://web.archive.org/web/20260606150656/https://fbref.com/en/comps/1/2018/defense/2018-FIFA-World-Cup-Stats
FIFA World Cup,2018,Yoshinori Mutō,Japan,FW,81,,1,,,1,0,0,0,https://web.archive.org/web/20260606150656/https://fbref.com/en/comps/1/2018/defense/2018-FIFA-World-Cup-Stats
FIFA World Cup,2018,Yuya Osako,Japan,FW,308,,1,,,2,7,0,0,https://web.archive.org/web/20260606150656/https://fbref.com/en/comps/1/2018/defense/2018-FIFA-World-Cup-Stats
FIFA World Cup,2018,Yūto Nagatomo,Japan,DF,360,,4,,,2,3,0,0,https://web.archive.org/web/20260606150656/https://fbref.com/en/comps/1/2018/defense/2018-FIFA-World-Cup-Stats
FIFA World Cup,2018,Andrés Guardado,Mexico,MF,303,,5,,,2,3,1,0,https://web.archive.org/web/20260606150656/https://fbref.com/en/comps/1/2018/defense/2018-FIFA-World-Cup-Stats
FIFA World Cup,2018,Carlos Salcedo,Mexico,DF,360,,3,,,5,0,1,0,https://web.archive.org/web/20260606150656/https://fbref.com/en/comps/1/2018/defense/2018-FIFA-World-Cup-Stats
FIFA World Cup,2018,Carlos Vela,Mexico,"MF,FW",313,,3,,,3,10,0,0,https://web.archive.org/web/20260606150656/https://fbref.com/en/comps/1/2018/defense/2018-FIFA-World-Cup-Stats
FIFA World Cup,2018,Edson Álvarez,Mexico,"DF,MF",267,,6,,,4,4,1,0,https://web.archive.org/web/20260606150656/https://fbref.com/en/comps/1/2018/defense/2018-FIFA-World-Cup-Stats
FIFA World Cup,2018,Giovani dos Santos,Mexico,"FW,MF",14,,1,,,0,0,0,0,https://web.archive.org/web/20260606150656/https://fbref.com/en/comps/1/2018/defense/2018-FIFA-World-Cup-Stats
FIFA World Cup,2018,Guillermo Ochoa,Mexico,GK,360,,0,,,1,1,0,0,https://web.archive.org/web/20260606150656/https://fbref.com/en/comps/1/2018/defense/2018-FIFA-World-Cup-Stats
FIFA World Cup,2018,Hirving Lozano,Mexico,FW,315,,3,,,6,14,0,0,https://web.archive.org/web/20260606150656/https://fbref.com/en/comps/1/2018/defense/2018-FIFA-World-Cup-Stats
FIFA World Cup,2018,Hugo Ayala,Mexico,DF,180,,3,,,0,0,0,0,https://web.archive.org/web/20260606150656/https://fbref.com/en/comps/1/2018/defense/2018-FIFA-World-Cup-Stats
FIFA World Cup,2018,Héctor Herrera,Mexico,MF,360,,10,,,15,7,2,0,https://web.archive.org/web/20260606150656/https://fbref.com/en/comps/1/2018/defense/2018-FIFA-World-Cup-Stats
FIFA World Cup,2018,Héctor Moreno,Mexico,DF,270,,3,,,5,1,2,0,https://web.archive.org/web/20260606150656/https://fbref.com/en/comps/1/2018/defense/2018-FIFA-World-Cup-Stats
FIFA World Cup,2018,Javier Hernández,Mexico,FW,329,,2,,,3,7,0,0,https://web.archive.org/web/20260606150656/https://fbref.com/en/comps/1/2018/defense/2018-FIFA-World-Cup-Stats
FIFA World Cup,2018,Jesús Corona,Mexico,"FW,DF",36,,0,,,0,0,0,0,https://web.archive.org/web/20260606150656/https://fbref.com/en/comps/1/2018/defense/2018-FIFA-World-Cup-Stats
FIFA World Cup,2018,Jesús Gallardo,Mexico,DF,334,,4,,,4,0,1,0,https://web.archive.org/web/20260606150656/https://fbref.com/en/comps/1/2018/defense/2018-FIFA-World-Cup-Stats
FIFA World Cup,2018,Jonathan dos Santos,Mexico,MF,36,,1,,,0,0,0,0,https://web.archive.org/web/20260606150656/https://fbref.com/en/comps/1/2018/defense/2018-FIFA-World-Cup-Stats
FIFA World Cup,2018,Marco Fabián,Mexico,MF,26,,0,,,1,0,0,0,https://web.archive.org/web/20260606150656/https://fbref.com/en/comps/1/2018/defense/2018-FIFA-World-Cup-Stats
FIFA World Cup,2018,Miguel Layún,Mexico,"FW,DF",313,,3,,,2,3,1,0,https://web.archive.org/web/20260606150656/https://fbref.com/en/comps/1/2018/defense/2018-FIFA-World-Cup-Stats
FIFA World Cup,2018,Oribe Peralta,Mexico,DF,2,,0,,,0,0,0,0,https://web.archive.org/web/20260606150656/https://fbref.com/en/comps/1/2018/defense/2018-FIFA-World-Cup-Stats
FIFA World Cup,2018,Rafael Márquez,Mexico,MF,86,,2,,,1,0,0,0,https://web.archive.org/web/20260606150656/https://fbref.com/en/comps/1/2018/defense/2018-FIFA-World-Cup-Stats
FIFA World Cup,2018,Raúl Jiménez,Mexico,"FW,MF",56,,1,,,2,0,0,0,https://web.archive.org/web/20260606150656/https://fbref.com/en/comps/1/2018/defense/2018-FIFA-World-Cup-Stats
FIFA World Cup,2018,Achraf Hakimi,Morocco,DF,270,,6,,,2,0,1,0,https://web.archive.org/web/20260606150656/https://fbref.com/en/comps/1/2018/defense/2018-FIFA-World-Cup-Stats
FIFA World Cup,2018,Amine Harit,Morocco,FW,81,,0,,,1,2,0,0,https://web.archive.org/web/20260606150656/https://fbref.com/en/comps/1/2018/defense/2018-FIFA-World-Cup-Stats
FIFA World Cup,2018,Ayoub El Kaabi,Morocco,FW,98,,0,,,3,1,0,0,https://web.archive.org/web/20260606150656/https://fbref.com/en/comps/1/2018/defense/2018-FIFA-World-Cup-Stats
FIFA World Cup,2018,Aziz Bouhaddouz,Morocco,FW,20,,0,,,1,1,0,0,https://web.archive.org/web/20260606150656/https://fbref.com/en/comps/1/2018/defense/2018-FIFA-World-Cup-Stats
FIFA World Cup,2018,Fayçal Fajr,Morocco,MF,33,,0,,,3,0,0,0,https://web.archive.org/web/20260606150656/https://fbref.com/en/comps/1/2018/defense/2018-FIFA-World-Cup-Stats
FIFA World Cup,2018,Hakim Ziyech,Morocco,"FW,MF",264,,5,,,8,3,0,0,https://web.archive.org/web/20260606150656/https://fbref.com/en/comps/1/2018/defense/2018-FIFA-World-Cup-Stats
FIFA World Cup,2018,Karim El Ahmadi,Morocco,MF,265,,5,,,7,1,2,0,https://web.archive.org/web/20260606150656/https://fbref.com/en/comps/1/2018/defense/2018-FIFA-World-Cup-Stats
FIFA World Cup,2018,Khalid Boutaïb,Morocco,FW,139,,1,,,3,2,0,0,https://web.archive.org/web/20260606150656/https://fbref.com/en/comps/1/2018/defense/2018-FIFA-World-Cup-Stats
FIFA World Cup,2018,M'barek Boussoufa,Morocco,MF,270,,6,,,5,9,1,0,https://web.archive.org/web/20260606150656/https://fbref.com/en/comps/1/2018/defense/2018-FIFA-World-Cup-Stats
FIFA World Cup,2018,Manuel da Costa,Morocco,DF,189,,3,,,2,0,1,0,https://web.archive.org/web/20260606150656/https://fbref.com/en/comps/1/2018/defense/2018-FIFA-World-Cup-Stats
FIFA World Cup,2018,Medhi Benatia,Morocco,DF,180,,0,,,5,2,1,0,https://web.archive.org/web/20260606150656/https://fbref.com/en/comps/1/2018/defense/2018-FIFA-World-Cup-Stats
FIFA World Cup,2018,Mehdi Carcela,Morocco,MF,16,,0,,,1,0,0,0,https://web.archive.org/web/20260606150656/https://fbref.com/en/comps/1/2018/defense/2018-FIFA-World-Cup-Stats
FIFA World Cup,2018,Munir,Morocco,GK,270,,0,,,0,1,1,0,https://web.archive.org/web/20260606150656/https://fbref.com/en/comps/1/2018/defense/2018-FIFA-World-Cup-Stats
FIFA World Cup,2018,Nabil Dirar,Morocco,DF,180,,2,,,4,1,0,0,https://web.archive.org/web/20260606150656/https://fbref.com/en/comps/1/2018/defense/2018-FIFA-World-Cup-Stats
FIFA World Cup,2018,Nordin Amrabat,Morocco,"MF,FW",255,,3,,,10,8,1,0,https://web.archive.org/web/20260606150656/https://fbref.com/en/comps/1/2018/defense/2018-FIFA-World-Cup-Stats
FIFA World Cup,2018,Romain Saïss,Morocco,DF,180,,2,,,2,1,0,0,https://web.archive.org/web/20260606150656/https://fbref.com/en/comps/1/2018/defense/2018-FIFA-World-Cup-Stats
FIFA World Cup,2018,Sofyan Amrabat,Morocco,"FW,DF",15,,0,,,2,0,0,0,https://web.archive.org/web/20260606150656/https://fbref.com/en/comps/1/2018/defense/2018-FIFA-World-Cup-Stats
FIFA World Cup,2018,Younès Belhanda,Morocco,MF,226,,3,,,4,5,0,0,https://web.archive.org/web/20260606150656/https://fbref.com/en/comps/1/2018/defense/2018-FIFA-World-Cup-Stats
FIFA World Cup,2018,Youssef En-Nesyri,Morocco,"FW,MF",19,,0,,,0,0,0,0,https://web.archive.org/web/20260606150656/https://fbref.com/en/comps/1/2018/defense/2018-FIFA-World-Cup-Stats
FIFA World Cup,2018,Ahmed Musa,Nigeria,FW,208,,1,,,4,3,0,0,https://web.archive.org/web/20260606150656/https://fbref.com/en/comps/1/2018/defense/2018-FIFA-World-Cup-Stats
FIFA World Cup,2018,Alex Iwobi,Nigeria,FW,63,,0,,,1,0,0,0,https://web.archive.org/web/20260606150656/https://fbref.com/en/comps/1/2018/defense/2018-FIFA-World-Cup-Stats
FIFA World Cup,2018,Brian Idowu,Nigeria,DF,225,,3,,,3,2,1,0,https://web.archive.org/web/20260606150656/https://fbref.com/en/comps/1/2018/defense/2018-FIFA-World-Cup-Stats
FIFA World Cup,2018,Francis Uzoho,Nigeria,GK,270,,0,,,0,1,0,0,https://web.archive.org/web/20260606150656/https://fbref.com/en/comps/1/2018/defense/2018-FIFA-World-Cup-Stats
FIFA World Cup,2018,John Obi Mikel,Nigeria,MF,267,,5,,,5,1,1,0,https://web.archive.org/web/20260606150656/https://fbref.com/en/comps/1/2018/defense/2018-FIFA-World-Cup-Stats
FIFA World Cup,2018,Kelechi Iheanacho,Nigeria,FW,148,,1,,,1,1,0,0,https://web.archive.org/web/20260606150656/https://fbref.com/en/comps/1/2018/defense/2018-FIFA-World-Cup-Stats
FIFA World Cup,2018,Kenneth Omeruo,Nigeria,DF,179,,2,,,2,3,0,0,https://web.archive.org/web/20260606150656/https://fbref.com/en/comps/1/2018/defense/2018-FIFA-World-Cup-Stats
FIFA World Cup,2018,Leon Balogun,Nigeria,DF,270,,0,,,3,1,1,0,https://web.archive.org/web/20260606150656/https://fbref.com/en/comps/1/2018/defense/2018-FIFA-World-Cup-Stats
FIFA World Cup,2018,Odion Ighalo,Nigeria,FW,122,,1,,,6,5,0,0,https://web.archive.org/web/20260606150656/https://fbref.com/en/comps/1/2018/defense/2018-FIFA-World-Cup-Stats
FIFA World Cup,2018,Oghenekaro Etebo,Nigeria,MF,269,,6,,,4,11,0,0,https://web.archive.org/web/20260606150656/https://fbref.com/en/comps/1/2018/defense/2018-FIFA-World-Cup-Stats
FIFA World Cup,2018,Shehu Abdullahi,Nigeria,DF,90,,1,,,1,1,0,0,https://web.archive.org/web/20260606150656/https://fbref.com/en/comps/1/2018/defense/2018-FIFA-World-Cup-Stats
FIFA World Cup,2018,Simeon Nwankwo,Nigeria,"MF,FW",4,,0,,,3,0,0,0,https://web.archive.org/web/20260606150656/https://fbref.com/en/comps/1/2018/defense/2018-FIFA-World-Cup-Stats
FIFA World Cup,2018,Tyronne Ebuehi,Nigeria,DF,45,,1,,,1,0,0,0,https://web.archive.org/web/20260606150656/https://fbref.com/en/comps/1/2018/defense/2018-FIFA-World-Cup-Stats
FIFA World Cup,2018,Victor Moses,Nigeria,"DF,FW",270,,2,,,4,6,0,0,https://web.archive.org/web/20260606150656/https://fbref.com/en/comps/1/2018/defense/2018-FIFA-World-Cup-Stats
FIFA World Cup,2018,Wilfred Ndidi,Nigeria,MF,270,,9,,,5,7,0,0,https://web.archive.org/web/20260606150656/https://fbref.com/en/comps/1/2018/defense/2018-FIFA-World-Cup-Stats
FIFA World Cup,2018,William Troost-Ekong,Nigeria,DF,270,,2,,,2,2,1,0,https://web.archive.org/web/20260606150656/https://fbref.com/en/comps/1/2018/defense/2018-FIFA-World-Cup-Stats
FIFA World Cup,2018,Abdiel Arroyo,Panama,"MF,FW",32,,0,,,1,0,0,0,https://web.archive.org/web/20260606150656/https://fbref.com/en/comps/1/2018/defense/2018-FIFA-World-Cup-Stats
FIFA World Cup,2018,Adolfo Machado,Panama,DF,90,,3,,,0,0,0,0,https://web.archive.org/web/20260606150656/https://fbref.com/en/comps/1/2018/defense/2018-FIFA-World-Cup-Stats
FIFA World Cup,2018,Aníbal Godoy,Panama,MF,241,,0,,,5,10,1,0,https://web.archive.org/web/20260606150656/https://fbref.com/en/comps/1/2018/defense/2018-FIFA-World-Cup-Stats
FIFA World Cup,2018,Armando Cooper,Panama,MF,180,,1,,,4,5,2,0,https://web.archive.org/web/20260606150656/https://fbref.com/en/comps/1/2018/defense/2018-FIFA-World-Cup-Stats
FIFA World Cup,2018,Blas Pérez,Panama,FW,162,,0,,,1,1,0,0,https://web.archive.org/web/20260606150656/https://fbref.com/en/comps/1/2018/defense/2018-FIFA-World-Cup-Stats
FIFA World Cup,2018,Erick Davis,Panama,DF,180,,2,,,4,1,1,0,https://web.archive.org/web/20260606150656/https://fbref.com/en/comps/1/2018/defense/2018-FIFA-World-Cup-Stats
FIFA World Cup,2018,Felipe Baloy,Panama,DF,22,,0,,,0,0,0,0,https://web.archive.org/web/20260606150656/https://fbref.com/en/comps/1/2018/defense/2018-FIFA-World-Cup-Stats
FIFA World Cup,2018,Fidel Escobar,Panama,"DF,MF",270,,3,,,5,3,1,0,https://web.archive.org/web/20260606150656/https://fbref.com/en/comps/1/2018/defense/2018-FIFA-World-Cup-Stats
FIFA World Cup,2018,Gabriel Gómez,Panama,MF,248,,4,,,5,5,1,0,https://web.archive.org/web/20260606150656/https://fbref.com/en/comps/1/2018/defense/2018-FIFA-World-Cup-Stats
FIFA World Cup,2018,Gabriel Torres,Panama,"FW,MF",73,,2,,,1,0,0,0,https://web.archive.org/web/20260606150656/https://fbref.com/en/comps/1/2018/defense/2018-FIFA-World-Cup-Stats
FIFA World Cup,2018,Harold Cummings,Panama,DF,45,,1,,,0,0,0,0,https://web.archive.org/web/20260606150656/https://fbref.com/en/comps/1/2018/defense/2018-FIFA-World-Cup-Stats
FIFA World Cup,2018,Ismael Díaz,Panama,MF,28,,0,,,0,0,0,0,https://web.archive.org/web/20260606150656/https://fbref.com/en/comps/1/2018/defense/2018-FIFA-World-Cup-Stats
FIFA World Cup,2018,Jaime Penedo,Panama,GK,270,,1,,,0,0,0,0,https://web.archive.org/web/20260606150656/https://fbref.com/en/comps/1/2018/defense/2018-FIFA-World-Cup-Stats
FIFA World Cup,2018,José Luis Rodríguez,Panama,MF,242,,0,,,3,11,0,0,https://web.archive.org/web/20260606150656/https://fbref.com/en/comps/1/2018/defense/2018-FIFA-World-Cup-Stats
FIFA World Cup,2018,Luis Ovalle,Panama,DF,90,,1,,,0,1,0,0,https://web.archive.org/web/20260606150656/https://fbref.com/en/comps/1/2018/defense/2018-FIFA-World-Cup-Stats
FIFA World Cup,2018,Luis Tejada,Panama,FW,53,,1,,,4,1,1,0,https://web.archive.org/web/20260606150656/https://fbref.com/en/comps/1/2018/defense/2018-FIFA-World-Cup-Stats
FIFA World Cup,2018,Michael Amir Murillo,Panama,DF,180,,3,,,6,2,2,0,https://web.archive.org/web/20260606150656/https://fbref.com/en/comps/1/2018/defense/2018-FIFA-World-Cup-Stats
FIFA World Cup,2018,Ricardo Ávila,Panama,MF,109,,2,,,5,2,1,0,https://web.archive.org/web/20260606150656/https://fbref.com/en/comps/1/2018/defense/2018-FIFA-World-Cup-Stats
FIFA World Cup,2018,Román Torres,Panama,DF,235,,0,,,1,2,0,0,https://web.archive.org/web/20260606150656/https://fbref.com/en/comps/1/2018/defense/2018-FIFA-World-Cup-Stats
FIFA World Cup,2018,Yoel Bárcenas,Panama,MF,220,,1,,,4,3,1,0,https://web.archive.org/web/20260606150656/https://fbref.com/en/comps/1/2018/defense/2018-FIFA-World-Cup-Stats
FIFA World Cup,2018,Alberto Rodríguez,Peru,DF,135,,0,,,2,0,0,0,https://web.archive.org/web/20260606150656/https://fbref.com/en/comps/1/2018/defense/2018-FIFA-World-Cup-Stats
FIFA World Cup,2018,Anderson Santamaría,Peru,DF,135,,4,,,0,0,0,0,https://web.archive.org/web/20260606150656/https://fbref.com/en/comps/1/2018/defense/2018-FIFA-World-Cup-Stats
FIFA World Cup,2018,André Carrillo,Peru,FW,258,,2,,,2,3,0,0,https://web.archive.org/web/20260606150656/https://fbref.com/en/comps/1/2018/defense/2018-FIFA-World-Cup-Stats
FIFA World Cup,2018,Christian Cueva,Peru,"MF,FW",270,,1,,,0,5,0,0,https://web.archive.org/web/20260606150656/https://fbref.com/en/comps/1/2018/defense/2018-FIFA-World-Cup-Stats
FIFA World Cup,2018,Christian Ramos,Peru,DF,270,,1,,,1,1,0,0,https://web.archive.org/web/20260606150656/https://fbref.com/en/comps/1/2018/defense/2018-FIFA-World-Cup-Stats
FIFA World Cup,2018,Edison Flores,Peru,"FW,MF",241,,5,,,3,2,0,0,https://web.archive.org/web/20260606150656/https://fbref.com/en/comps/1/2018/defense/2018-FIFA-World-Cup-Stats
FIFA World Cup,2018,Jefferson Farfán,Peru,"MF,FW",129,,1,,,5,6,0,0,https://web.archive.org/web/20260606150656/https://fbref.com/en/comps/1/2018/defense/2018-FIFA-World-Cup-Stats
FIFA World Cup,2018,Luis Advíncula,Peru,DF,270,,7,,,2,8,0,0,https://web.archive.org/web/20260606150656/https://fbref.com/en/comps/1/2018/defense/2018-FIFA-World-Cup-Stats
FIFA World Cup,2018,Miguel Trauco,Peru,DF,261,,3,,,2,1,0,0,https://web.archive.org/web/20260606150656/https://fbref.com/en/comps/1/2018/defense/2018-FIFA-World-Cup-Stats
FIFA World Cup,2018,Paolo Guerrero,Peru,FW,209,,2,,,4,2,1,0,https://web.archive.org/web/20260606150656/https://fbref.com/en/comps/1/2018/defense/2018-FIFA-World-Cup-Stats
FIFA World Cup,2018,Paolo Hurtado,Peru,"FW,MF",28,,1,,,2,0,1,0,https://web.archive.org/web/20260606150656/https://fbref.com/en/comps/1/2018/defense/2018-FIFA-World-Cup-Stats
FIFA World Cup,2018,Pedro Aquino,Peru,MF,139,,11,,,5,2,1,0,https://web.archive.org/web/20260606150656/https://fbref.com/en/comps/1/2018/defense/2018-FIFA-World-Cup-Stats
FIFA World Cup,2018,Pedro Gallese,Peru,GK,270,,0,,,0,2,0,0,https://web.archive.org/web/20260606150656/https://fbref.com/en/comps/1/2018/defense/2018-FIFA-World-Cup-Stats
FIFA World Cup,2018,Raúl Ruidíaz,Peru,"FW,MF",15,,0,,,1,0,0,0,https://web.archive.org/web/20260606150656/https://fbref.com/en/comps/1/2018/defense/2018-FIFA-World-Cup-Stats
FIFA World Cup,2018,Renato Tapia,Peru,MF,148,,1,,,3,2,1,0,https://web.archive.org/web/20260606150656/https://fbref.com/en/comps/1/2018/defense/2018-FIFA-World-Cup-Stats
FIFA World Cup,2018,Wilder Cartagena,Peru,MF,12,,1,,,1,0,0,0,https://web.archive.org/web/20260606150656/https://fbref.com/en/comps/1/2018/defense/2018-FIFA-World-Cup-Stats
FIFA World Cup,2018,Yoshimar Yotún,Peru,MF,180,,2,,,5,5,1,0,https://web.archive.org/web/20260606150656/https://fbref.com/en/comps/1/2018/defense/2018-FIFA-World-Cup-Stats
FIFA World Cup,2018,Arkadiusz Milik,Poland,"MF,FW",72,,0,,,0,0,0,0,https://web.archive.org/web/20260606150656/https://fbref.com/en/comps/1/2018/defense/2018-FIFA-World-Cup-Stats
FIFA World Cup,2018,Artur Jędrzejczyk,Poland,DF,90,,1,,,2,0,0,0,https://web.archive.org/web/20260606150656/https://fbref.com/en/comps/1/2018/defense/2018-FIFA-World-Cup-Stats
FIFA World Cup,2018,Bartosz Bereszyński,Poland,"DF,MF",169,,1,,,4,2,0,0,https://web.archive.org/web/20260606150656/https://fbref.com/en/comps/1/2018/defense/2018-FIFA-World-Cup-Stats
FIFA World Cup,2018,Dawid Kownacki,Poland,FW,74,,0,,,2,0,0,0,https://web.archive.org/web/20260606150656/https://fbref.com/en/comps/1/2018/defense/2018-FIFA-World-Cup-Stats
FIFA World Cup,2018,Grzegorz Krychowiak,Poland,MF,270,,5,,,3,8,1,0,https://web.archive.org/web/20260606150656/https://fbref.com/en/comps/1/2018/defense/2018-FIFA-World-Cup-Stats
FIFA World Cup,2018,Jacek Góralski,Poland,MF,180,,10,,,3,3,1,0,https://web.archive.org/web/20260606150656/https://fbref.com/en/comps/1/2018/defense/2018-FIFA-World-Cup-Stats
FIFA World Cup,2018,Jakub Błaszczykowski,Poland,FW,45,,0,,,0,0,0,0,https://web.archive.org/web/20260606150656/https://fbref.com/en/comps/1/2018/defense/2018-FIFA-World-Cup-Stats
FIFA World Cup,2018,Jan Bednarek,Poland,DF,225,,1,,,2,3,1,0,https://web.archive.org/web/20260606150656/https://fbref.com/en/comps/1/2018/defense/2018-FIFA-World-Cup-Stats
FIFA World Cup,2018,Kamil Glik,Poland,DF,101,,0,,,2,1,0,0,https://web.archive.org/web/20260606150656/https://fbref.com/en/comps/1/2018/defense/2018-FIFA-World-Cup-Stats
FIFA World Cup,2018,Kamil Grosicki,Poland,"FW,MF",214,,1,,,1,2,0,0,https://web.archive.org/web/20260606150656/https://fbref.com/en/comps/1/2018/defense/2018-FIFA-World-Cup-Stats
FIFA World Cup,2018,Maciej Rybus,Poland,"MF,DF",180,,3,,,2,1,0,0,https://web.archive.org/web/20260606150656/https://fbref.com/en/comps/1/2018/defense/2018-FIFA-World-Cup-Stats
FIFA World Cup,2018,Michał Pazdan,Poland,DF,169,,3,,,1,0,0,0,https://web.archive.org/web/20260606150656/https://fbref.com/en/comps/1/2018/defense/2018-FIFA-World-Cup-Stats
FIFA World Cup,2018,Piotr Zieliński,Poland,"MF,FW",258,,4,,,2,3,0,0,https://web.archive.org/web/20260606150656/https://fbref.com/en/comps/1/2018/defense/2018-FIFA-World-Cup-Stats
FIFA World Cup,2018,Rafał Kurzawa,Poland,FW,79,,0,,,0,2,0,0,https://web.archive.org/web/20260606150656/https://fbref.com/en/comps/1/2018/defense/2018-FIFA-World-Cup-Stats
FIFA World Cup,2018,Robert Lewandowski,Poland,FW,270,,2,,,5,5,0,0,https://web.archive.org/web/20260606150656/https://fbref.com/en/comps/1/2018/defense/2018-FIFA-World-Cup-Stats
FIFA World Cup,2018,Sławomir Peszko,Poland,FW,11,,0,,,0,0,0,0,https://web.archive.org/web/20260606150656/https://fbref.com/en/comps/1/2018/defense/2018-FIFA-World-Cup-Stats
FIFA World Cup,2018,Thiago Cionek,Poland,DF,90,,3,,,1,2,0,0,https://web.archive.org/web/20260606150656/https://fbref.com/en/comps/1/2018/defense/2018-FIFA-World-Cup-Stats
FIFA World Cup,2018,Wojciech Szczęsny,Poland,GK,180,,0,,,0,0,0,0,https://web.archive.org/web/20260606150656/https://fbref.com/en/comps/1/2018/defense/2018-FIFA-World-Cup-Stats
FIFA World Cup,2018,Łukasz Fabiański,Poland,GK,90,,0,,,0,0,0,0,https://web.archive.org/web/20260606150656/https://fbref.com/en/comps/1/2018/defense/2018-FIFA-World-Cup-Stats
FIFA World Cup,2018,Łukasz Piszczek,Poland,"DF,MF",172,,0,,,0,3,0,0,https://web.archive.org/web/20260606150656/https://fbref.com/en/comps/1/2018/defense/2018-FIFA-World-Cup-Stats
FIFA World Cup,2018,Łukasz Teodorczyk,Poland,"FW,MF",31,,1,,,1,0,0,0,https://web.archive.org/web/20260606150656/https://fbref.com/en/comps/1/2018/defense/2018-FIFA-World-Cup-Stats
FIFA World Cup,2018,Adrien Silva,Portugal,MF,156,,3,,,2,1,1,0,https://web.archive.org/web/20260606150656/https://fbref.com/en/comps/1/2018/defense/2018-FIFA-World-Cup-Stats
FIFA World Cup,2018,André Silva,Portugal,FW,117,,0,,,1,2,0,0,https://web.archive.org/web/20260606150656/https://fbref.com/en/comps/1/2018/defense/2018-FIFA-World-Cup-Stats
FIFA World Cup,2018,Bernardo Silva,Portugal,MF,238,,6,,,2,4,0,0,https://web.archive.org/web/20260606150656/https://fbref.com/en/comps/1/2018/defense/2018-FIFA-World-Cup-Stats
FIFA World Cup,2018,Bruno Fernandes,Portugal,MF,88,,1,,,1,0,1,0,https://web.archive.org/web/20260606150656/https://fbref.com/en/comps/1/2018/defense/2018-FIFA-World-Cup-Stats
FIFA World Cup,2018,Cristiano Ronaldo,Portugal,FW,360,,0,,,3,14,2,0,https://web.archive.org/web/20260606150656/https://fbref.com/en/comps/1/2018/defense/2018-FIFA-World-Cup-Stats
FIFA World Cup,2018,Cédric Soares,Portugal,DF,270,,5,,,6,2,1,0,https://web.archive.org/web/20260606150656/https://fbref.com/en/comps/1/2018/defense/2018-FIFA-World-Cup-Stats
FIFA World Cup,2018,Gelson Martins,Portugal,FW,32,,1,,,0,1,0,0,https://web.archive.org/web/20260606150656/https://fbref.com/en/comps/1/2018/defense/2018-FIFA-World-Cup-Stats
FIFA World Cup,2018,Gonçalo Guedes,Portugal,FW,243,,2,,,3,6,0,0,https://web.archive.org/web/20260606150656/https://fbref.com/en/comps/1/2018/defense/2018-FIFA-World-Cup-Stats
FIFA World Cup,2018,José Fonte,Portugal,DF,360,,1,,,4,4,0,0,https://web.archive.org/web/20260606150656/https://fbref.com/en/comps/1/2018/defense/2018-FIFA-World-Cup-Stats
FIFA World Cup,2018,João Moutinho,Portugal,MF,185,,7,,,6,4,0,0,https://web.archive.org/web/20260606150656/https://fbref.com/en/comps/1/2018/defense/2018-FIFA-World-Cup-Stats
FIFA World Cup,2018,João Mário,Portugal,MF,259,,3,,,5,3,0,0,https://web.archive.org/web/20260606150656/https://fbref.com/en/comps/1/2018/defense/2018-FIFA-World-Cup-Stats
FIFA World Cup,2018,Manuel Fernandes,Portugal,MF,6,,0,,,0,0,0,0,https://web.archive.org/web/20260606150656/https://fbref.com/en/comps/1/2018/defense/2018-FIFA-World-Cup-Stats
FIFA World Cup,2018,Pepe,Portugal,DF,360,,5,,,3,4,0,0,https://web.archive.org/web/20260606150656/https://fbref.com/en/comps/1/2018/defense/2018-FIFA-World-Cup-Stats
FIFA World Cup,2018,Raphaël Guerreiro,Portugal,DF,360,,4,,,6,5,1,0,https://web.archive.org/web/20260606150656/https://fbref.com/en/comps/1/2018/defense/2018-FIFA-World-Cup-Stats
FIFA World Cup,2018,Ricardo Pereira,Portugal,DF,90,,0,,,3,1,0,0,https://web.archive.org/web/20260606150656/https://fbref.com/en/comps/1/2018/defense/2018-FIFA-World-Cup-Stats
FIFA World Cup,2018,Ricardo Quaresma,Portugal,MF,116,,2,,,4,2,1,0,https://web.archive.org/web/20260606150656/https://fbref.com/en/comps/1/2018/defense/2018-FIFA-World-Cup-Stats
FIFA World Cup,2018,Rui Patrício,Portugal,GK,360,,0,,,0,2,0,0,https://web.archive.org/web/20260606150656/https://fbref.com/en/comps/1/2018/defense/2018-FIFA-World-Cup-Stats
FIFA World Cup,2018,William Carvalho,Portugal,MF,360,,6,,,6,4,0,0,https://web.archive.org/web/20260606150656/https://fbref.com/en/comps/1/2018/defense/2018-FIFA-World-Cup-Stats
FIFA World Cup,2018,Alan Dzagoev,Russia,MF,42,,0,,,0,1,0,0,https://web.archive.org/web/20260606150656/https://fbref.com/en/comps/1/2018/defense/2018-FIFA-World-Cup-Stats
FIFA World Cup,2018,Aleksandr Erokhin,Russia,"FW,MF",91,,0,,,3,0,0,0,https://web.archive.org/web/20260606150656/https://fbref.com/en/comps/1/2018/defense/2018-FIFA-World-Cup-Stats
FIFA World Cup,2018,Aleksandr Golovin,Russia,MF,401,,5,,,16,4,1,0,https://web.archive.org/web/20260606150656/https://fbref.com/en/comps/1/2018/defense/2018-FIFA-World-Cup-Stats
FIFA World Cup,2018,Aleksandr Samedov,Russia,"FW,MF",356,,5,,,8,8,0,0,https://web.archive.org/web/20260606150656/https://fbref.com/en/comps/1/2018/defense/2018-FIFA-World-Cup-Stats
FIFA World Cup,2018,Aleksei Miranchuk,Russia,MF,59,,1,,,1,1,0,0,https://web.archive.org/web/20260606150656/https://fbref.com/en/comps/1/2018/defense/2018-FIFA-World-Cup-Stats
FIFA World Cup,2018,Artem Dzyuba,Russia,FW,331,,0,,,15,10,0,0,https://web.archive.org/web/20260606150656/https://fbref.com/en/comps/1/2018/defense/2018-FIFA-World-Cup-Stats
FIFA World Cup,2018,Daler Kuzyaev,Russia,"MF,FW",305,,5,,,6,2,0,0,https://web.archive.org/web/20260606150656/https://fbref.com/en/comps/1/2018/defense/2018-FIFA-World-Cup-Stats
FIFA World Cup,2018,Denis Cheryshev,Russia,"FW,MF",303,,6,,,7,1,0,0,https://web.archive.org/web/20260606150656/https://fbref.com/en/comps/1/2018/defense/2018-FIFA-World-Cup-Stats
FIFA World Cup,2018,Fyodor Kudryashov,Russia,DF,335,,1,,,7,1,0,0,https://web.archive.org/web/20260606150656/https://fbref.com/en/comps/1/2018/defense/2018-FIFA-World-Cup-Stats
FIFA World Cup,2018,Fyodor Smolov,Russia,"FW,MF",222,,2,,,4,1,1,0,https://web.archive.org/web/20260606150656/https://fbref.com/en/comps/1/2018/defense/2018-FIFA-World-Cup-Stats
FIFA World Cup,2018,Igor Akinfeev,Russia,GK,510,,0,,,0,0,0,0,https://web.archive.org/web/20260606150656/https://fbref.com/en/comps/1/2018/defense/2018-FIFA-World-Cup-Stats
FIFA World Cup,2018,Igor Smolnikov,Russia,DF,35,,0,,,1,2,2,1,https://web.archive.org/web/20260606150656/https://fbref.com/en/comps/1/2018/defense/2018-FIFA-World-Cup-Stats
FIFA World Cup,2018,Ilya Kutepov,Russia,DF,510,,2,,,5,2,1,0,https://web.archive.org/web/20260606150656/https://fbref.com/en/comps/1/2018/defense/2018-FIFA-World-Cup-Stats
FIFA World Cup,2018,Mário Fernandes,Russia,DF,473,,7,,,4,6,0,0,https://web.archive.org/web/20260606150656/https://fbref.com/en/comps/1/2018/defense/2018-FIFA-World-Cup-Stats
FIFA World Cup,2018,Roman Zobnin,Russia,MF,510,,11,,,8,9,1,0,https://web.archive.org/web/20260606150656/https://fbref.com/en/comps/1/2018/defense/2018-FIFA-World-Cup-Stats
FIFA World Cup,2018,Sergei Ignashevich,Russia,DF,510,,5,,,2,3,0,0,https://web.archive.org/web/20260606150656/https://fbref.com/en/comps/1/2018/defense/2018-FIFA-World-Cup-Stats
FIFA World Cup,2018,Vladimir Granat,Russia,DF,75,,0,,,0,1,0,0,https://web.archive.org/web/20260606150656/https://fbref.com/en/comps/1/2018/defense/2018-FIFA-World-Cup-Stats
FIFA World Cup,2018,Yuri Gazinskiy,Russia,MF,267,,4,,,6,3,2,0,https://web.archive.org/web/20260606150656/https://fbref.com/en/comps/1/2018/defense/2018-FIFA-World-Cup-Stats
FIFA World Cup,2018,Yuri Zhirkov,Russia,DF,220,,3,,,3,1,0,0,https://web.archive.org/web/20260606150656/https://fbref.com/en/comps/1/2018/defense/2018-FIFA-World-Cup-Stats
FIFA World Cup,2018,Abdullah Al-Mayouf,Saudi Arabia,GK,90,,1,,,0,0,0,0,https://web.archive.org/web/20260606150656/https://fbref.com/en/comps/1/2018/defense/2018-FIFA-World-Cup-Stats
FIFA World Cup,2018,Abdullah Otayf,Saudi Arabia,MF,243,,3,,,2,8,0,0,https://web.archive.org/web/20260606150656/https://fbref.com/en/comps/1/2018/defense/2018-FIFA-World-Cup-Stats
FIFA World Cup,2018,Ali Al-Bulaihi,Saudi Arabia,DF,90,,0,,,0,1,0,0,https://web.archive.org/web/20260606150656/https://fbref.com/en/comps/1/2018/defense/2018-FIFA-World-Cup-Stats
FIFA World Cup,2018,Fahad Al Muwallad,Saudi Arabia,FW,182,,1,,,4,2,0,0,https://web.archive.org/web/20260606150656/https://fbref.com/en/comps/1/2018/defense/2018-FIFA-World-Cup-Stats
FIFA World Cup,2018,Hattan Bahebri,Saudi Arabia,"MF,FW",155,,1,,,1,1,0,0,https://web.archive.org/web/20260606150656/https://fbref.com/en/comps/1/2018/defense/2018-FIFA-World-Cup-Stats
FIFA World Cup,2018,Hussain Al Moqahwi,Saudi Arabia,MF,137,,3,,,2,4,0,0,https://web.archive.org/web/20260606150656/https://fbref.com/en/comps/1/2018/defense/2018-FIFA-World-Cup-Stats
FIFA World Cup,2018,Mohamed Kanno,Saudi Arabia,FW,16,,1,,,1,0,0,0,https://web.archive.org/web/20260606150656/https://fbref.com/en/comps/1/2018/defense/2018-FIFA-World-Cup-Stats
FIFA World Cup,2018,Mohammed Al Sahlawi,Saudi Arabia,FW,96,,0,,,2,0,0,0,https://web.archive.org/web/20260606150656/https://fbref.com/en/comps/1/2018/defense/2018-FIFA-World-Cup-Stats
FIFA World Cup,2018,Mohammed Al-Breik,Saudi Arabia,DF,270,,6,,,0,9,0,0,https://web.archive.org/web/20260606150656/https://fbref.com/en/comps/1/2018/defense/2018-FIFA-World-Cup-Stats
FIFA World Cup,2018,Mohammed Al-Owais,Saudi Arabia,GK,90,,0,,,0,0,0,0,https://web.archive.org/web/20260606150656/https://fbref.com/en/comps/1/2018/defense/2018-FIFA-World-Cup-Stats
FIFA World Cup,2018,Motaz Hawsawi,Saudi Arabia,DF,90,,2,,,0,1,0,0,https://web.archive.org/web/20260606150656/https://fbref.com/en/comps/1/2018/defense/2018-FIFA-World-Cup-Stats
FIFA World Cup,2018,Muhannad Assiri,Saudi Arabia,"FW,MF",33,,0,,,0,0,0,0,https://web.archive.org/web/20260606150656/https://fbref.com/en/comps/1/2018/defense/2018-FIFA-World-Cup-Stats
FIFA World Cup,2018,Omar Hawsawi,Saudi Arabia,DF,90,,1,,,1,2,0,0,https://web.archive.org/web/20260606150656/https://fbref.com/en/comps/1/2018/defense/2018-FIFA-World-Cup-Stats
FIFA World Cup,2018,Osama Hawsawi,Saudi Arabia,DF,270,,6,,,3,4,0,0,https://web.archive.org/web/20260606150656/https://fbref.com/en/comps/1/2018/defense/2018-FIFA-World-Cup-Stats
FIFA World Cup,2018,Salem Al-Dawsari,Saudi Arabia,"MF,FW",270,,5,,,4,6,0,0,https://web.archive.org/web/20260606150656/https://fbref.com/en/comps/1/2018/defense/2018-FIFA-World-Cup-Stats
FIFA World Cup,2018,Salman Al-Faraj,Saudi Arabia,MF,270,,1,,,3,3,0,0,https://web.archive.org/web/20260606150656/https://fbref.com/en/comps/1/2018/defense/2018-FIFA-World-Cup-Stats
FIFA World Cup,2018,Taisir Al-Jassim,Saudi Arabia,MF,133,,1,,,3,2,1,0,https://web.archive.org/web/20260606150656/https://fbref.com/en/comps/1/2018/defense/2018-FIFA-World-Cup-Stats
FIFA World Cup,2018,Yahya Al-Shehri,Saudi Arabia,MF,85,,0,,,0,0,0,0,https://web.archive.org/web/20260606150656/https://fbref.com/en/comps/1/2018/defense/2018-FIFA-World-Cup-Stats
FIFA World Cup,2018,Yasser Al Mosailem,Saudi Arabia,GK,90,,0,,,0,0,0,0,https://web.archive.org/web/20260606150656/https://fbref.com/en/comps/1/2018/defense/2018-FIFA-World-Cup-Stats
FIFA World Cup,2018,Yasser Al-Shahrani,Saudi Arabia,DF,270,,5,,,4,2,0,0,https://web.archive.org/web/20260606150656/https://fbref.com/en/comps/1/2018/defense/2018-FIFA-World-Cup-Stats
FIFA World Cup,2018,Alfred N'Diaye,Senegal,MF,149,,2,,,1,0,0,0,https://web.archive.org/web/20260606150656/https://fbref.com/en/comps/1/2018/defense/2018-FIFA-World-Cup-Stats
FIFA World Cup,2018,Badou Ndiaye,Senegal,MF,80,,0,,,1,0,0,0,https://web.archive.org/web/20260606150656/https://fbref.com/en/comps/1/2018/defense/2018-FIFA-World-Cup-Stats
FIFA World Cup,2018,Cheikh N'Doye,Senegal,"FW,MF",39,,1,,,1,1,1,0,https://web.archive.org/web/20260606150656/https://fbref.com/en/comps/1/2018/defense/2018-FIFA-World-Cup-Stats
FIFA World Cup,2018,Cheikhou Kouyaté,Senegal,MF,121,,2,,,1,1,0,0,https://web.archive.org/web/20260606150656/https://fbref.com/en/comps/1/2018/defense/2018-FIFA-World-Cup-Stats
FIFA World Cup,2018,Diafra Sakho,Senegal,FW,5,,0,,,0,0,0,0,https://web.archive.org/web/20260606150656/https://fbref.com/en/comps/1/2018/defense/2018-FIFA-World-Cup-Stats
FIFA World Cup,2018,Idrissa Gueye,Senegal,MF,270,,7,,,6,2,1,0,https://web.archive.org/web/20260606150656/https://fbref.com/en/comps/1/2018/defense/2018-FIFA-World-Cup-Stats
FIFA World Cup,2018,Ismaila Sarr,Senegal,MF,270,,2,,,4,6,0,0,https://web.archive.org/web/20260606150656/https://fbref.com/en/comps/1/2018/defense/2018-FIFA-World-Cup-Stats
FIFA World Cup,2018,Kalidou Koulibaly,Senegal,DF,270,,3,,,4,0,0,0,https://web.archive.org/web/20260606150656/https://fbref.com/en/comps/1/2018/defense/2018-FIFA-World-Cup-Stats
FIFA World Cup,2018,Keita Baldé,Senegal,MF,79,,2,,,1,3,0,0,https://web.archive.org/web/20260606150656/https://fbref.com/en/comps/1/2018/defense/2018-FIFA-World-Cup-Stats
FIFA World Cup,2018,Khadim N'Diaye,Senegal,GK,270,,0,,,0,1,0,0,https://web.archive.org/web/20260606150656/https://fbref.com/en/comps/1/2018/defense/2018-FIFA-World-Cup-Stats
FIFA World Cup,2018,Lamine Gassama,Senegal,DF,90,,2,,,1,3,0,0,https://web.archive.org/web/20260606150656/https://fbref.com/en/comps/1/2018/defense/2018-FIFA-World-Cup-Stats
FIFA World Cup,2018,M'Baye Niang,Senegal,FW,244,,2,,,6,4,2,0,https://web.archive.org/web/20260606150656/https://fbref.com/en/comps/1/2018/defense/2018-FIFA-World-Cup-Stats
FIFA World Cup,2018,Mame Biram Diouf,Senegal,FW,66,,1,,,2,0,0,0,https://web.archive.org/web/20260606150656/https://fbref.com/en/comps/1/2018/defense/2018-FIFA-World-Cup-Stats
FIFA World Cup,2018,Moussa Konaté,Senegal,FW,27,,0,,,0,1,0,0,https://web.archive.org/web/20260606150656/https://fbref.com/en/comps/1/2018/defense/2018-FIFA-World-Cup-Stats
FIFA World Cup,2018,Moussa Wagué,Senegal,DF,197,,1,,,1,1,0,0,https://web.archive.org/web/20260606150656/https://fbref.com/en/comps/1/2018/defense/2018-FIFA-World-Cup-Stats
FIFA World Cup,2018,Sadio Mané,Senegal,"MF,FW",270,,3,,,7,6,0,0,https://web.archive.org/web/20260606150656/https://fbref.com/en/comps/1/2018/defense/2018-FIFA-World-Cup-Stats
FIFA World Cup,2018,Salif Sané,Senegal,DF,270,,2,,,1,0,1,0,https://web.archive.org/web/20260606150656/https://fbref.com/en/comps/1/2018/defense/2018-FIFA-World-Cup-Stats
FIFA World Cup,2018,Youssouf Sabaly,Senegal,DF,253,,1,,,8,2,1,0,https://web.archive.org/web/20260606150656/https://fbref.com/en/comps/1/2018/defense/2018-FIFA-World-Cup-Stats
FIFA World Cup,2018,Adem Ljajić,Serbia,"FW,MF",170,,1,,,1,0,1,0,https://web.archive.org/web/20260606150656/https://fbref.com/en/comps/1/2018/defense/2018-FIFA-World-Cup-Stats
FIFA World Cup,2018,Aleksandar Kolarov,Serbia,DF,270,,1,,,7,5,0,0,https://web.archive.org/web/20260606150656/https://fbref.com/en/comps/1/2018/defense/2018-FIFA-World-Cup-Stats
FIFA World Cup,2018,Aleksandar Mitrović,Serbia,FW,266,,4,,,5,7,2,0,https://web.archive.org/web/20260606150656/https://fbref.com/en/comps/1/2018/defense/2018-FIFA-World-Cup-Stats
FIFA World Cup,2018,Aleksandar Prijović,Serbia,FW,2,,0,,,0,0,1,0,https://web.archive.org/web/20260606150656/https://fbref.com/en/comps/1/2018/defense/2018-FIFA-World-Cup-Stats
FIFA World Cup,2018,Andrija Živković,Serbia,MF,16,,0,,,0,0,0,0,https://web.archive.org/web/20260606150656/https://fbref.com/en/comps/1/2018/defense/2018-FIFA-World-Cup-Stats
FIFA World Cup,2018,Antonio Rukavina,Serbia,"DF,FW",99,,4,,,2,0,0,0,https://web.archive.org/web/20260606150656/https://fbref.com/en/comps/1/2018/defense/2018-FIFA-World-Cup-Stats
FIFA World Cup,2018,Branislav Ivanović,Serbia,DF,180,,6,,,1,4,1,0,https://web.archive.org/web/20260606150656/https://fbref.com/en/comps/1/2018/defense/2018-FIFA-World-Cup-Stats
FIFA World Cup,2018,Dušan Tadić,Serbia,FW,261,,6,,,4,4,0,0,https://web.archive.org/web/20260606150656/https://fbref.com/en/comps/1/2018/defense/2018-FIFA-World-Cup-Stats
FIFA World Cup,2018,Duško Tošić,Serbia,DF,180,,4,,,4,4,0,0,https://web.archive.org/web/20260606150656/https://fbref.com/en/comps/1/2018/defense/2018-FIFA-World-Cup-Stats
FIFA World Cup,2018,Filip Kostić,Serbia,FW,165,,5,,,4,3,0,0,https://web.archive.org/web/20260606150656/https://fbref.com/en/comps/1/2018/defense/2018-FIFA-World-Cup-Stats
FIFA World Cup,2018,Luka Jović,Serbia,FW,2,,0,,,0,0,0,0,https://web.archive.org/web/20260606150656/https://fbref.com/en/comps/1/2018/defense/2018-FIFA-World-Cup-Stats
FIFA World Cup,2018,Luka Milivojević,Serbia,MF,170,,3,,,2,3,1,0,https://web.archive.org/web/20260606150656/https://fbref.com/en/comps/1/2018/defense/2018-FIFA-World-Cup-Stats
FIFA World Cup,2018,Miloš Veljković,Serbia,DF,90,,0,,,0,0,0,0,https://web.archive.org/web/20260606150656/https://fbref.com/en/comps/1/2018/defense/2018-FIFA-World-Cup-Stats
FIFA World Cup,2018,Nemanja Matić,Serbia,MF,270,,6,,,7,5,2,0,https://web.archive.org/web/20260606150656/https://fbref.com/en/comps/1/2018/defense/2018-FIFA-World-Cup-Stats
FIFA World Cup,2018,Nemanja Radonjić,Serbia,"MF,FW",19,,1,,,0,0,0,0,https://web.archive.org/web/20260606150656/https://fbref.com/en/comps/1/2018/defense/2018-FIFA-World-Cup-Stats
FIFA World Cup,2018,Nikola Milenković,Serbia,DF,270,,3,,,1,1,0,0,https://web.archive.org/web/20260606150656/https://fbref.com/en/comps/1/2018/defense/2018-FIFA-World-Cup-Stats
FIFA World Cup,2018,Sergej Milinković-Savić,Serbia,MF,270,,2,,,9,2,1,0,https://web.archive.org/web/20260606150656/https://fbref.com/en/comps/1/2018/defense/2018-FIFA-World-Cup-Stats
FIFA World Cup,2018,Vladimir Stojković,Serbia,GK,270,,1,,,0,0,0,0,https://web.archive.org/web/20260606150656/https://fbref.com/en/comps/1/2018/defense/2018-FIFA-World-Cup-Stats
FIFA World Cup,2018,Go Yo-han,South Korea,FW,12,,0,,,1,0,0,0,https://web.archive.org/web/20260606150656/https://fbref.com/en/comps/1/2018/defense/2018-FIFA-World-Cup-Stats
FIFA World Cup,2018,Hong Chul,South Korea,DF,97,,1,,,2,1,0,0,https://web.archive.org/web/20260606150656/https://fbref.com/en/comps/1/2018/defense/2018-FIFA-World-Cup-Stats
FIFA World Cup,2018,Hwang Hee-chan,South Korea,FW,203,,8,,,5,5,1,0,https://web.archive.org/web/20260606150656/https://fbref.com/en/comps/1/2018/defense/2018-FIFA-World-Cup-Stats
FIFA World Cup,2018,Jang Hyun-soo,South Korea,"DF,MF",270,,0,,,6,3,0,0,https://web.archive.org/web/20260606150656/https://fbref.com/en/comps/1/2018/defense/2018-FIFA-World-Cup-Stats
FIFA World Cup,2018,Jo Hyeon-woo,South Korea,GK,270,,0,,,0,1,0,0,https://web.archive.org/web/20260606150656/https://fbref.com/en/comps/1/2018/defense/2018-FIFA-World-Cup-Stats
FIFA World Cup,2018,Ju Se-jong,South Korea,MF,85,,2,,,3,1,0,0,https://web.archive.org/web/20260606150656/https://fbref.com/en/comps/1/2018/defense/2018-FIFA-World-Cup-Stats
FIFA World Cup,2018,Jung Woo-young,South Korea,MF,128,,3,,,4,2,2,0,https://web.archive.org/web/20260606150656/https://fbref.com/en/comps/1/2018/defense/2018-FIFA-World-Cup-Stats
FIFA World Cup,2018,Ki Sung-yueng,South Korea,MF,180,,1,,,6,3,0,0,https://web.archive.org/web/20260606150656/https://fbref.com/en/comps/1/2018/defense/2018-FIFA-World-Cup-Stats
FIFA World Cup,2018,Kim Min-woo,South Korea,DF,146,,1,,,3,0,0,0,https://web.archive.org/web/20260606150656/https://fbref.com/en/comps/1/2018/defense/2018-FIFA-World-Cup-Stats
FIFA World Cup,2018,Kim Shin-wook,South Korea,FW,66,,0,,,3,0,1,0,https://web.archive.org/web/20260606150656/https://fbref.com/en/comps/1/2018/defense/2018-FIFA-World-Cup-Stats
FIFA World Cup,2018,Kim Young-gwon,South Korea,DF,270,,2,,,4,2,1,0,https://web.archive.org/web/20260606150656/https://fbref.com/en/comps/1/2018/defense/2018-FIFA-World-Cup-Stats
FIFA World Cup,2018,Koo Ja-cheol,South Korea,"MF,FW",126,,3,,,0,3,0,0,https://web.archive.org/web/20260606150656/https://fbref.com/en/comps/1/2018/defense/2018-FIFA-World-Cup-Stats
FIFA World Cup,2018,Lee Jae-sung,South Korea,"MF,FW",270,,4,,,6,1,1,0,https://web.archive.org/web/20260606150656/https://fbref.com/en/comps/1/2018/defense/2018-FIFA-World-Cup-Stats
FIFA World Cup,2018,Lee Seung-woo,South Korea,MF,46,,0,,,2,0,1,0,https://web.archive.org/web/20260606150656/https://fbref.com/en/comps/1/2018/defense/2018-FIFA-World-Cup-Stats
FIFA World Cup,2018,Lee Yong,South Korea,DF,270,,9,,,6,5,1,0,https://web.archive.org/web/20260606150656/https://fbref.com/en/comps/1/2018/defense/2018-FIFA-World-Cup-Stats
FIFA World Cup,2018,Moon Seon-min,South Korea,"FW,MF",144,,5,,,7,0,1,0,https://web.archive.org/web/20260606150656/https://fbref.com/en/comps/1/2018/defense/2018-FIFA-World-Cup-Stats
FIFA World Cup,2018,Park Joo-ho,South Korea,DF,27,,0,,,1,1,0,0,https://web.archive.org/web/20260606150656/https://fbref.com/en/comps/1/2018/defense/2018-FIFA-World-Cup-Stats
FIFA World Cup,2018,Son Heung-min,South Korea,FW,270,,1,,,3,5,1,0,https://web.archive.org/web/20260606150656/https://fbref.com/en/comps/1/2018/defense/2018-FIFA-World-Cup-Stats
FIFA World Cup,2018,Yun Young-sun,South Korea,DF,90,,1,,,1,0,0,0,https://web.archive.org/web/20260606150656/https://fbref.com/en/comps/1/2018/defense/2018-FIFA-World-Cup-Stats
FIFA World Cup,2018,Andrés Iniesta,Spain,MF,283,,1,,,3,4,0,0,https://web.archive.org/web/20260606150656/https://fbref.com/en/comps/1/2018/defense/2018-FIFA-World-Cup-Stats
FIFA World Cup,2018,Dani Carvajal,Spain,DF,231,,3,,,2,2,0,0,https://web.archive.org/web/20260606150656/https://fbref.com/en/comps/1/2018/defense/2018-FIFA-World-Cup-Stats
FIFA World Cup,2018,David Silva,Spain,"FW,MF",324,,1,,,3,0,0,0,https://web.archive.org/web/20260606150656/https://fbref.com/en/comps/1/2018/defense/2018-FIFA-World-Cup-Stats
FIFA World Cup,2018,David de Gea,Spain,GK,390,,0,,,0,0,0,0,https://web.archive.org/web/20260606150656/https://fbref.com/en/comps/1/2018/defense/2018-FIFA-World-Cup-Stats
FIFA World Cup,2018,Diego Costa,Spain,FW,316,,1,,,3,2,0,0,https://web.archive.org/web/20260606150656/https://fbref.com/en/comps/1/2018/defense/2018-FIFA-World-Cup-Stats
FIFA World Cup,2018,Gerard Piqué,Spain,DF,390,,2,,,4,2,1,0,https://web.archive.org/web/20260606150656/https://fbref.com/en/comps/1/2018/defense/2018-FIFA-World-Cup-Stats
FIFA World Cup,2018,Iago Aspas,Spain,FW,72,,0,,,2,0,0,0,https://web.archive.org/web/20260606150656/https://fbref.com/en/comps/1/2018/defense/2018-FIFA-World-Cup-Stats
FIFA World Cup,2018,Isco,Spain,"FW,MF",390,,2,,,1,19,0,0,https://web.archive.org/web/20260606150656/https://fbref.com/en/comps/1/2018/defense/2018-FIFA-World-Cup-Stats
FIFA World Cup,2018,Jordi Alba,Spain,DF,390,,3,,,2,3,0,0,https://web.archive.org/web/20260606150656/https://fbref.com/en/comps/1/2018/defense/2018-FIFA-World-Cup-Stats
FIFA World Cup,2018,Koke,Spain,MF,230,,4,,,0,1,0,0,https://web.archive.org/web/20260606150656/https://fbref.com/en/comps/1/2018/defense/2018-FIFA-World-Cup-Stats
FIFA World Cup,2018,Lucas Vázquez,Spain,"MF,FW",83,,1,,,2,3,0,0,https://web.archive.org/web/20260606150656/https://fbref.com/en/comps/1/2018/defense/2018-FIFA-World-Cup-Stats
FIFA World Cup,2018,Marco Asensio,Spain,"FW,MF",132,,0,,,0,1,0,0,https://web.archive.org/web/20260606150656/https://fbref.com/en/comps/1/2018/defense/2018-FIFA-World-Cup-Stats
FIFA World Cup,2018,Nacho,Spain,DF,159,,6,,,3,4,0,0,https://web.archive.org/web/20260606150656/https://fbref.com/en/comps/1/2018/defense/2018-FIFA-World-Cup-Stats
FIFA World Cup,2018,Rodrigo,Spain,FW,26,,0,,,0,1,0,0,https://web.archive.org/web/20260606150656/https://fbref.com/en/comps/1/2018/defense/2018-FIFA-World-Cup-Stats
FIFA World Cup,2018,Sergio Busquets,Spain,MF,390,,4,,,5,12,1,0,https://web.archive.org/web/20260606150656/https://fbref.com/en/comps/1/2018/defense/2018-FIFA-World-Cup-Stats
FIFA World Cup,2018,Sergio Ramos,Spain,DF,390,,6,,,4,4,0,0,https://web.archive.org/web/20260606150656/https://fbref.com/en/comps/1/2018/defense/2018-FIFA-World-Cup-Stats
FIFA World Cup,2018,Thiago Alcántara,Spain,MF,94,,2,,,1,1,0,0,https://web.archive.org/web/20260606150656/https://fbref.com/en/comps/1/2018/defense/2018-FIFA-World-Cup-Stats
FIFA World Cup,2018,Albin Ekdal,Sweden,MF,419,,6,,,1,8,1,0,https://web.archive.org/web/20260606150656/https://fbref.com/en/comps/1/2018/defense/2018-FIFA-World-Cup-Stats
FIFA World Cup,2018,Andreas Granqvist,Sweden,DF,450,,2,,,9,6,0,0,https://web.archive.org/web/20260606150656/https://fbref.com/en/comps/1/2018/defense/2018-FIFA-World-Cup-Stats
FIFA World Cup,2018,Emil Forsberg,Sweden,MF,415,,3,,,3,10,0,0,https://web.archive.org/web/20260606150656/https://fbref.com/en/comps/1/2018/defense/2018-FIFA-World-Cup-Stats
FIFA World Cup,2018,Emil Krafth,Sweden,DF,93,,0,,,0,0,0,0,https://web.archive.org/web/20260606150656/https://fbref.com/en/comps/1/2018/defense/2018-FIFA-World-Cup-Stats
FIFA World Cup,2018,Gustav Svensson,Sweden,MF,134,,1,,,1,0,0,0,https://web.archive.org/web/20260606150656/https://fbref.com/en/comps/1/2018/defense/2018-FIFA-World-Cup-Stats
FIFA World Cup,2018,Isaac Kiese Thelin,Sweden,FW,39,,0,,,3,1,0,0,https://web.archive.org/web/20260606150656/https://fbref.com/en/comps/1/2018/defense/2018-FIFA-World-Cup-Stats
FIFA World Cup,2018,Jimmy Durmaz,Sweden,MF,17,,0,,,2,0,0,0,https://web.archive.org/web/20260606150656/https://fbref.com/en/comps/1/2018/defense/2018-FIFA-World-Cup-Stats
FIFA World Cup,2018,John Guidetti,Sweden,FW,39,,0,,,1,1,1,0,https://web.archive.org/web/20260606150656/https://fbref.com/en/comps/1/2018/defense/2018-FIFA-World-Cup-Stats
FIFA World Cup,2018,Ludwig Augustinsson,Sweden,DF,450,,5,,,3,2,0,0,https://web.archive.org/web/20260606150656/https://fbref.com/en/comps/1/2018/defense/2018-FIFA-World-Cup-Stats
FIFA World Cup,2018,Marcus Berg,Sweden,FW,425,,3,,,15,11,0,0,https://web.archive.org/web/20260606150656/https://fbref.com/en/comps/1/2018/defense/2018-FIFA-World-Cup-Stats
FIFA World Cup,2018,Martin Olsson,Sweden,MF,35,,0,,,1,1,0,0,https://web.archive.org/web/20260606150656/https://fbref.com/en/comps/1/2018/defense/2018-FIFA-World-Cup-Stats
FIFA World Cup,2018,Mikael Lustig,Sweden,DF,351,,2,,,4,3,2,0,https://web.archive.org/web/20260606150656/https://fbref.com/en/comps/1/2018/defense/2018-FIFA-World-Cup-Stats
FIFA World Cup,2018,Ola Toivonen,Sweden,FW,397,,1,,,4,12,0,0,https://web.archive.org/web/20260606150656/https://fbref.com/en/comps/1/2018/defense/2018-FIFA-World-Cup-Stats
FIFA World Cup,2018,Oscar Hiljemark,Sweden,MF,31,,0,,,0,1,0,0,https://web.archive.org/web/20260606150656/https://fbref.com/en/comps/1/2018/defense/2018-FIFA-World-Cup-Stats
FIFA World Cup,2018,Pontus Jansson,Sweden,DF,96,,0,,,3,0,0,0,https://web.archive.org/web/20260606150656/https://fbref.com/en/comps/1/2018/defense/2018-FIFA-World-Cup-Stats
FIFA World Cup,2018,Robin Olsen,Sweden,GK,450,,0,,,0,1,0,0,https://web.archive.org/web/20260606150656/https://fbref.com/en/comps/1/2018/defense/2018-FIFA-World-Cup-Stats
FIFA World Cup,2018,Sebastian Larsson,Sweden,MF,316,,3,,,9,2,3,0,https://web.archive.org/web/20260606150656/https://fbref.com/en/comps/1/2018/defense/2018-FIFA-World-Cup-Stats
FIFA World Cup,2018,Victor Lindelöf,Sweden,DF,360,,2,,,1,0,0,0,https://web.archive.org/web/20260606150656/https://fbref.com/en/comps/1/2018/defense/2018-FIFA-World-Cup-Stats
FIFA World Cup,2018,Viktor Claesson,Sweden,MF,433,,5,,,5,6,1,0,https://web.archive.org/web/20260606150656/https://fbref.com/en/comps/1/2018/defense/2018-FIFA-World-Cup-Stats
FIFA World Cup,2018,Blerim Džemaili,Switzerland,MF,324,,6,,,8,4,0,0,https://web.archive.org/web/20260606150656/https://fbref.com/en/comps/1/2018/defense/2018-FIFA-World-Cup-Stats
FIFA World Cup,2018,Breel Embolo,Switzerland,"FW,MF",137,,1,,,3,4,0,0,https://web.archive.org/web/20260606150656/https://fbref.com/en/comps/1/2018/defense/2018-FIFA-World-Cup-Stats
FIFA World Cup,2018,Denis Zakaria,Switzerland,MF,52,,2,,,3,1,1,0,https://web.archive.org/web/20260606150656/https://fbref.com/en/comps/1/2018/defense/2018-FIFA-World-Cup-Stats
FIFA World Cup,2018,Fabian Schär,Switzerland,DF,270,,4,,,4,4,2,0,https://web.archive.org/web/20260606150656/https://fbref.com/en/comps/1/2018/defense/2018-FIFA-World-Cup-Stats
FIFA World Cup,2018,Granit Xhaka,Switzerland,MF,360,,5,,,4,4,1,0,https://web.archive.org/web/20260606150656/https://fbref.com/en/comps/1/2018/defense/2018-FIFA-World-Cup-Stats
FIFA World Cup,2018,Haris Seferović,Switzerland,FW,142,,0,,,3,1,0,0,https://web.archive.org/web/20260606150656/https://fbref.com/en/comps/1/2018/defense/2018-FIFA-World-Cup-Stats
FIFA World Cup,2018,Johan Djourou,Switzerland,DF,90,,0,,,1,3,0,0,https://web.archive.org/web/20260606150656/https://fbref.com/en/comps/1/2018/defense/2018-FIFA-World-Cup-Stats
FIFA World Cup,2018,Josip Drmić,Switzerland,FW,113,,0,,,0,1,0,0,https://web.archive.org/web/20260606150656/https://fbref.com/en/comps/1/2018/defense/2018-FIFA-World-Cup-Stats
FIFA World Cup,2018,Manuel Akanji,Switzerland,DF,360,,9,,,3,6,0,0,https://web.archive.org/web/20260606150656/https://fbref.com/en/comps/1/2018/defense/2018-FIFA-World-Cup-Stats
FIFA World Cup,2018,Mario Gavranović,Switzerland,FW,113,,1,,,1,3,0,0,https://web.archive.org/web/20260606150656/https://fbref.com/en/comps/1/2018/defense/2018-FIFA-World-Cup-Stats
FIFA World Cup,2018,Michael Lang,Switzerland,DF,103,,0,,,3,0,0,1,https://web.archive.org/web/20260606150656/https://fbref.com/en/comps/1/2018/defense/2018-FIFA-World-Cup-Stats
FIFA World Cup,2018,Ricardo Rodríguez,Switzerland,DF,360,,4,,,5,3,0,0,https://web.archive.org/web/20260606150656/https://fbref.com/en/comps/1/2018/defense/2018-FIFA-World-Cup-Stats
FIFA World Cup,2018,Stephan Lichtsteiner,Switzerland,DF,266,,6,,,2,4,2,0,https://web.archive.org/web/20260606150656/https://fbref.com/en/comps/1/2018/defense/2018-FIFA-World-Cup-Stats
FIFA World Cup,2018,Steven Zuber,Switzerland,FW,251,,2,,,2,1,0,0,https://web.archive.org/web/20260606150656/https://fbref.com/en/comps/1/2018/defense/2018-FIFA-World-Cup-Stats
FIFA World Cup,2018,Valon Behrami,Switzerland,MF,308,,8,,,10,5,2,0,https://web.archive.org/web/20260606150656/https://fbref.com/en/comps/1/2018/defense/2018-FIFA-World-Cup-Stats
FIFA World Cup,2018,Xherdan Shaqiri,Switzerland,"FW,MF",350,,4,,,3,9,1,0,https://web.archive.org/web/20260606150656/https://fbref.com/en/comps/1/2018/defense/2018-FIFA-World-Cup-Stats
FIFA World Cup,2018,Yann Sommer,Switzerland,GK,360,,0,,,0,0,0,0,https://web.archive.org/web/20260606150656/https://fbref.com/en/comps/1/2018/defense/2018-FIFA-World-Cup-Stats
FIFA World Cup,2018,Ahmed Khalil,Tunisia,MF,14,,0,,,2,0,0,0,https://web.archive.org/web/20260606150656/https://fbref.com/en/comps/1/2018/defense/2018-FIFA-World-Cup-Stats
FIFA World Cup,2018,Ali Maâloul,Tunisia,DF,180,,0,,,1,1,0,0,https://web.archive.org/web/20260606150656/https://fbref.com/en/comps/1/2018/defense/2018-FIFA-World-Cup-Stats
FIFA World Cup,2018,Anice Badri,Tunisia,"FW,MF",225,,1,,,3,2,1,0,https://web.archive.org/web/20260606150656/https://fbref.com/en/comps/1/2018/defense/2018-FIFA-World-Cup-Stats
FIFA World Cup,2018,Aymen Mathlouthi,Tunisia,GK,90,,0,,,0,1,0,0,https://web.archive.org/web/20260606150656/https://fbref.com/en/comps/1/2018/defense/2018-FIFA-World-Cup-Stats
FIFA World Cup,2018,Bassem Srarfi,Tunisia,FW,2,,0,,,0,1,0,0,https://web.archive.org/web/20260606150656/https://fbref.com/en/comps/1/2018/defense/2018-FIFA-World-Cup-Stats
FIFA World Cup,2018,Dylan Bronn,Tunisia,DF,113,,2,,,1,1,0,0,https://web.archive.org/web/20260606150656/https://fbref.com/en/comps/1/2018/defense/2018-FIFA-World-Cup-Stats
FIFA World Cup,2018,Ellyes Skhiri,Tunisia,MF,270,,5,,,6,1,0,0,https://web.archive.org/web/20260606150656/https://fbref.com/en/comps/1/2018/defense/2018-FIFA-World-Cup-Stats
FIFA World Cup,2018,Fakhreddine Ben Youssef,Tunisia,"MF,FW",270,,3,,,3,6,0,0,https://web.archive.org/web/20260606150656/https://fbref.com/en/comps/1/2018/defense/2018-FIFA-World-Cup-Stats
FIFA World Cup,2018,Farouk Ben Mustapha,Tunisia,GK,165,,0,,,0,1,0,0,https://web.archive.org/web/20260606150656/https://fbref.com/en/comps/1/2018/defense/2018-FIFA-World-Cup-Stats
FIFA World Cup,2018,Ferjani Sassi,Tunisia,MF,193,,2,,,6,1,2,0,https://web.archive.org/web/20260606150656/https://fbref.com/en/comps/1/2018/defense/2018-FIFA-World-Cup-Stats
FIFA World Cup,2018,Ghaylène Chaalali,Tunisia,MF,90,,5,,,5,3,1,0,https://web.archive.org/web/20260606150656/https://fbref.com/en/comps/1/2018/defense/2018-FIFA-World-Cup-Stats
FIFA World Cup,2018,Hamdi Nagguez,Tunisia,DF,157,,3,,,3,2,0,0,https://web.archive.org/web/20260606150656/https://fbref.com/en/comps/1/2018/defense/2018-FIFA-World-Cup-Stats
FIFA World Cup,2018,Mohamed Ben Amor,Tunisia,MF,18,,1,,,0,0,0,0,https://web.archive.org/web/20260606150656/https://fbref.com/en/comps/1/2018/defense/2018-FIFA-World-Cup-Stats
FIFA World Cup,2018,Mouez Hassen,Tunisia,GK,15,,0,,,0,0,0,0,https://web.archive.org/web/20260606150656/https://fbref.com/en/comps/1/2018/defense/2018-FIFA-World-Cup-Stats
FIFA World Cup,2018,Naïm Sliti,Tunisia,MF,180,,1,,,1,3,0,0,https://web.archive.org/web/20260606150656/https://fbref.com/en/comps/1/2018/defense/2018-FIFA-World-Cup-Stats
FIFA World Cup,2018,Oussama Haddadi,Tunisia,DF,90,,1,,,1,0,0,0,https://web.archive.org/web/20260606150656/https://fbref.com/en/comps/1/2018/defense/2018-FIFA-World-Cup-Stats
FIFA World Cup,2018,Rami Bedoui,Tunisia,DF,90,,0,,,0,0,0,0,https://web.archive.org/web/20260606150656/https://fbref.com/en/comps/1/2018/defense/2018-FIFA-World-Cup-Stats
FIFA World Cup,2018,Saber Khalifa,Tunisia,FW,6,,0,,,0,0,0,0,https://web.archive.org/web/20260606150656/https://fbref.com/en/comps/1/2018/defense/2018-FIFA-World-Cup-Stats
FIFA World Cup,2018,Saîf-Eddine Khaoui,Tunisia,MF,90,,1,,,2,2,0,0,https://web.archive.org/web/20260606150656/https://fbref.com/en/comps/1/2018/defense/2018-FIFA-World-Cup-Stats
FIFA World Cup,2018,Syam Ben Youssef,Tunisia,DF,130,,3,,,5,1,0,0,https://web.archive.org/web/20260606150656/https://fbref.com/en/comps/1/2018/defense/2018-FIFA-World-Cup-Stats
FIFA World Cup,2018,Wahbi Khazri,Tunisia,FW,262,,2,,,3,4,0,0,https://web.archive.org/web/20260606150656/https://fbref.com/en/comps/1/2018/defense/2018-FIFA-World-Cup-Stats
FIFA World Cup,2018,Yassine Meriah,Tunisia,DF,270,,2,,,4,4,0,0,https://web.archive.org/web/20260606150656/https://fbref.com/en/comps/1/2018/defense/2018-FIFA-World-Cup-Stats
FIFA World Cup,2018,Yohan Benalouane,Tunisia,DF,50,,1,,,1,1,0,0,https://web.archive.org/web/20260606150656/https://fbref.com/en/comps/1/2018/defense/2018-FIFA-World-Cup-Stats
FIFA World Cup,2018,Carlos Sánchez,Uruguay,MF,124,,1,,,1,4,0,0,https://web.archive.org/web/20260606150656/https://fbref.com/en/comps/1/2018/defense/2018-FIFA-World-Cup-Stats
FIFA World Cup,2018,Cristhian Stuani,Uruguay,FW,75,,2,,,5,3,0,0,https://web.archive.org/web/20260606150656/https://fbref.com/en/comps/1/2018/defense/2018-FIFA-World-Cup-Stats
FIFA World Cup,2018,Cristian Rodríguez,Uruguay,MF,168,,1,,,4,2,1,0,https://web.archive.org/web/20260606150656/https://fbref.com/en/comps/1/2018/defense/2018-FIFA-World-Cup-Stats
FIFA World Cup,2018,Diego Godín,Uruguay,DF,450,,5,,,5,5,0,0,https://web.archive.org/web/20260606150656/https://fbref.com/en/comps/1/2018/defense/2018-FIFA-World-Cup-Stats
FIFA World Cup,2018,Diego Laxalt,Uruguay,DF,302,,3,,,4,5,0,0,https://web.archive.org/web/20260606150656/https://fbref.com/en/comps/1/2018/defense/2018-FIFA-World-Cup-Stats
FIFA World Cup,2018,Edinson Cavani,Uruguay,FW,342,,4,,,4,6,0,0,https://web.archive.org/web/20260606150656/https://fbref.com/en/comps/1/2018/defense/2018-FIFA-World-Cup-Stats
FIFA World Cup,2018,Fernando Muslera,Uruguay,GK,450,,0,,,0,1,0,0,https://web.archive.org/web/20260606150656/https://fbref.com/en/comps/1/2018/defense/2018-FIFA-World-Cup-Stats
FIFA World Cup,2018,Giorgian de Arrascaeta,Uruguay,MF,86,,2,,,1,2,0,0,https://web.archive.org/web/20260606150656/https://fbref.com/en/comps/1/2018/defense/2018-FIFA-World-Cup-Stats
FIFA World Cup,2018,Guillermo Varela,Uruguay,DF,180,,4,,,0,2,0,0,https://web.archive.org/web/20260606150656/https://fbref.com/en/comps/1/2018/defense/2018-FIFA-World-Cup-Stats
FIFA World Cup,2018,Jonathan Urretaviscaya,Uruguay,MF,18,,0,,,0,1,0,0,https://web.archive.org/web/20260606150656/https://fbref.com/en/comps/1/2018/defense/2018-FIFA-World-Cup-Stats
FIFA World Cup,2018,José María Giménez,Uruguay,DF,360,,4,,,3,1,0,0,https://web.archive.org/web/20260606150656/https://fbref.com/en/comps/1/2018/defense/2018-FIFA-World-Cup-Stats
FIFA World Cup,2018,Lucas Torreira,Uruguay,MF,306,,4,,,4,7,0,0,https://web.archive.org/web/20260606150656/https://fbref.com/en/comps/1/2018/defense/2018-FIFA-World-Cup-Stats
FIFA World Cup,2018,Luis Suárez,Uruguay,FW,450,,0,,,6,11,0,0,https://web.archive.org/web/20260606150656/https://fbref.com/en/comps/1/2018/defense/2018-FIFA-World-Cup-Stats
FIFA World Cup,2018,Martín Cáceres,Uruguay,DF,450,,2,,,4,2,0,0,https://web.archive.org/web/20260606150656/https://fbref.com/en/comps/1/2018/defense/2018-FIFA-World-Cup-Stats
FIFA World Cup,2018,Matías Vecino,Uruguay,MF,414,,4,,,9,3,0,0,https://web.archive.org/web/20260606150656/https://fbref.com/en/comps/1/2018/defense/2018-FIFA-World-Cup-Stats
FIFA World Cup,2018,Maxi Gómez,Uruguay,FW,33,,1,,,1,1,0,0,https://web.archive.org/web/20260606150656/https://fbref.com/en/comps/1/2018/defense/2018-FIFA-World-Cup-Stats
FIFA World Cup,2018,Nahitan Nández,Uruguay,MF,290,,7,,,6,7,0,0,https://web.archive.org/web/20260606150656/https://fbref.com/en/comps/1/2018/defense/2018-FIFA-World-Cup-Stats
FIFA World Cup,2018,Rodrigo Bentancur,Uruguay,MF,362,,5,,,8,7,2,0,https://web.archive.org/web/20260606150656/https://fbref.com/en/comps/1/2018/defense/2018-FIFA-World-Cup-Stats
FIFA World Cup,2018,Sebastián Coates,Uruguay,DF,90,,0,,,2,0,0,0,https://web.archive.org/web/20260606150656/https://fbref.com/en/comps/1/2018/defense/2018-FIFA-World-Cup-Stats
FIFA World Cup,2022,Alexis Mac Allister,Argentina,MF,550,9,4,7,3,1,13,0,0,https://web.archive.org/web/20241213210916/https://fbref.com/en/comps/1/defense/World-Cup-Stats
FIFA World Cup,2022,Cristian Romero,Argentina,DF,547,5,3,8,4,12,3,2,0,https://web.archive.org/web/20241213210916/https://fbref.com/en/comps/1/defense/World-Cup-Stats
FIFA World Cup,2022,Emiliano Martínez,Argentina,GK,690,0,0,0,0,0,1,1,0,https://web.archive.org/web/20241213210916/https://fbref.com/en/comps/1/defense/World-Cup-Stats
FIFA World Cup,2022,Enzo Fernández,Argentina,MF,564,22,15,23,10,7,6,1,0,https://web.archive.org/web/20241213210916/https://fbref.com/en/comps/1/defense/World-Cup-Stats
FIFA World Cup,2022,Exequiel Palacios,Argentina,"DF,MF",50,0,0,2,2,2,3,0,0,https://web.archive.org/web/20241213210916/https://fbref.com/en/comps/1/defense/World-Cup-Stats
FIFA World Cup,2022,Germán Pezzella,Argentina,DF,60,0,0,0,0,2,2,1,0,https://web.archive.org/web/20241213210916/https://fbref.com/en/comps/1/defense/World-Cup-Stats
FIFA World Cup,2022,Gonzalo Montiel,Argentina,DF,118,3,2,4,2,4,2,3,0,https://web.archive.org/web/20241213210916/https://fbref.com/en/comps/1/defense/World-Cup-Stats
FIFA World Cup,2022,Guido Rodríguez,Argentina,MF,56,2,0,2,0,0,0,0,0,https://web.archive.org/web/20241213210916/https://fbref.com/en/comps/1/defense/World-Cup-Stats
FIFA World Cup,2022,Juan Foyth,Argentina,DF,5,0,0,0,0,0,0,0,0,https://web.archive.org/web/20241213210916/https://fbref.com/en/comps/1/defense/World-Cup-Stats
FIFA World Cup,2022,Julián Álvarez,Argentina,FW,464,4,2,2,2,13,2,0,0,https://web.archive.org/web/20241213210916/https://fbref.com/en/comps/1/defense/World-Cup-Stats
FIFA World Cup,2022,Lautaro Martínez,Argentina,FW,241,0,0,0,0,1,5,0,0,https://web.archive.org/web/20241213210916/https://fbref.com/en/comps/1/defense/World-Cup-Stats
FIFA World Cup,2022,Leandro Paredes,Argentina,MF,225,10,4,4,1,6,5,2,0,https://web.archive.org/web/20241213210916/https://fbref.com/en/comps/1/defense/World-Cup-Stats
FIFA World Cup,2022,Lionel Messi,Argentina,FW,690,5,3,2,2,10,22,1,0,https://web.archive.org/web/20241213210916/https://fbref.com/en/comps/1/defense/World-Cup-Stats
FIFA World Cup,2022,Lisandro Martínez,Argentina,DF,303,6,2,2,0,2,3,1,0,https://web.archive.org/web/20241213210916/https://fbref.com/en/comps/1/defense/World-Cup-Stats
FIFA World Cup,2022,Marcos Acuña,Argentina,"DF,MF",373,12,8,7,1,9,9,3,0,https://web.archive.org/web/20241213210916/https://fbref.com/en/comps/1/defense/World-Cup-Stats
FIFA World Cup,2022,Nahuel Molina,Argentina,"DF,MF",567,8,4,8,4,3,0,0,0,https://web.archive.org/web/20241213210916/https://fbref.com/en/comps/1/defense/World-Cup-Stats
FIFA World Cup,2022,Nicolás Otamendi,Argentina,DF,690,10,6,7,2,13,5,2,0,https://web.archive.org/web/20241213210916/https://fbref.com/en/comps/1/defense/World-Cup-Stats
FIFA World Cup,2022,Nicolás Tagliafico,Argentina,DF,373,7,7,4,0,6,6,0,0,https://web.archive.org/web/20241213210916/https://fbref.com/en/comps/1/defense/World-Cup-Stats
FIFA World Cup,2022,Papu Gómez,Argentina,"MF,FW",107,2,0,1,1,1,5,0,0,https://web.archive.org/web/20241213210916/https://fbref.com/en/comps/1/defense/World-Cup-Stats
FIFA World Cup,2022,Paulo Dybala,Argentina,"FW,MF",18,3,1,0,0,1,0,0,0,https://web.archive.org/web/20241213210916/https://fbref.com/en/comps/1/defense/World-Cup-Stats
FIFA World Cup,2022,Rodrigo De Paul,Argentina,MF,599,11,6,13,5,7,15,0,0,https://web.archive.org/web/20241213210916/https://fbref.com/en/comps/1/defense/World-Cup-Stats
FIFA World Cup,2022,Thiago Almada,Argentina,"FW,MF",7,0,0,0,0,0,0,0,0,https://web.archive.org/web/20241213210916/https://fbref.com/en/comps/1/defense/World-Cup-Stats
FIFA World Cup,2022,Ángel Correa,Argentina,"FW,MF",5,1,1,0,0,0,1,0,0,https://web.archive.org/web/20241213210916/https://fbref.com/en/comps/1/defense/World-Cup-Stats
FIFA World Cup,2022,Ángel Di María,Argentina,"MF,FW",288,3,1,3,2,0,7,0,0,https://web.archive.org/web/20241213210916/https://fbref.com/en/comps/1/defense/World-Cup-Stats
FIFA World Cup,2022,Aaron Mooy,Australia,MF,360,9,6,8,2,4,1,1,0,https://web.archive.org/web/20241213210916/https://fbref.com/en/comps/1/defense/World-Cup-Stats
FIFA World Cup,2022,Ajdin Hrustic,Australia,MF,62,2,0,1,0,1,2,0,0,https://web.archive.org/web/20241213210916/https://fbref.com/en/comps/1/defense/World-Cup-Stats
FIFA World Cup,2022,Awer Mabil,Australia,"FW,MF",24,0,0,0,0,0,0,0,0,https://web.archive.org/web/20241213210916/https://fbref.com/en/comps/1/defense/World-Cup-Stats
FIFA World Cup,2022,Aziz Behich,Australia,DF,360,8,3,6,1,3,3,1,0,https://web.archive.org/web/20241213210916/https://fbref.com/en/comps/1/defense/World-Cup-Stats
FIFA World Cup,2022,Bailey Wright,Australia,DF,17,0,0,0,0,0,0,0,0,https://web.archive.org/web/20241213210916/https://fbref.com/en/comps/1/defense/World-Cup-Stats
FIFA World Cup,2022,Craig Goodwin,Australia,MF,234,4,3,5,3,1,2,0,0,https://web.archive.org/web/20241213210916/https://fbref.com/en/comps/1/defense/World-Cup-Stats
FIFA World Cup,2022,Fran Karačić,Australia,DF,93,2,1,1,0,3,0,0,0,https://web.archive.org/web/20241213210916/https://fbref.com/en/comps/1/defense/World-Cup-Stats
FIFA World Cup,2022,Garang Kuol,Australia,MF,37,0,0,0,0,1,0,0,0,https://web.archive.org/web/20241213210916/https://fbref.com/en/comps/1/defense/World-Cup-Stats
FIFA World Cup,2022,Harry Souttar,Australia,DF,360,4,0,3,1,1,1,0,0,https://web.archive.org/web/20241213210916/https://fbref.com/en/comps/1/defense/World-Cup-Stats
FIFA World Cup,2022,Jackson Irvine,Australia,"MF,FW",354,4,2,4,2,7,2,2,0,https://web.archive.org/web/20241213210916/https://fbref.com/en/comps/1/defense/World-Cup-Stats
FIFA World Cup,2022,Jamie Maclaren,Australia,FW,55,0,0,3,3,1,0,0,0,https://web.archive.org/web/20241213210916/https://fbref.com/en/comps/1/defense/World-Cup-Stats
FIFA World Cup,2022,Jason Cummings,Australia,FW,35,0,0,0,0,0,0,0,0,https://web.archive.org/web/20241213210916/https://fbref.com/en/comps/1/defense/World-Cup-Stats
FIFA World Cup,2022,Keanu Baccus,Australia,MF,114,1,1,2,2,4,1,0,0,https://web.archive.org/web/20241213210916/https://fbref.com/en/comps/1/defense/World-Cup-Stats
FIFA World Cup,2022,Kye Rowles,Australia,DF,360,8,2,7,3,1,2,0,0,https://web.archive.org/web/20241213210916/https://fbref.com/en/comps/1/defense/World-Cup-Stats
FIFA World Cup,2022,Mathew Leckie,Australia,MF,333,4,4,5,3,8,6,0,0,https://web.archive.org/web/20241213210916/https://fbref.com/en/comps/1/defense/World-Cup-Stats
FIFA World Cup,2022,Mathew Ryan,Australia,GK,360,0,0,0,0,0,1,0,0,https://web.archive.org/web/20241213210916/https://fbref.com/en/comps/1/defense/World-Cup-Stats
FIFA World Cup,2022,Miloš Degenek,Australia,DF,183,6,4,6,1,2,8,2,0,https://web.archive.org/web/20241213210916/https://fbref.com/en/comps/1/defense/World-Cup-Stats
FIFA World Cup,2022,Mitchell Duke,Australia,FW,270,0,0,0,0,6,3,1,0,https://web.archive.org/web/20241213210916/https://fbref.com/en/comps/1/defense/World-Cup-Stats
FIFA World Cup,2022,Nathaniel Atkinson,Australia,DF,84,4,3,6,2,0,0,0,0,https://web.archive.org/web/20241213210916/https://fbref.com/en/comps/1/defense/World-Cup-Stats
FIFA World Cup,2022,Riley McGree,Australia,"MF,FW",265,2,1,1,1,9,2,0,0,https://web.archive.org/web/20241213210916/https://fbref.com/en/comps/1/defense/World-Cup-Stats
FIFA World Cup,2022,Amadou Onana,Belgium,MF,104,4,1,2,1,4,3,2,0,https://web.archive.org/web/20241213210916/https://fbref.com/en/comps/1/defense/World-Cup-Stats
FIFA World Cup,2022,Axel Witsel,Belgium,MF,270,4,2,1,0,5,4,0,0,https://web.archive.org/web/20241213210916/https://fbref.com/en/comps/1/defense/World-Cup-Stats
FIFA World Cup,2022,Charles De Ketelaere,Belgium,"FW,MF",16,0,0,0,0,0,1,0,0,https://web.archive.org/web/20241213210916/https://fbref.com/en/comps/1/defense/World-Cup-Stats
FIFA World Cup,2022,Dries Mertens,Belgium,FW,76,2,0,3,1,0,0,0,0,https://web.archive.org/web/20241213210916/https://fbref.com/en/comps/1/defense/World-Cup-Stats
FIFA World Cup,2022,Eden Hazard,Belgium,FW,124,0,0,0,0,0,7,0,0,https://web.archive.org/web/20241213210916/https://fbref.com/en/comps/1/defense/World-Cup-Stats
FIFA World Cup,2022,Jan Vertonghen,Belgium,DF,270,0,0,1,1,0,6,0,0,https://web.archive.org/web/20241213210916/https://fbref.com/en/comps/1/defense/World-Cup-Stats
FIFA World Cup,2022,Jeremy Doku,Belgium,"FW,MF",19,0,0,0,0,0,1,0,0,https://web.archive.org/web/20241213210916/https://fbref.com/en/comps/1/defense/World-Cup-Stats
FIFA World Cup,2022,Kevin De Bruyne,Belgium,"FW,MF",270,1,1,2,2,0,2,0,0,https://web.archive.org/web/20241213210916/https://fbref.com/en/comps/1/defense/World-Cup-Stats
FIFA World Cup,2022,Leander Dendoncker,Belgium,DF,161,6,3,4,0,3,0,1,0,https://web.archive.org/web/20241213210916/https://fbref.com/en/comps/1/defense/World-Cup-Stats
FIFA World Cup,2022,Leandro Trossard,Belgium,FW,103,1,1,1,0,0,2,0,0,https://web.archive.org/web/20241213210916/https://fbref.com/en/comps/1/defense/World-Cup-Stats
FIFA World Cup,2022,Loïs Openda,Belgium,FW,13,1,0,0,0,0,1,0,0,https://web.archive.org/web/20241213210916/https://fbref.com/en/comps/1/defense/World-Cup-Stats
FIFA World Cup,2022,Michy Batshuayi,Belgium,FW,151,1,0,1,0,5,1,0,0,https://web.archive.org/web/20241213210916/https://fbref.com/en/comps/1/defense/World-Cup-Stats
FIFA World Cup,2022,Romelu Lukaku,Belgium,FW,55,0,0,0,0,1,0,0,0,https://web.archive.org/web/20241213210916/https://fbref.com/en/comps/1/defense/World-Cup-Stats
FIFA World Cup,2022,Thibaut Courtois,Belgium,GK,270,0,0,0,0,0,0,0,0,https://web.archive.org/web/20241213210916/https://fbref.com/en/comps/1/defense/World-Cup-Stats
FIFA World Cup,2022,Thomas Meunier,Belgium,MF,211,6,6,5,1,4,1,1,0,https://web.archive.org/web/20241213210916/https://fbref.com/en/comps/1/defense/World-Cup-Stats
FIFA World Cup,2022,Thorgan Hazard,Belgium,MF,106,3,2,2,2,2,2,0,0,https://web.archive.org/web/20241213210916/https://fbref.com/en/comps/1/defense/World-Cup-Stats
FIFA World Cup,2022,Timothy Castagne,Belgium,"MF,DF",270,7,4,6,2,3,1,0,0,https://web.archive.org/web/20241213210916/https://fbref.com/en/comps/1/defense/World-Cup-Stats
FIFA World Cup,2022,Toby Alderweireld,Belgium,DF,270,4,2,5,3,0,0,0,0,https://web.archive.org/web/20241213210916/https://fbref.com/en/comps/1/defense/World-Cup-Stats
FIFA World Cup,2022,Yannick Carrasco,Belgium,"MF,FW",116,5,4,7,2,1,2,1,0,https://web.archive.org/web/20241213210916/https://fbref.com/en/comps/1/defense/World-Cup-Stats
FIFA World Cup,2022,Youri Tielemans,Belgium,MF,95,3,1,1,0,2,1,0,0,https://web.archive.org/web/20241213210916/https://fbref.com/en/comps/1/defense/World-Cup-Stats
FIFA World Cup,2022,Alex Sandro,Brazil,DF,190,8,3,2,0,3,2,0,0,https://web.archive.org/web/20241213210916/https://fbref.com/en/comps/1/defense/World-Cup-Stats
FIFA World Cup,2022,Alex Telles,Brazil,DF,59,2,2,1,0,1,0,0,0,https://web.archive.org/web/20241213210916/https://fbref.com/en/comps/1/defense/World-Cup-Stats
FIFA World Cup,2022,Alisson,Brazil,GK,379,0,0,0,0,0,1,0,0,https://web.archive.org/web/20241213210916/https://fbref.com/en/comps/1/defense/World-Cup-Stats
FIFA World Cup,2022,Antony,Brazil,MF,172,3,0,2,1,2,5,0,0,https://web.archive.org/web/20241213210916/https://fbref.com/en/comps/1/defense/World-Cup-Stats
FIFA World Cup,2022,Bruno Guimarães,Brazil,MF,69,0,0,0,0,2,2,1,0,https://web.archive.org/web/20241213210916/https://fbref.com/en/comps/1/defense/World-Cup-Stats
FIFA World Cup,2022,Casemiro,Brazil,MF,390,11,4,6,2,7,3,1,0,https://web.archive.org/web/20241213210916/https://fbref.com/en/comps/1/defense/World-Cup-Stats
FIFA World Cup,2022,Dani Alves,Brazil,DF,118,5,4,5,3,5,2,0,0,https://web.archive.org/web/20241213210916/https://fbref.com/en/comps/1/defense/World-Cup-Stats
FIFA World Cup,2022,Danilo,Brazil,DF,281,5,2,3,1,3,1,1,0,https://web.archive.org/web/20241213210916/https://fbref.com/en/comps/1/defense/World-Cup-Stats
FIFA World Cup,2022,Ederson Moraes,Brazil,GK,90,0,0,0,0,0,0,0,0,https://web.archive.org/web/20241213210916/https://fbref.com/en/comps/1/defense/World-Cup-Stats
FIFA World Cup,2022,Everton Ribeiro,Brazil,MF,36,1,0,1,0,0,0,0,0,https://web.archive.org/web/20241213210916/https://fbref.com/en/comps/1/defense/World-Cup-Stats
FIFA World Cup,2022,Fabinho,Brazil,MF,90,3,2,2,0,2,0,0,0,https://web.archive.org/web/20241213210916/https://fbref.com/en/comps/1/defense/World-Cup-Stats
FIFA World Cup,2022,Fred,Brazil,MF,142,3,3,2,1,3,0,1,0,https://web.archive.org/web/20241213210916/https://fbref.com/en/comps/1/defense/World-Cup-Stats
FIFA World Cup,2022,Gabriel Jesus,Brazil,FW,93,2,1,0,0,1,4,0,0,https://web.archive.org/web/20241213210916/https://fbref.com/en/comps/1/defense/World-Cup-Stats
FIFA World Cup,2022,Gabriel Martinelli,Brazil,FW,113,2,1,2,1,2,3,0,0,https://web.archive.org/web/20241213210916/https://fbref.com/en/comps/1/defense/World-Cup-Stats
FIFA World Cup,2022,Gleison Bremer,Brazil,DF,109,1,1,1,1,2,0,0,0,https://web.archive.org/web/20241213210916/https://fbref.com/en/comps/1/defense/World-Cup-Stats
FIFA World Cup,2022,Lucas Paquetá,Brazil,MF,314,7,5,5,3,4,2,0,0,https://web.archive.org/web/20241213210916/https://fbref.com/en/comps/1/defense/World-Cup-Stats
FIFA World Cup,2022,Marquinhos,Brazil,DF,426,5,4,5,1,1,2,1,0,https://web.archive.org/web/20241213210916/https://fbref.com/en/comps/1/defense/World-Cup-Stats
FIFA World Cup,2022,Neymar,Brazil,"MF,FW",279,1,0,0,0,4,16,0,0,https://web.archive.org/web/20241213210916/https://fbref.com/en/comps/1/defense/World-Cup-Stats
FIFA World Cup,2022,Pedro,Brazil,FW,64,2,2,1,0,2,1,0,0,https://web.archive.org/web/20241213210916/https://fbref.com/en/comps/1/defense/World-Cup-Stats
FIFA World Cup,2022,Raphinha,Brazil,"FW,MF",315,8,6,8,2,2,5,0,0,https://web.archive.org/web/20241213210916/https://fbref.com/en/comps/1/defense/World-Cup-Stats
FIFA World Cup,2022,Richarlison,Brazil,FW,323,2,2,0,0,5,6,0,0,https://web.archive.org/web/20241213210916/https://fbref.com/en/comps/1/defense/World-Cup-Stats
FIFA World Cup,2022,Rodrygo,Brazil,MF,181,4,1,4,4,3,6,0,0,https://web.archive.org/web/20241213210916/https://fbref.com/en/comps/1/defense/World-Cup-Stats
FIFA World Cup,2022,Thiago Silva,Brazil,DF,390,3,1,0,0,2,3,0,0,https://web.archive.org/web/20241213210916/https://fbref.com/en/comps/1/defense/World-Cup-Stats
FIFA World Cup,2022,Vinicius Júnior,Brazil,"FW,MF",299,3,1,2,2,0,7,0,0,https://web.archive.org/web/20241213210916/https://fbref.com/en/comps/1/defense/World-Cup-Stats
FIFA World Cup,2022,Wéverton,Brazil,GK,11,0,0,0,0,0,0,0,0,https://web.archive.org/web/20241213210916/https://fbref.com/en/comps/1/defense/World-Cup-Stats
FIFA World Cup,2022,Éder Militão,Brazil,DF,347,7,6,4,1,7,3,1,0,https://web.archive.org/web/20241213210916/https://fbref.com/en/comps/1/defense/World-Cup-Stats
FIFA World Cup,2022,André Onana,Cameroon,GK,80,0,0,0,0,0,0,0,0,https://web.archive.org/web/20241213210916/https://fbref.com/en/comps/1/defense/World-Cup-Stats
FIFA World Cup,2022,Bryan Mbeumo,Cameroon,"FW,MF",233,0,0,0,0,1,8,0,0,https://web.archive.org/web/20241213210916/https://fbref.com/en/comps/1/defense/World-Cup-Stats
FIFA World Cup,2022,Christian Bassogog,Cameroon,"FW,MF",24,0,0,0,0,0,1,1,0,https://web.archive.org/web/20241213210916/https://fbref.com/en/comps/1/defense/World-Cup-Stats
FIFA World Cup,2022,Christopher Wooh,Cameroon,DF,90,1,0,2,1,2,0,0,0,https://web.archive.org/web/20241213210916/https://fbref.com/en/comps/1/defense/World-Cup-Stats
FIFA World Cup,2022,Collins Fai,Cameroon,DF,270,5,2,6,3,4,4,2,0,https://web.archive.org/web/20241213210916/https://fbref.com/en/comps/1/defense/World-Cup-Stats
FIFA World Cup,2022,Devis Epassy,Cameroon,GK,180,0,0,0,0,0,1,0,0,https://web.archive.org/web/20241213210916/https://fbref.com/en/comps/1/defense/World-Cup-Stats
FIFA World Cup,2022,Enzo Ebosse,Cameroon,DF,90,4,2,1,0,0,0,0,0,https://web.archive.org/web/20241213210916/https://fbref.com/en/comps/1/defense/World-Cup-Stats
FIFA World Cup,2022,Eric Maxim Choupo-Moting,Cameroon,FW,253,4,2,2,1,0,1,0,0,https://web.archive.org/web/20241213210916/https://fbref.com/en/comps/1/defense/World-Cup-Stats
FIFA World Cup,2022,Frank Anguissa,Cameroon,MF,260,4,0,3,2,6,4,0,0,https://web.archive.org/web/20241213210916/https://fbref.com/en/comps/1/defense/World-Cup-Stats
FIFA World Cup,2022,Gaël Ondoua,Cameroon,MF,47,2,1,1,0,2,1,0,0,https://web.archive.org/web/20241213210916/https://fbref.com/en/comps/1/defense/World-Cup-Stats
FIFA World Cup,2022,Georges-Kévin N'Koudou,Cameroon,"FW,MF",27,0,0,0,0,1,1,0,0,https://web.archive.org/web/20241213210916/https://fbref.com/en/comps/1/defense/World-Cup-Stats
FIFA World Cup,2022,Jean-Charles Castelletto,Cameroon,DF,180,3,3,1,1,1,1,0,0,https://web.archive.org/web/20241213210916/https://fbref.com/en/comps/1/defense/World-Cup-Stats
FIFA World Cup,2022,Jerome Ngom Mbekeli,Cameroon,MF,5,0,0,0,0,0,0,0,0,https://web.archive.org/web/20241213210916/https://fbref.com/en/comps/1/defense/World-Cup-Stats
FIFA World Cup,2022,Karl Toko Ekambi,Cameroon,FW,166,1,1,1,1,0,3,0,0,https://web.archive.org/web/20241213210916/https://fbref.com/en/comps/1/defense/World-Cup-Stats
FIFA World Cup,2022,Martin Hongla,Cameroon,MF,121,0,0,0,0,1,1,0,0,https://web.archive.org/web/20241213210916/https://fbref.com/en/comps/1/defense/World-Cup-Stats
FIFA World Cup,2022,Moumi Ngamaleu,Cameroon,MF,95,3,1,1,0,3,5,0,0,https://web.archive.org/web/20241213210916/https://fbref.com/en/comps/1/defense/World-Cup-Stats
FIFA World Cup,2022,Nicolas Nkoulou,Cameroon,DF,180,2,0,2,2,2,2,1,0,https://web.archive.org/web/20241213210916/https://fbref.com/en/comps/1/defense/World-Cup-Stats
FIFA World Cup,2022,Nouhou Tolo,Cameroon,DF,270,8,5,5,2,3,1,1,0,https://web.archive.org/web/20241213210916/https://fbref.com/en/comps/1/defense/World-Cup-Stats
FIFA World Cup,2022,Olivier Ntcham,Cameroon,MF,25,0,0,0,0,0,0,0,0,https://web.archive.org/web/20241213210916/https://fbref.com/en/comps/1/defense/World-Cup-Stats
FIFA World Cup,2022,Pierre Kunde,Cameroon,MF,131,4,2,2,2,3,1,1,0,https://web.archive.org/web/20241213210916/https://fbref.com/en/comps/1/defense/World-Cup-Stats
FIFA World Cup,2022,Samuel Oum Gouet,Cameroon,MF,100,1,1,0,0,0,1,0,0,https://web.archive.org/web/20241213210916/https://fbref.com/en/comps/1/defense/World-Cup-Stats
FIFA World Cup,2022,Vincent Aboubakar,Cameroon,FW,142,0,0,0,0,3,2,2,1,https://web.archive.org/web/20241213210916/https://fbref.com/en/comps/1/defense/World-Cup-Stats
FIFA World Cup,2022,Alistair Johnston,Canada,DF,270,5,3,7,5,5,3,1,0,https://web.archive.org/web/20241213210916/https://fbref.com/en/comps/1/defense/World-Cup-Stats
FIFA World Cup,2022,Alphonso Davies,Canada,"MF,FW",270,2,1,1,1,4,4,1,0,https://web.archive.org/web/20241213210916/https://fbref.com/en/comps/1/defense/World-Cup-Stats
FIFA World Cup,2022,Atiba Hutchinson,Canada,MF,159,4,1,2,0,2,2,0,0,https://web.archive.org/web/20241213210916/https://fbref.com/en/comps/1/defense/World-Cup-Stats
FIFA World Cup,2022,Cyle Larin,Canada,FW,137,0,0,1,1,2,0,0,0,https://web.archive.org/web/20241213210916/https://fbref.com/en/comps/1/defense/World-Cup-Stats
FIFA World Cup,2022,David Wotherspoon,Canada,MF,15,0,0,0,0,0,1,0,0,https://web.archive.org/web/20241213210916/https://fbref.com/en/comps/1/defense/World-Cup-Stats
FIFA World Cup,2022,Ismaël Koné,Canada,MF,109,0,0,2,2,0,1,0,0,https://web.archive.org/web/20241213210916/https://fbref.com/en/comps/1/defense/World-Cup-Stats
FIFA World Cup,2022,Jonathan David,Canada,FW,192,1,1,0,0,0,1,0,0,https://web.archive.org/web/20241213210916/https://fbref.com/en/comps/1/defense/World-Cup-Stats
FIFA World Cup,2022,Jonathan Osorio,Canada,MF,119,2,1,4,2,1,2,1,0,https://web.archive.org/web/20241213210916/https://fbref.com/en/comps/1/defense/World-Cup-Stats
FIFA World Cup,2022,Junior Hoilett,Canada,MF,161,8,4,4,1,1,5,1,0,https://web.archive.org/web/20241213210916/https://fbref.com/en/comps/1/defense/World-Cup-Stats
FIFA World Cup,2022,Kamal Miller,Canada,DF,270,6,4,3,1,0,3,1,0,https://web.archive.org/web/20241213210916/https://fbref.com/en/comps/1/defense/World-Cup-Stats
FIFA World Cup,2022,Liam Millar,Canada,"FW,MF",10,0,0,0,0,1,0,0,0,https://web.archive.org/web/20241213210916/https://fbref.com/en/comps/1/defense/World-Cup-Stats
FIFA World Cup,2022,Lucas Cavallini,Canada,FW,19,0,0,0,0,1,0,0,0,https://web.archive.org/web/20241213210916/https://fbref.com/en/comps/1/defense/World-Cup-Stats
FIFA World Cup,2022,Mark-Anthony Kaye,Canada,MF,59,2,1,3,1,1,1,0,0,https://web.archive.org/web/20241213210916/https://fbref.com/en/comps/1/defense/World-Cup-Stats
FIFA World Cup,2022,Milan Borjan,Canada,GK,270,0,0,0,0,0,0,0,0,https://web.archive.org/web/20241213210916/https://fbref.com/en/comps/1/defense/World-Cup-Stats
FIFA World Cup,2022,Richie Laryea,Canada,"MF,DF",160,3,1,2,0,1,2,0,0,https://web.archive.org/web/20241213210916/https://fbref.com/en/comps/1/defense/World-Cup-Stats
FIFA World Cup,2022,Sam Adekugbe,Canada,DF,95,0,0,0,0,1,0,1,0,https://web.archive.org/web/20241213210916/https://fbref.com/en/comps/1/defense/World-Cup-Stats
FIFA World Cup,2022,Stephen Eustáquio,Canada,MF,125,4,2,3,2,1,1,0,0,https://web.archive.org/web/20241213210916/https://fbref.com/en/comps/1/defense/World-Cup-Stats
FIFA World Cup,2022,Steven Vitória,Canada,DF,270,3,3,3,0,6,5,1,0,https://web.archive.org/web/20241213210916/https://fbref.com/en/comps/1/defense/World-Cup-Stats
FIFA World Cup,2022,Tajon Buchanan,Canada,"MF,FW",260,1,1,5,4,6,6,1,0,https://web.archive.org/web/20241213210916/https://fbref.com/en/comps/1/defense/World-Cup-Stats
FIFA World Cup,2022,Anthony Contreras,Costa Rica,FW,125,5,2,1,0,1,1,1,0,https://web.archive.org/web/20241213210916/https://fbref.com/en/comps/1/defense/World-Cup-Stats
FIFA World Cup,2022,Brandon Aguilera,Costa Rica,MF,90,2,0,4,2,2,2,0,0,https://web.archive.org/web/20241213210916/https://fbref.com/en/comps/1/defense/World-Cup-Stats
FIFA World Cup,2022,Bryan Oviedo,Costa Rica,DF,260,6,5,6,2,2,4,0,0,https://web.archive.org/web/20241213210916/https://fbref.com/en/comps/1/defense/World-Cup-Stats
FIFA World Cup,2022,Bryan Ruiz,Costa Rica,"FW,MF",30,1,1,1,0,0,1,0,0,https://web.archive.org/web/20241213210916/https://fbref.com/en/comps/1/defense/World-Cup-Stats
FIFA World Cup,2022,Carlos Martínez,Costa Rica,DF,45,1,1,2,1,1,0,0,0,https://web.archive.org/web/20241213210916/https://fbref.com/en/comps/1/defense/World-Cup-Stats
FIFA World Cup,2022,Celso Borges,Costa Rica,MF,249,5,1,5,3,2,0,1,0,https://web.archive.org/web/20241213210916/https://fbref.com/en/comps/1/defense/World-Cup-Stats
FIFA World Cup,2022,Daniel Chacón,Costa Rica,DF,1,0,0,0,0,0,0,0,0,https://web.archive.org/web/20241213210916/https://fbref.com/en/comps/1/defense/World-Cup-Stats
FIFA World Cup,2022,Francisco Calvo,Costa Rica,DF,180,7,4,7,3,6,0,2,0,https://web.archive.org/web/20241213210916/https://fbref.com/en/comps/1/defense/World-Cup-Stats
FIFA World Cup,2022,Gerson Torres,Costa Rica,MF,64,0,0,2,2,1,8,0,0,https://web.archive.org/web/20241213210916/https://fbref.com/en/comps/1/defense/World-Cup-Stats
FIFA World Cup,2022,Jewison Bennette,Costa Rica,MF,103,0,0,3,3,0,2,0,0,https://web.archive.org/web/20241213210916/https://fbref.com/en/comps/1/defense/World-Cup-Stats
FIFA World Cup,2022,Joel Campbell,Costa Rica,"MF,FW",269,9,5,2,1,3,11,1,0,https://web.archive.org/web/20241213210916/https://fbref.com/en/comps/1/defense/World-Cup-Stats
FIFA World Cup,2022,Johan Venegas,Costa Rica,FW,73,0,0,1,1,1,1,0,0,https://web.archive.org/web/20241213210916/https://fbref.com/en/comps/1/defense/World-Cup-Stats
FIFA World Cup,2022,Juan Pablo Vargas,Costa Rica,DF,90,4,3,3,0,0,0,0,0,https://web.archive.org/web/20241213210916/https://fbref.com/en/comps/1/defense/World-Cup-Stats
FIFA World Cup,2022,Kendall Waston,Costa Rica,DF,225,7,4,4,1,1,0,0,0,https://web.archive.org/web/20241213210916/https://fbref.com/en/comps/1/defense/World-Cup-Stats
FIFA World Cup,2022,Keylor Navas,Costa Rica,GK,270,1,0,1,0,0,0,0,0,https://web.archive.org/web/20241213210916/https://fbref.com/en/comps/1/defense/World-Cup-Stats
FIFA World Cup,2022,Keysher Fuller,Costa Rica,"DF,MF",253,4,4,7,4,2,4,0,0,https://web.archive.org/web/20241213210916/https://fbref.com/en/comps/1/defense/World-Cup-Stats
FIFA World Cup,2022,Roan Wilson,Costa Rica,FW,1,0,0,0,0,0,0,0,0,https://web.archive.org/web/20241213210916/https://fbref.com/en/comps/1/defense/World-Cup-Stats
FIFA World Cup,2022,Rónald Matarrita,Costa Rica,"DF,MF",26,0,0,0,0,1,1,0,0,https://web.archive.org/web/20241213210916/https://fbref.com/en/comps/1/defense/World-Cup-Stats
FIFA World Cup,2022,Yeltsin Tejeda,Costa Rica,MF,269,4,2,6,5,0,2,0,0,https://web.archive.org/web/20241213210916/https://fbref.com/en/comps/1/defense/World-Cup-Stats
FIFA World Cup,2022,Youstin Salas,Costa Rica,DF,47,5,1,7,4,0,0,0,0,https://web.archive.org/web/20241213210916/https://fbref.com/en/comps/1/defense/World-Cup-Stats
FIFA World Cup,2022,Álvaro Zamora,Costa Rica,FW,30,2,0,1,0,0,0,0,0,https://web.archive.org/web/20241213210916/https://fbref.com/en/comps/1/defense/World-Cup-Stats
FIFA World Cup,2022,Óscar Duarte,Costa Rica,DF,270,4,2,2,0,1,0,1,0,https://web.archive.org/web/20241213210916/https://fbref.com/en/comps/1/defense/World-Cup-Stats
FIFA World Cup,2022,Andrej Kramarić,Croatia,FW,474,3,2,1,1,1,4,0,0,https://web.archive.org/web/20241213210916/https://fbref.com/en/comps/1/defense/World-Cup-Stats
FIFA World Cup,2022,Ante Budimir,Croatia,FW,55,1,1,0,0,4,2,0,0,https://web.archive.org/web/20241213210916/https://fbref.com/en/comps/1/defense/World-Cup-Stats
FIFA World Cup,2022,Borna Barišić,Croatia,DF,120,1,1,1,0,5,2,1,0,https://web.archive.org/web/20241213210916/https://fbref.com/en/comps/1/defense/World-Cup-Stats
FIFA World Cup,2022,Borna Sosa,Croatia,DF,424,14,6,12,2,4,2,0,0,https://web.archive.org/web/20241213210916/https://fbref.com/en/comps/1/defense/World-Cup-Stats
FIFA World Cup,2022,Bruno Petković,Croatia,FW,234,6,4,1,1,3,11,1,0,https://web.archive.org/web/20241213210916/https://fbref.com/en/comps/1/defense/World-Cup-Stats
FIFA World Cup,2022,Dejan Lovren,Croatia,DF,600,7,2,5,2,2,5,1,0,https://web.archive.org/web/20241213210916/https://fbref.com/en/comps/1/defense/World-Cup-Stats
FIFA World Cup,2022,Dominik Livaković,Croatia,GK,690,0,0,1,1,1,0,1,0,https://web.archive.org/web/20241213210916/https://fbref.com/en/comps/1/defense/World-Cup-Stats
FIFA World Cup,2022,Ivan Perišić,Croatia,"FW,MF",669,7,4,7,2,10,0,0,0,https://web.archive.org/web/20241213210916/https://fbref.com/en/comps/1/defense/World-Cup-Stats
FIFA World Cup,2022,Josip Juranović,Croatia,DF,600,12,8,8,0,1,6,0,0,https://web.archive.org/web/20241213210916/https://fbref.com/en/comps/1/defense/World-Cup-Stats
FIFA World Cup,2022,Josip Stanišić,Croatia,DF,90,3,3,2,0,1,2,0,0,https://web.archive.org/web/20241213210916/https://fbref.com/en/comps/1/defense/World-Cup-Stats
FIFA World Cup,2022,Josip Šutalo,Croatia,DF,90,0,0,0,0,0,0,0,0,https://web.archive.org/web/20241213210916/https://fbref.com/en/comps/1/defense/World-Cup-Stats
FIFA World Cup,2022,Joško Gvardiol,Croatia,DF,690,9,6,8,3,8,6,0,0,https://web.archive.org/web/20241213210916/https://fbref.com/en/comps/1/defense/World-Cup-Stats
FIFA World Cup,2022,Kristijan Jakić,Croatia,"DF,MF",1,0,0,0,0,0,0,0,0,https://web.archive.org/web/20241213210916/https://fbref.com/en/comps/1/defense/World-Cup-Stats
FIFA World Cup,2022,Lovro Majer,Croatia,MF,130,3,1,3,1,5,3,0,0,https://web.archive.org/web/20241213210916/https://fbref.com/en/comps/1/defense/World-Cup-Stats
FIFA World Cup,2022,Luka Modrić,Croatia,MF,653,16,10,14,7,13,15,1,0,https://web.archive.org/web/20241213210916/https://fbref.com/en/comps/1/defense/World-Cup-Stats
FIFA World Cup,2022,Marcelo Brozović,Croatia,MF,552,13,7,10,7,12,11,1,0,https://web.archive.org/web/20241213210916/https://fbref.com/en/comps/1/defense/World-Cup-Stats
FIFA World Cup,2022,Mario Pašalić,Croatia,FW,271,7,5,7,4,4,1,0,0,https://web.archive.org/web/20241213210916/https://fbref.com/en/comps/1/defense/World-Cup-Stats
FIFA World Cup,2022,Marko Livaja,Croatia,FW,241,2,2,3,2,6,3,0,0,https://web.archive.org/web/20241213210916/https://fbref.com/en/comps/1/defense/World-Cup-Stats
FIFA World Cup,2022,Mateo Kovačić,Croatia,MF,635,24,17,11,7,3,11,2,0,https://web.archive.org/web/20241213210916/https://fbref.com/en/comps/1/defense/World-Cup-Stats
FIFA World Cup,2022,Mislav Oršić,Croatia,MF,162,3,3,6,4,3,0,0,0,https://web.archive.org/web/20241213210916/https://fbref.com/en/comps/1/defense/World-Cup-Stats
FIFA World Cup,2022,Nikola Vlašić,Croatia,FW,209,1,1,1,1,4,6,0,0,https://web.archive.org/web/20241213210916/https://fbref.com/en/comps/1/defense/World-Cup-Stats
FIFA World Cup,2022,Alexander Bah,Denmark,"DF,MF",46,4,4,3,1,1,0,0,0,https://web.archive.org/web/20241213210916/https://fbref.com/en/comps/1/defense/World-Cup-Stats
FIFA World Cup,2022,Andreas Christensen,Denmark,DF,270,4,2,2,0,2,1,1,0,https://web.archive.org/web/20241213210916/https://fbref.com/en/comps/1/defense/World-Cup-Stats
FIFA World Cup,2022,Andreas Cornelius,Denmark,FW,92,0,0,0,0,4,2,1,0,https://web.archive.org/web/20241213210916/https://fbref.com/en/comps/1/defense/World-Cup-Stats
FIFA World Cup,2022,Andreas Skov Olsen,Denmark,FW,132,0,0,1,1,2,1,0,0,https://web.archive.org/web/20241213210916/https://fbref.com/en/comps/1/defense/World-Cup-Stats
FIFA World Cup,2022,Christian Eriksen,Denmark,MF,270,1,0,0,0,2,1,0,0,https://web.archive.org/web/20241213210916/https://fbref.com/en/comps/1/defense/World-Cup-Stats
FIFA World Cup,2022,Christian Nørgaard,Denmark,MF,6,0,0,0,0,0,0,0,0,https://web.archive.org/web/20241213210916/https://fbref.com/en/comps/1/defense/World-Cup-Stats
FIFA World Cup,2022,Jesper Lindstrøm,Denmark,FW,200,1,1,3,2,4,2,0,0,https://web.archive.org/web/20241213210916/https://fbref.com/en/comps/1/defense/World-Cup-Stats
FIFA World Cup,2022,Joachim Andersen,Denmark,DF,270,4,2,2,2,3,4,0,0,https://web.archive.org/web/20241213210916/https://fbref.com/en/comps/1/defense/World-Cup-Stats
FIFA World Cup,2022,Joakim Mæhle,Denmark,"MF,DF",249,9,5,7,2,1,4,0,0,https://web.archive.org/web/20241213210916/https://fbref.com/en/comps/1/defense/World-Cup-Stats
FIFA World Cup,2022,Kasper Dolberg,Denmark,FW,114,1,1,1,1,2,2,0,0,https://web.archive.org/web/20241213210916/https://fbref.com/en/comps/1/defense/World-Cup-Stats
FIFA World Cup,2022,Kasper Schmeichel,Denmark,GK,270,0,0,0,0,0,0,0,0,https://web.archive.org/web/20241213210916/https://fbref.com/en/comps/1/defense/World-Cup-Stats
FIFA World Cup,2022,Martin Braithwaite,Denmark,FW,103,0,0,0,0,0,0,0,0,https://web.archive.org/web/20241213210916/https://fbref.com/en/comps/1/defense/World-Cup-Stats
FIFA World Cup,2022,Mathias Jensen,Denmark,MF,84,1,0,1,0,2,1,1,0,https://web.archive.org/web/20241213210916/https://fbref.com/en/comps/1/defense/World-Cup-Stats
FIFA World Cup,2022,Mikkel Damsgaard,Denmark,FW,150,4,2,4,4,2,1,0,0,https://web.archive.org/web/20241213210916/https://fbref.com/en/comps/1/defense/World-Cup-Stats
FIFA World Cup,2022,Pierre Højbjerg,Denmark,MF,270,4,2,6,3,0,1,0,0,https://web.archive.org/web/20241213210916/https://fbref.com/en/comps/1/defense/World-Cup-Stats
FIFA World Cup,2022,Rasmus Kristensen,Denmark,"MF,DF",224,8,7,8,4,2,1,1,0,https://web.archive.org/web/20241213210916/https://fbref.com/en/comps/1/defense/World-Cup-Stats
FIFA World Cup,2022,Robert Skov,Denmark,"FW,MF",22,0,0,0,0,1,0,1,0,https://web.archive.org/web/20241213210916/https://fbref.com/en/comps/1/defense/World-Cup-Stats
FIFA World Cup,2022,Simon Kjær,Denmark,DF,64,0,0,0,0,0,0,0,0,https://web.archive.org/web/20241213210916/https://fbref.com/en/comps/1/defense/World-Cup-Stats
FIFA World Cup,2022,Thomas Delaney,Denmark,MF,44,1,1,0,0,0,0,0,0,https://web.archive.org/web/20241213210916/https://fbref.com/en/comps/1/defense/World-Cup-Stats
FIFA World Cup,2022,Victor Nelsson,Denmark,DF,90,0,0,1,1,0,2,0,0,https://web.archive.org/web/20241213210916/https://fbref.com/en/comps/1/defense/World-Cup-Stats
FIFA World Cup,2022,Alan Franco,Ecuador,MF,46,1,0,1,1,0,0,0,0,https://web.archive.org/web/20241213210916/https://fbref.com/en/comps/1/defense/World-Cup-Stats
FIFA World Cup,2022,Carlos Gruezo,Ecuador,MF,45,2,2,2,1,0,0,0,0,https://web.archive.org/web/20241213210916/https://fbref.com/en/comps/1/defense/World-Cup-Stats
FIFA World Cup,2022,Djorkaeff Reasco,Ecuador,FW,27,0,0,0,0,1,0,0,0,https://web.archive.org/web/20241213210916/https://fbref.com/en/comps/1/defense/World-Cup-Stats
FIFA World Cup,2022,Enner Valencia,Ecuador,FW,255,2,0,1,1,3,7,0,0,https://web.archive.org/web/20241213210916/https://fbref.com/en/comps/1/defense/World-Cup-Stats
FIFA World Cup,2022,Félix Torres Caicedo,Ecuador,DF,270,2,2,3,1,1,0,0,0,https://web.archive.org/web/20241213210916/https://fbref.com/en/comps/1/defense/World-Cup-Stats
FIFA World Cup,2022,Gonzalo Plata,Ecuador,"FW,MF",269,3,2,8,6,4,6,0,0,https://web.archive.org/web/20241213210916/https://fbref.com/en/comps/1/defense/World-Cup-Stats
FIFA World Cup,2022,Hernán Galíndez,Ecuador,GK,270,0,0,0,0,0,0,0,0,https://web.archive.org/web/20241213210916/https://fbref.com/en/comps/1/defense/World-Cup-Stats
FIFA World Cup,2022,Jackson Porozo,Ecuador,DF,96,2,2,0,0,1,2,0,0,https://web.archive.org/web/20241213210916/https://fbref.com/en/comps/1/defense/World-Cup-Stats
FIFA World Cup,2022,Jeremy Sarmiento,Ecuador,MF,85,2,1,1,1,2,2,0,0,https://web.archive.org/web/20241213210916/https://fbref.com/en/comps/1/defense/World-Cup-Stats
FIFA World Cup,2022,Jhegson Méndez,Ecuador,MF,180,2,2,1,0,3,2,2,0,https://web.archive.org/web/20241213210916/https://fbref.com/en/comps/1/defense/World-Cup-Stats
FIFA World Cup,2022,José Cifuentes,Ecuador,MF,59,2,2,2,2,3,0,0,0,https://web.archive.org/web/20241213210916/https://fbref.com/en/comps/1/defense/World-Cup-Stats
FIFA World Cup,2022,Kevin Rodríguez,Ecuador,FW,2,1,0,0,0,1,0,0,0,https://web.archive.org/web/20241213210916/https://fbref.com/en/comps/1/defense/World-Cup-Stats
FIFA World Cup,2022,Michael Estrada,Ecuador,FW,225,1,0,1,1,6,7,0,0,https://web.archive.org/web/20241213210916/https://fbref.com/en/comps/1/defense/World-Cup-Stats
FIFA World Cup,2022,Moisés Caicedo,Ecuador,MF,269,6,5,3,3,4,5,1,0,https://web.archive.org/web/20241213210916/https://fbref.com/en/comps/1/defense/World-Cup-Stats
FIFA World Cup,2022,Pervis Estupiñán,Ecuador,"DF,MF",270,6,3,6,4,8,3,0,0,https://web.archive.org/web/20241213210916/https://fbref.com/en/comps/1/defense/World-Cup-Stats
FIFA World Cup,2022,Piero Hincapié,Ecuador,DF,270,7,4,3,1,5,1,0,0,https://web.archive.org/web/20241213210916/https://fbref.com/en/comps/1/defense/World-Cup-Stats
FIFA World Cup,2022,Romario Ibarra,Ecuador,MF,68,0,0,0,0,0,0,0,0,https://web.archive.org/web/20241213210916/https://fbref.com/en/comps/1/defense/World-Cup-Stats
FIFA World Cup,2022,Ángelo Preciado,Ecuador,"DF,MF",264,7,5,4,2,8,2,0,0,https://web.archive.org/web/20241213210916/https://fbref.com/en/comps/1/defense/World-Cup-Stats
FIFA World Cup,2022,Bukayo Saka,England,"FW,MF",288,7,4,2,1,7,6,0,0,https://web.archive.org/web/20241213210916/https://fbref.com/en/comps/1/defense/World-Cup-Stats
FIFA World Cup,2022,Callum Wilson,England,FW,48,0,0,0,0,0,2,0,0,https://web.archive.org/web/20241213210916/https://fbref.com/en/comps/1/defense/World-Cup-Stats
FIFA World Cup,2022,Declan Rice,England,MF,417,6,5,1,1,3,2,0,0,https://web.archive.org/web/20241213210916/https://fbref.com/en/comps/1/defense/World-Cup-Stats
FIFA World Cup,2022,Eric Dier,England,"DF,MF",36,1,1,0,0,1,0,0,0,https://web.archive.org/web/20241213210916/https://fbref.com/en/comps/1/defense/World-Cup-Stats
FIFA World Cup,2022,Harry Kane,England,FW,402,2,1,1,0,1,9,0,0,https://web.archive.org/web/20241213210916/https://fbref.com/en/comps/1/defense/World-Cup-Stats
FIFA World Cup,2022,Harry Maguire,England,DF,429,7,3,2,1,6,2,1,0,https://web.archive.org/web/20241213210916/https://fbref.com/en/comps/1/defense/World-Cup-Stats
FIFA World Cup,2022,Jack Grealish,England,"FW,MF",86,3,1,0,0,0,10,0,0,https://web.archive.org/web/20241213210916/https://fbref.com/en/comps/1/defense/World-Cup-Stats
FIFA World Cup,2022,John Stones,England,DF,434,2,2,2,0,4,3,0,0,https://web.archive.org/web/20241213210916/https://fbref.com/en/comps/1/defense/World-Cup-Stats
FIFA World Cup,2022,Jordan Henderson,England,MF,271,4,2,2,0,5,4,0,0,https://web.archive.org/web/20241213210916/https://fbref.com/en/comps/1/defense/World-Cup-Stats
FIFA World Cup,2022,Jordan Pickford,England,GK,450,0,0,0,0,0,0,0,0,https://web.archive.org/web/20241213210916/https://fbref.com/en/comps/1/defense/World-Cup-Stats
FIFA World Cup,2022,Jude Bellingham,England,MF,414,16,15,6,1,5,5,0,0,https://web.archive.org/web/20241213210916/https://fbref.com/en/comps/1/defense/World-Cup-Stats
FIFA World Cup,2022,Kalvin Phillips,England,"DF,MF",42,0,0,0,0,1,0,0,0,https://web.archive.org/web/20241213210916/https://fbref.com/en/comps/1/defense/World-Cup-Stats
FIFA World Cup,2022,Kieran Trippier,England,DF,206,6,4,6,1,1,0,0,0,https://web.archive.org/web/20241213210916/https://fbref.com/en/comps/1/defense/World-Cup-Stats
FIFA World Cup,2022,Kyle Walker,England,DF,236,3,1,5,2,3,3,0,0,https://web.archive.org/web/20241213210916/https://fbref.com/en/comps/1/defense/World-Cup-Stats
FIFA World Cup,2022,Luke Shaw,England,DF,424,3,1,2,1,5,4,0,0,https://web.archive.org/web/20241213210916/https://fbref.com/en/comps/1/defense/World-Cup-Stats
FIFA World Cup,2022,Marcus Rashford,England,MF,140,1,0,2,1,1,0,0,0,https://web.archive.org/web/20241213210916/https://fbref.com/en/comps/1/defense/World-Cup-Stats
FIFA World Cup,2022,Mason Mount,England,MF,186,2,2,0,0,7,9,0,0,https://web.archive.org/web/20241213210916/https://fbref.com/en/comps/1/defense/World-Cup-Stats
FIFA World Cup,2022,Phil Foden,England,"FW,MF",258,1,1,1,1,2,4,0,0,https://web.archive.org/web/20241213210916/https://fbref.com/en/comps/1/defense/World-Cup-Stats
FIFA World Cup,2022,Raheem Sterling,England,"MF,FW",149,1,1,2,2,0,2,0,0,https://web.archive.org/web/20241213210916/https://fbref.com/en/comps/1/defense/World-Cup-Stats
FIFA World Cup,2022,Trent Alexander-Arnold,England,"DF,MF",34,0,0,0,0,1,0,0,0,https://web.archive.org/web/20241213210916/https://fbref.com/en/comps/1/defense/World-Cup-Stats
FIFA World Cup,2022,Adrien Rabiot,France,MF,483,12,9,7,3,10,4,1,0,https://web.archive.org/web/20241213210916/https://fbref.com/en/comps/1/defense/World-Cup-Stats
FIFA World Cup,2022,Antoine Griezmann,France,MF,537,14,8,5,2,3,9,1,0,https://web.archive.org/web/20241213210916/https://fbref.com/en/comps/1/defense/World-Cup-Stats
FIFA World Cup,2022,Aurélien Tchouaméni,France,MF,621,11,4,7,4,8,10,1,0,https://web.archive.org/web/20241213210916/https://fbref.com/en/comps/1/defense/World-Cup-Stats
FIFA World Cup,2022,Axel Disasi,France,DF,92,3,2,2,2,0,1,0,0,https://web.archive.org/web/20241213210916/https://fbref.com/en/comps/1/defense/World-Cup-Stats
FIFA World Cup,2022,Benjamin Pavard,France,DF,88,0,0,0,0,0,0,0,0,https://web.archive.org/web/20241213210916/https://fbref.com/en/comps/1/defense/World-Cup-Stats
FIFA World Cup,2022,Dayot Upamecano,France,DF,480,11,7,6,0,4,3,0,0,https://web.archive.org/web/20241213210916/https://fbref.com/en/comps/1/defense/World-Cup-Stats
FIFA World Cup,2022,Eduardo Camavinga,France,DF,140,14,9,5,1,2,8,0,0,https://web.archive.org/web/20241213210916/https://fbref.com/en/comps/1/defense/World-Cup-Stats
FIFA World Cup,2022,Hugo Lloris,France,GK,570,0,0,0,0,0,1,0,0,https://web.archive.org/web/20241213210916/https://fbref.com/en/comps/1/defense/World-Cup-Stats
FIFA World Cup,2022,Ibrahima Konaté,France,DF,294,15,6,5,0,2,4,0,0,https://web.archive.org/web/20241213210916/https://fbref.com/en/comps/1/defense/World-Cup-Stats
FIFA World Cup,2022,Jordan Veretout,France,MF,62,2,0,1,0,2,0,0,0,https://web.archive.org/web/20241213210916/https://fbref.com/en/comps/1/defense/World-Cup-Stats
FIFA World Cup,2022,Jules Koundé,France,DF,480,11,8,12,5,4,2,1,0,https://web.archive.org/web/20241213210916/https://fbref.com/en/comps/1/defense/World-Cup-Stats
FIFA World Cup,2022,Kingsley Coman,France,FW,169,3,2,2,1,1,2,0,0,https://web.archive.org/web/20241213210916/https://fbref.com/en/comps/1/defense/World-Cup-Stats
FIFA World Cup,2022,Kylian Mbappé,France,"MF,FW",598,0,0,0,0,7,7,0,0,https://web.archive.org/web/20241213210916/https://fbref.com/en/comps/1/defense/World-Cup-Stats
FIFA World Cup,2022,Lucas Hernández,France,DF,12,1,1,2,1,0,0,0,0,https://web.archive.org/web/20241213210916/https://fbref.com/en/comps/1/defense/World-Cup-Stats
FIFA World Cup,2022,Marcus Thuram,France,"FW,MF",151,3,2,0,0,3,5,1,0,https://web.archive.org/web/20241213210916/https://fbref.com/en/comps/1/defense/World-Cup-Stats
FIFA World Cup,2022,Mattéo Guendouzi,France,FW,78,1,1,1,1,0,1,0,0,https://web.archive.org/web/20241213210916/https://fbref.com/en/comps/1/defense/World-Cup-Stats
FIFA World Cup,2022,Olivier Giroud,France,FW,419,1,0,3,3,2,4,1,0,https://web.archive.org/web/20241213210916/https://fbref.com/en/comps/1/defense/World-Cup-Stats
FIFA World Cup,2022,Ousmane Dembélé,France,"MF,FW",433,11,6,9,3,6,3,1,0,https://web.archive.org/web/20241213210916/https://fbref.com/en/comps/1/defense/World-Cup-Stats
FIFA World Cup,2022,Randal Kolo Muani,France,FW,182,7,5,3,0,4,5,0,0,https://web.archive.org/web/20241213210916/https://fbref.com/en/comps/1/defense/World-Cup-Stats
FIFA World Cup,2022,Raphaël Varane,France,DF,518,1,0,2,2,1,1,0,0,https://web.archive.org/web/20241213210916/https://fbref.com/en/comps/1/defense/World-Cup-Stats
FIFA World Cup,2022,Steve Mandanda,France,GK,90,0,0,0,0,0,0,0,0,https://web.archive.org/web/20241213210916/https://fbref.com/en/comps/1/defense/World-Cup-Stats
FIFA World Cup,2022,Theo Hernández,France,DF,508,16,13,15,5,6,13,1,0,https://web.archive.org/web/20241213210916/https://fbref.com/en/comps/1/defense/World-Cup-Stats
FIFA World Cup,2022,William Saliba,France,DF,28,0,0,0,0,0,1,0,0,https://web.archive.org/web/20241213210916/https://fbref.com/en/comps/1/defense/World-Cup-Stats
FIFA World Cup,2022,Youssouf Fofana,France,MF,227,8,5,4,3,3,1,0,0,https://web.archive.org/web/20241213210916/https://fbref.com/en/comps/1/defense/World-Cup-Stats
FIFA World Cup,2022,Antonio Rüdiger,Germany,DF,270,2,1,0,0,0,3,0,0,https://web.archive.org/web/20241213210916/https://fbref.com/en/comps/1/defense/World-Cup-Stats
FIFA World Cup,2022,David Raum,Germany,DF,242,6,3,6,3,5,3,0,0,https://web.archive.org/web/20241213210916/https://fbref.com/en/comps/1/defense/World-Cup-Stats
FIFA World Cup,2022,Jamal Musiala,Germany,MF,258,1,1,2,1,1,6,0,0,https://web.archive.org/web/20241213210916/https://fbref.com/en/comps/1/defense/World-Cup-Stats
FIFA World Cup,2022,Jonas Hofmann,Germany,MF,30,0,0,1,1,0,0,0,0,https://web.archive.org/web/20241213210916/https://fbref.com/en/comps/1/defense/World-Cup-Stats
FIFA World Cup,2022,Joshua Kimmich,Germany,"MF,DF",270,5,2,6,3,2,2,1,0,https://web.archive.org/web/20241213210916/https://fbref.com/en/comps/1/defense/World-Cup-Stats
FIFA World Cup,2022,Kai Havertz,Germany,FW,102,1,1,1,1,3,0,0,0,https://web.archive.org/web/20241213210916/https://fbref.com/en/comps/1/defense/World-Cup-Stats
FIFA World Cup,2022,Leon Goretzka,Germany,MF,159,5,3,2,0,4,3,1,0,https://web.archive.org/web/20241213210916/https://fbref.com/en/comps/1/defense/World-Cup-Stats
FIFA World Cup,2022,Leroy Sané,Germany,MF,111,1,1,4,4,0,0,0,0,https://web.archive.org/web/20241213210916/https://fbref.com/en/comps/1/defense/World-Cup-Stats
FIFA World Cup,2022,Lukas Klostermann,Germany,"DF,MF",66,3,1,3,1,1,0,0,0,https://web.archive.org/web/20241213210916/https://fbref.com/en/comps/1/defense/World-Cup-Stats
FIFA World Cup,2022,Manuel Neuer,Germany,GK,270,0,0,0,0,0,0,0,0,https://web.archive.org/web/20241213210916/https://fbref.com/en/comps/1/defense/World-Cup-Stats
FIFA World Cup,2022,Mario Götze,Germany,"FW,MF",36,1,0,1,0,0,1,0,0,https://web.archive.org/web/20241213210916/https://fbref.com/en/comps/1/defense/World-Cup-Stats
FIFA World Cup,2022,Matthias Ginter,Germany,"DF,MF",1,0,0,0,0,1,0,0,0,https://web.archive.org/web/20241213210916/https://fbref.com/en/comps/1/defense/World-Cup-Stats
FIFA World Cup,2022,Niclas Füllkrug,Germany,FW,69,0,0,0,0,0,1,0,0,https://web.archive.org/web/20241213210916/https://fbref.com/en/comps/1/defense/World-Cup-Stats
FIFA World Cup,2022,Nico Schlotterbeck,Germany,DF,94,4,3,3,0,1,1,0,0,https://web.archive.org/web/20241213210916/https://fbref.com/en/comps/1/defense/World-Cup-Stats
FIFA World Cup,2022,Niklas Süle,Germany,DF,269,5,4,3,0,0,2,0,0,https://web.archive.org/web/20241213210916/https://fbref.com/en/comps/1/defense/World-Cup-Stats
FIFA World Cup,2022,Serge Gnabry,Germany,MF,263,5,2,5,1,2,2,0,0,https://web.archive.org/web/20241213210916/https://fbref.com/en/comps/1/defense/World-Cup-Stats
FIFA World Cup,2022,Thilo Kehrer,Germany,DF,69,6,2,3,0,3,0,1,0,https://web.archive.org/web/20241213210916/https://fbref.com/en/comps/1/defense/World-Cup-Stats
FIFA World Cup,2022,Thomas Müller,Germany,"FW,MF",201,2,2,2,1,0,1,0,0,https://web.archive.org/web/20241213210916/https://fbref.com/en/comps/1/defense/World-Cup-Stats
FIFA World Cup,2022,Youssoufa Moukoko,Germany,FW,1,0,0,0,0,0,0,0,0,https://web.archive.org/web/20241213210916/https://fbref.com/en/comps/1/defense/World-Cup-Stats
FIFA World Cup,2022,İlkay Gündoğan,Germany,MF,189,3,1,1,1,3,2,0,0,https://web.archive.org/web/20241213210916/https://fbref.com/en/comps/1/defense/World-Cup-Stats
FIFA World Cup,2022,Abdul Fatawu Issahaku,Ghana,"FW,MF",1,0,0,0,0,0,0,0,0,https://web.archive.org/web/20241213210916/https://fbref.com/en/comps/1/defense/World-Cup-Stats
FIFA World Cup,2022,Abdul Rahman Baba,Ghana,"MF,DF",183,5,3,3,0,7,1,0,0,https://web.archive.org/web/20241213210916/https://fbref.com/en/comps/1/defense/World-Cup-Stats
FIFA World Cup,2022,Alexander Djiku,Ghana,DF,97,1,1,1,0,0,2,0,0,https://web.archive.org/web/20241213210916/https://fbref.com/en/comps/1/defense/World-Cup-Stats
FIFA World Cup,2022,Alidu Seidu,Ghana,"MF,DF",155,6,4,2,0,5,5,2,0,https://web.archive.org/web/20241213210916/https://fbref.com/en/comps/1/defense/World-Cup-Stats
FIFA World Cup,2022,André Ayew,Ghana,"MF,FW",198,4,1,2,1,2,6,1,0,https://web.archive.org/web/20241213210916/https://fbref.com/en/comps/1/defense/World-Cup-Stats
FIFA World Cup,2022,Antoine Semenyo,Ghana,"FW,MF",20,0,0,0,0,0,0,0,0,https://web.archive.org/web/20241213210916/https://fbref.com/en/comps/1/defense/World-Cup-Stats
FIFA World Cup,2022,Daniel Amartey,Ghana,DF,251,6,4,2,0,3,1,2,0,https://web.archive.org/web/20241213210916/https://fbref.com/en/comps/1/defense/World-Cup-Stats
FIFA World Cup,2022,Daniel Kyereh,Ghana,"FW,MF",33,2,2,1,0,0,0,0,0,https://web.archive.org/web/20241213210916/https://fbref.com/en/comps/1/defense/World-Cup-Stats
FIFA World Cup,2022,Denis Odoi,Ghana,"DF,MF",13,1,0,1,0,0,0,0,0,https://web.archive.org/web/20241213210916/https://fbref.com/en/comps/1/defense/World-Cup-Stats
FIFA World Cup,2022,Gideon Mensah,Ghana,DF,87,1,1,1,0,0,0,0,0,https://web.archive.org/web/20241213210916/https://fbref.com/en/comps/1/defense/World-Cup-Stats
FIFA World Cup,2022,Iñaki Williams,Ghana,"FW,MF",270,4,2,2,1,4,3,0,0,https://web.archive.org/web/20241213210916/https://fbref.com/en/comps/1/defense/World-Cup-Stats
FIFA World Cup,2022,Jordan Ayew,Ghana,MF,136,3,3,1,1,2,5,0,0,https://web.archive.org/web/20241213210916/https://fbref.com/en/comps/1/defense/World-Cup-Stats
FIFA World Cup,2022,Kamaldeen Sulemana,Ghana,"FW,MF",58,0,0,0,0,2,2,1,0,https://web.archive.org/web/20241213210916/https://fbref.com/en/comps/1/defense/World-Cup-Stats
FIFA World Cup,2022,Lawrence Ati-Zigi,Ghana,GK,270,0,0,0,0,0,0,0,0,https://web.archive.org/web/20241213210916/https://fbref.com/en/comps/1/defense/World-Cup-Stats
FIFA World Cup,2022,Mohammed Kudus,Ghana,"MF,FW",247,5,4,2,1,3,5,1,0,https://web.archive.org/web/20241213210916/https://fbref.com/en/comps/1/defense/World-Cup-Stats
FIFA World Cup,2022,Mohammed Salisu,Ghana,DF,270,2,1,1,0,6,1,0,0,https://web.archive.org/web/20241213210916/https://fbref.com/en/comps/1/defense/World-Cup-Stats
FIFA World Cup,2022,Osman Bukari,Ghana,"FW,MF",59,0,0,0,0,1,1,0,0,https://web.archive.org/web/20241213210916/https://fbref.com/en/comps/1/defense/World-Cup-Stats
FIFA World Cup,2022,Salis Abdul Samed,Ghana,MF,250,2,2,1,1,5,2,0,0,https://web.archive.org/web/20241213210916/https://fbref.com/en/comps/1/defense/World-Cup-Stats
FIFA World Cup,2022,Tariq Lamptey,Ghana,DF,102,3,1,4,1,3,2,1,0,https://web.archive.org/web/20241213210916/https://fbref.com/en/comps/1/defense/World-Cup-Stats
FIFA World Cup,2022,Thomas Partey,Ghana,MF,270,9,5,4,0,3,2,0,0,https://web.archive.org/web/20241213210916/https://fbref.com/en/comps/1/defense/World-Cup-Stats
FIFA World Cup,2022,Abolfazl Jalali,Iran,DF,19,0,0,0,0,1,4,1,0,https://web.archive.org/web/20241213210916/https://fbref.com/en/comps/1/defense/World-Cup-Stats
FIFA World Cup,2022,Ahmad Nourollahi,Iran,MF,223,4,3,2,1,2,0,0,0,https://web.archive.org/web/20241213210916/https://fbref.com/en/comps/1/defense/World-Cup-Stats
FIFA World Cup,2022,Ali Gholizadeh,Iran,"MF,FW",199,0,0,2,2,3,1,0,0,https://web.archive.org/web/20241213210916/https://fbref.com/en/comps/1/defense/World-Cup-Stats
FIFA World Cup,2022,Ali Karimi,Iran,MF,99,3,3,2,1,4,1,0,0,https://web.archive.org/web/20241213210916/https://fbref.com/en/comps/1/defense/World-Cup-Stats
FIFA World Cup,2022,Alireza Beiranvand,Iran,GK,109,0,0,0,0,0,0,0,0,https://web.archive.org/web/20241213210916/https://fbref.com/en/comps/1/defense/World-Cup-Stats
FIFA World Cup,2022,Alireza Jahanbakhsh,Iran,MF,59,1,1,1,1,2,0,2,0,https://web.archive.org/web/20241213210916/https://fbref.com/en/comps/1/defense/World-Cup-Stats
FIFA World Cup,2022,Ehsan Hajsafi,Iran,MF,237,6,3,5,2,1,3,0,0,https://web.archive.org/web/20241213210916/https://fbref.com/en/comps/1/defense/World-Cup-Stats
FIFA World Cup,2022,Hossein Hosseini,Iran,GK,161,0,0,0,0,0,0,0,0,https://web.archive.org/web/20241213210916/https://fbref.com/en/comps/1/defense/World-Cup-Stats
FIFA World Cup,2022,Hossein Kanaanizadegan,Iran,DF,45,0,0,2,2,0,1,1,0,https://web.archive.org/web/20241213210916/https://fbref.com/en/comps/1/defense/World-Cup-Stats
FIFA World Cup,2022,Karim Ansarifard,Iran,FW,35,0,0,0,0,0,0,0,0,https://web.archive.org/web/20241213210916/https://fbref.com/en/comps/1/defense/World-Cup-Stats
FIFA World Cup,2022,Majid Hosseini,Iran,DF,270,7,4,9,3,4,1,1,0,https://web.archive.org/web/20241213210916/https://fbref.com/en/comps/1/defense/World-Cup-Stats
FIFA World Cup,2022,Mehdi Taremi,Iran,"FW,MF",270,4,3,5,3,5,4,0,0,https://web.archive.org/web/20241213210916/https://fbref.com/en/comps/1/defense/World-Cup-Stats
FIFA World Cup,2022,Mehdi Torabi,Iran,MF,62,1,0,3,2,0,0,0,0,https://web.archive.org/web/20241213210916/https://fbref.com/en/comps/1/defense/World-Cup-Stats
FIFA World Cup,2022,Milad Mohammadi,Iran,DF,196,10,3,4,1,2,1,0,0,https://web.archive.org/web/20241213210916/https://fbref.com/en/comps/1/defense/World-Cup-Stats
FIFA World Cup,2022,Morteza Pouraliganji,Iran,DF,270,2,2,2,1,5,1,1,0,https://web.archive.org/web/20241213210916/https://fbref.com/en/comps/1/defense/World-Cup-Stats
FIFA World Cup,2022,Ramin Rezaeian,Iran,DF,180,7,5,7,4,2,3,1,0,https://web.archive.org/web/20241213210916/https://fbref.com/en/comps/1/defense/World-Cup-Stats
FIFA World Cup,2022,Rouzbeh Cheshmi,Iran,DF,58,0,0,0,0,1,0,0,0,https://web.archive.org/web/20241213210916/https://fbref.com/en/comps/1/defense/World-Cup-Stats
FIFA World Cup,2022,Sadegh Moharrami,Iran,DF,90,1,1,2,2,2,0,0,0,https://web.archive.org/web/20241213210916/https://fbref.com/en/comps/1/defense/World-Cup-Stats
FIFA World Cup,2022,Saeid Ezatolahi,Iran,MF,217,6,1,8,6,2,5,0,0,https://web.archive.org/web/20241213210916/https://fbref.com/en/comps/1/defense/World-Cup-Stats
FIFA World Cup,2022,Saman Ghoddos,Iran,"FW,MF",45,1,0,1,1,1,0,0,0,https://web.archive.org/web/20241213210916/https://fbref.com/en/comps/1/defense/World-Cup-Stats
FIFA World Cup,2022,Sardar Azmoun,Iran,FW,126,0,0,1,1,1,1,0,0,https://web.archive.org/web/20241213210916/https://fbref.com/en/comps/1/defense/World-Cup-Stats
FIFA World Cup,2022,Ao Tanaka,Japan,MF,171,3,1,1,0,1,1,0,0,https://web.archive.org/web/20241213210916/https://fbref.com/en/comps/1/defense/World-Cup-Stats
FIFA World Cup,2022,Ayase Ueda,Japan,FW,45,0,0,1,1,1,0,0,0,https://web.archive.org/web/20241213210916/https://fbref.com/en/comps/1/defense/World-Cup-Stats
FIFA World Cup,2022,Daichi Kamada,Japan,"MF,FW",322,7,3,6,3,1,1,0,0,https://web.archive.org/web/20241213210916/https://fbref.com/en/comps/1/defense/World-Cup-Stats
FIFA World Cup,2022,Daizen Maeda,Japan,FW,180,3,2,1,1,2,3,0,0,https://web.archive.org/web/20241213210916/https://fbref.com/en/comps/1/defense/World-Cup-Stats
FIFA World Cup,2022,Hidemasa Morita,Japan,MF,285,0,0,0,0,4,1,0,0,https://web.archive.org/web/20241213210916/https://fbref.com/en/comps/1/defense/World-Cup-Stats
FIFA World Cup,2022,Hiroki Ito,Japan,DF,45,0,0,0,0,3,0,0,0,https://web.archive.org/web/20241213210916/https://fbref.com/en/comps/1/defense/World-Cup-Stats
FIFA World Cup,2022,Hiroki Sakai,Japan,DF,119,5,4,4,2,3,1,0,0,https://web.archive.org/web/20241213210916/https://fbref.com/en/comps/1/defense/World-Cup-Stats
FIFA World Cup,2022,Junya Itō,Japan,MF,324,7,4,9,4,0,5,0,0,https://web.archive.org/web/20241213210916/https://fbref.com/en/comps/1/defense/World-Cup-Stats
FIFA World Cup,2022,Kaoru Mitoma,Japan,"FW,MF",165,7,2,3,0,3,1,0,0,https://web.archive.org/web/20241213210916/https://fbref.com/en/comps/1/defense/World-Cup-Stats
FIFA World Cup,2022,Ko Itakura,Japan,DF,270,9,5,4,1,5,0,2,0,https://web.archive.org/web/20241213210916/https://fbref.com/en/comps/1/defense/World-Cup-Stats
FIFA World Cup,2022,Maya Yoshida,Japan,DF,390,4,4,1,0,3,4,1,0,https://web.archive.org/web/20241213210916/https://fbref.com/en/comps/1/defense/World-Cup-Stats
FIFA World Cup,2022,Miki Yamane,Japan,DF,61,1,0,0,0,2,1,1,0,https://web.archive.org/web/20241213210916/https://fbref.com/en/comps/1/defense/World-Cup-Stats
FIFA World Cup,2022,Ritsu Doan,Japan,"MF,FW",217,6,5,3,2,3,4,0,0,https://web.archive.org/web/20241213210916/https://fbref.com/en/comps/1/defense/World-Cup-Stats
FIFA World Cup,2022,Shogo Taniguchi,Japan,DF,210,1,0,0,0,3,0,1,0,https://web.archive.org/web/20241213210916/https://fbref.com/en/comps/1/defense/World-Cup-Stats
FIFA World Cup,2022,Shūichi Gonda,Japan,GK,390,0,0,0,0,1,0,0,0,https://web.archive.org/web/20241213210916/https://fbref.com/en/comps/1/defense/World-Cup-Stats
FIFA World Cup,2022,Takefusa Kubo,Japan,"MF,FW",90,1,1,0,0,2,2,0,0,https://web.archive.org/web/20241213210916/https://fbref.com/en/comps/1/defense/World-Cup-Stats
FIFA World Cup,2022,Takehiro Tomiyasu,Japan,DF,187,0,0,0,0,1,0,0,0,https://web.archive.org/web/20241213210916/https://fbref.com/en/comps/1/defense/World-Cup-Stats
FIFA World Cup,2022,Takuma Asano,Japan,"FW,MF",165,0,0,0,0,4,0,0,0,https://web.archive.org/web/20241213210916/https://fbref.com/en/comps/1/defense/World-Cup-Stats
FIFA World Cup,2022,Takumi Minamino,Japan,"FW,MF",60,2,1,2,0,1,0,0,0,https://web.archive.org/web/20241213210916/https://fbref.com/en/comps/1/defense/World-Cup-Stats
FIFA World Cup,2022,Wataru Endo,Japan,MF,304,8,4,5,2,7,9,1,0,https://web.archive.org/web/20241213210916/https://fbref.com/en/comps/1/defense/World-Cup-Stats
FIFA World Cup,2022,Yuki Soma,Japan,MF,81,2,0,1,1,2,3,0,0,https://web.archive.org/web/20241213210916/https://fbref.com/en/comps/1/defense/World-Cup-Stats
FIFA World Cup,2022,Yūto Nagatomo,Japan,"MF,DF",209,4,2,1,0,6,0,0,0,https://web.archive.org/web/20241213210916/https://fbref.com/en/comps/1/defense/World-Cup-Stats
FIFA World Cup,2022,Alexis Vega,Mexico,"FW,MF",193,0,0,0,0,2,6,0,0,https://web.archive.org/web/20241213210916/https://fbref.com/en/comps/1/defense/World-Cup-Stats
FIFA World Cup,2022,Andrés Guardado,Mexico,MF,41,4,2,3,1,1,0,0,0,https://web.archive.org/web/20241213210916/https://fbref.com/en/comps/1/defense/World-Cup-Stats
FIFA World Cup,2022,Charly Rodríguez,Mexico,MF,34,0,0,1,1,1,1,0,0,https://web.archive.org/web/20241213210916/https://fbref.com/en/comps/1/defense/World-Cup-Stats
FIFA World Cup,2022,César Montes,Mexico,DF,270,6,3,3,0,4,0,0,0,https://web.archive.org/web/20241213210916/https://fbref.com/en/comps/1/defense/World-Cup-Stats
FIFA World Cup,2022,Edson Álvarez,Mexico,MF,175,3,2,3,2,4,1,1,0,https://web.archive.org/web/20241213210916/https://fbref.com/en/comps/1/defense/World-Cup-Stats
FIFA World Cup,2022,Erick Gutiérrez,Mexico,MF,49,1,1,3,2,2,3,1,0,https://web.archive.org/web/20241213210916/https://fbref.com/en/comps/1/defense/World-Cup-Stats
FIFA World Cup,2022,Guillermo Ochoa,Mexico,GK,270,0,0,0,0,0,1,0,0,https://web.archive.org/web/20241213210916/https://fbref.com/en/comps/1/defense/World-Cup-Stats
FIFA World Cup,2022,Henry Martín,Mexico,FW,146,1,1,2,1,3,3,0,0,https://web.archive.org/web/20241213210916/https://fbref.com/en/comps/1/defense/World-Cup-Stats
FIFA World Cup,2022,Hirving Lozano,Mexico,"FW,MF",252,7,2,4,1,7,11,0,0,https://web.archive.org/web/20241213210916/https://fbref.com/en/comps/1/defense/World-Cup-Stats
FIFA World Cup,2022,Héctor Herrera,Mexico,MF,160,4,3,4,2,4,1,1,0,https://web.archive.org/web/20241213210916/https://fbref.com/en/comps/1/defense/World-Cup-Stats
FIFA World Cup,2022,Héctor Moreno,Mexico,DF,270,2,1,1,0,3,3,1,0,https://web.archive.org/web/20241213210916/https://fbref.com/en/comps/1/defense/World-Cup-Stats
FIFA World Cup,2022,Jesús Gallardo,Mexico,DF,270,9,5,8,5,4,1,0,0,https://web.archive.org/web/20241213210916/https://fbref.com/en/comps/1/defense/World-Cup-Stats
FIFA World Cup,2022,Jorge Sánchez,Mexico,DF,175,1,0,1,0,5,1,1,0,https://web.archive.org/web/20241213210916/https://fbref.com/en/comps/1/defense/World-Cup-Stats
FIFA World Cup,2022,Kevin Álvarez,Mexico,DF,70,1,0,1,0,0,1,0,0,https://web.archive.org/web/20241213210916/https://fbref.com/en/comps/1/defense/World-Cup-Stats
FIFA World Cup,2022,Luis Chávez,Mexico,MF,270,1,0,4,3,3,8,0,0,https://web.archive.org/web/20241213210916/https://fbref.com/en/comps/1/defense/World-Cup-Stats
FIFA World Cup,2022,Néstor Araujo,Mexico,DF,90,1,1,1,0,2,0,1,0,https://web.archive.org/web/20241213210916/https://fbref.com/en/comps/1/defense/World-Cup-Stats
FIFA World Cup,2022,Orbelín Pineda,Mexico,MF,76,4,3,3,1,2,4,0,0,https://web.archive.org/web/20241213210916/https://fbref.com/en/comps/1/defense/World-Cup-Stats
FIFA World Cup,2022,Raúl Jiménez,Mexico,FW,59,0,0,0,0,1,1,0,0,https://web.archive.org/web/20241213210916/https://fbref.com/en/comps/1/defense/World-Cup-Stats
FIFA World Cup,2022,Roberto Alvarado,Mexico,"FW,MF",18,0,0,0,0,1,0,1,0,https://web.archive.org/web/20241213210916/https://fbref.com/en/comps/1/defense/World-Cup-Stats
FIFA World Cup,2022,Rogelio Funes Mori,Mexico,FW,5,1,0,0,0,2,1,0,0,https://web.archive.org/web/20241213210916/https://fbref.com/en/comps/1/defense/World-Cup-Stats
FIFA World Cup,2022,Uriel Antuna,Mexico,"FW,MF",77,4,3,2,0,0,1,0,0,https://web.archive.org/web/20241213210916/https://fbref.com/en/comps/1/defense/World-Cup-Stats
FIFA World Cup,2022,Abde Ezzalzouli,Morocco,"FW,MF",93,3,2,1,0,4,0,0,0,https://web.archive.org/web/20241213210916/https://fbref.com/en/comps/1/defense/World-Cup-Stats
FIFA World Cup,2022,Abdelhamid Sabiri,Morocco,MF,181,3,1,6,4,2,3,1,0,https://web.archive.org/web/20241213210916/https://fbref.com/en/comps/1/defense/World-Cup-Stats
FIFA World Cup,2022,Abderrazak Hamdallah,Morocco,FW,68,0,0,1,1,3,2,0,0,https://web.archive.org/web/20241213210916/https://fbref.com/en/comps/1/defense/World-Cup-Stats
FIFA World Cup,2022,Achraf Dari,Morocco,DF,187,1,0,3,2,2,1,1,0,https://web.archive.org/web/20241213210916/https://fbref.com/en/comps/1/defense/World-Cup-Stats
FIFA World Cup,2022,Achraf Hakimi,Morocco,DF,631,26,17,28,11,6,13,0,0,https://web.archive.org/web/20241213210916/https://fbref.com/en/comps/1/defense/World-Cup-Stats
FIFA World Cup,2022,Anass Zaroury,Morocco,"FW,MF",27,0,0,0,0,0,0,0,0,https://web.archive.org/web/20241213210916/https://fbref.com/en/comps/1/defense/World-Cup-Stats
FIFA World Cup,2022,Azzedine Ounahi,Morocco,MF,568,9,8,9,2,3,13,1,0,https://web.archive.org/web/20241213210916/https://fbref.com/en/comps/1/defense/World-Cup-Stats
FIFA World Cup,2022,Badr Banoun,Morocco,DF,54,0,0,0,0,2,0,0,0,https://web.archive.org/web/20241213210916/https://fbref.com/en/comps/1/defense/World-Cup-Stats
FIFA World Cup,2022,Bilal El Khannouss,Morocco,MF,55,0,0,1,1,0,1,0,0,https://web.archive.org/web/20241213210916/https://fbref.com/en/comps/1/defense/World-Cup-Stats
FIFA World Cup,2022,Hakim Ziyech,Morocco,"FW,MF",635,10,7,11,7,12,7,0,0,https://web.archive.org/web/20241213210916/https://fbref.com/en/comps/1/defense/World-Cup-Stats
FIFA World Cup,2022,Ilias Chair,Morocco,"FW,MF",45,1,0,1,1,0,0,0,0,https://web.archive.org/web/20241213210916/https://fbref.com/en/comps/1/defense/World-Cup-Stats
FIFA World Cup,2022,Jawad El Yamiq,Morocco,DF,309,4,2,3,0,1,4,0,0,https://web.archive.org/web/20241213210916/https://fbref.com/en/comps/1/defense/World-Cup-Stats
FIFA World Cup,2022,Munir,Morocco,GK,90,0,0,0,0,0,0,0,0,https://web.archive.org/web/20241213210916/https://fbref.com/en/comps/1/defense/World-Cup-Stats
FIFA World Cup,2022,Nayef Aguerd,Morocco,DF,353,4,2,2,0,2,0,0,0,https://web.archive.org/web/20241213210916/https://fbref.com/en/comps/1/defense/World-Cup-Stats
FIFA World Cup,2022,Noussair Mazraoui,Morocco,DF,365,14,9,11,3,3,1,0,0,https://web.archive.org/web/20241213210916/https://fbref.com/en/comps/1/defense/World-Cup-Stats
FIFA World Cup,2022,Romain Saïss,Morocco,DF,466,5,2,5,3,4,0,1,0,https://web.archive.org/web/20241213210916/https://fbref.com/en/comps/1/defense/World-Cup-Stats
FIFA World Cup,2022,Selim Amallah,Morocco,MF,409,13,9,11,5,11,8,1,0,https://web.archive.org/web/20241213210916/https://fbref.com/en/comps/1/defense/World-Cup-Stats
FIFA World Cup,2022,Sofiane Boufal,Morocco,"FW,MF",475,11,5,6,3,11,13,1,0,https://web.archive.org/web/20241213210916/https://fbref.com/en/comps/1/defense/World-Cup-Stats
FIFA World Cup,2022,Sofyan Amrabat,Morocco,MF,660,16,10,14,5,14,6,1,0,https://web.archive.org/web/20241213210916/https://fbref.com/en/comps/1/defense/World-Cup-Stats
FIFA World Cup,2022,Walid Cheddira,Morocco,FW,64,1,0,0,0,5,0,2,1,https://web.archive.org/web/20241213210916/https://fbref.com/en/comps/1/defense/World-Cup-Stats
FIFA World Cup,2022,Yahya Attiat Allah,Morocco,DF,318,4,2,7,4,8,3,0,0,https://web.archive.org/web/20241213210916/https://fbref.com/en/comps/1/defense/World-Cup-Stats
FIFA World Cup,2022,Yahya Jabrane,Morocco,MF,15,0,0,1,1,0,0,0,0,https://web.archive.org/web/20241213210916/https://fbref.com/en/comps/1/defense/World-Cup-Stats
FIFA World Cup,2022,Yassine Bounou,Morocco,GK,570,0,0,0,0,0,1,0,0,https://web.archive.org/web/20241213210916/https://fbref.com/en/comps/1/defense/World-Cup-Stats
FIFA World Cup,2022,Youssef En-Nesyri,Morocco,FW,542,3,2,2,2,2,4,0,0,https://web.archive.org/web/20241213210916/https://fbref.com/en/comps/1/defense/World-Cup-Stats
FIFA World Cup,2022,Zakaria Aboukhlal,Morocco,"FW,MF",79,1,1,1,1,1,0,0,0,https://web.archive.org/web/20241213210916/https://fbref.com/en/comps/1/defense/World-Cup-Stats
FIFA World Cup,2022,Andries Noppert,Netherlands,GK,480,0,0,0,0,0,0,0,0,https://web.archive.org/web/20241213210916/https://fbref.com/en/comps/1/defense/World-Cup-Stats
FIFA World Cup,2022,Cody Gakpo,Netherlands,"FW,MF",450,8,2,4,1,8,5,0,0,https://web.archive.org/web/20241213210916/https://fbref.com/en/comps/1/defense/World-Cup-Stats
FIFA World Cup,2022,Daley Blind,Netherlands,MF,423,14,9,9,3,3,1,0,0,https://web.archive.org/web/20241213210916/https://fbref.com/en/comps/1/defense/World-Cup-Stats
FIFA World Cup,2022,Davy Klaassen,Netherlands,MF,190,3,2,1,0,1,3,0,0,https://web.archive.org/web/20241213210916/https://fbref.com/en/comps/1/defense/World-Cup-Stats
FIFA World Cup,2022,Denzel Dumfries,Netherlands,MF,479,8,5,6,1,17,7,2,1,https://web.archive.org/web/20241213210916/https://fbref.com/en/comps/1/defense/World-Cup-Stats
FIFA World Cup,2022,Frenkie de Jong,Netherlands,MF,475,12,5,3,2,4,6,1,0,https://web.archive.org/web/20241213210916/https://fbref.com/en/comps/1/defense/World-Cup-Stats
FIFA World Cup,2022,Jurriën Timber,Netherlands,DF,390,12,6,6,0,17,4,1,0,https://web.archive.org/web/20241213210916/https://fbref.com/en/comps/1/defense/World-Cup-Stats
FIFA World Cup,2022,Kenneth Taylor,Netherlands,MF,5,0,0,0,0,0,0,0,0,https://web.archive.org/web/20241213210916/https://fbref.com/en/comps/1/defense/World-Cup-Stats
FIFA World Cup,2022,Luuk de Jong,Netherlands,FW,57,2,1,0,0,1,1,0,0,https://web.archive.org/web/20241213210916/https://fbref.com/en/comps/1/defense/World-Cup-Stats
FIFA World Cup,2022,Marten de Roon,Netherlands,MF,184,7,5,5,4,3,0,0,0,https://web.archive.org/web/20241213210916/https://fbref.com/en/comps/1/defense/World-Cup-Stats
FIFA World Cup,2022,Matthijs de Ligt,Netherlands,DF,91,0,0,0,0,4,1,1,0,https://web.archive.org/web/20241213210916/https://fbref.com/en/comps/1/defense/World-Cup-Stats
FIFA World Cup,2022,Memphis,Netherlands,FW,297,1,1,2,1,1,5,1,0,https://web.archive.org/web/20241213210916/https://fbref.com/en/comps/1/defense/World-Cup-Stats
FIFA World Cup,2022,Nathan Aké,Netherlands,DF,479,6,3,3,0,4,6,1,0,https://web.archive.org/web/20241213210916/https://fbref.com/en/comps/1/defense/World-Cup-Stats
FIFA World Cup,2022,Noa Lang,Netherlands,"FW,MF",8,0,0,1,1,0,0,1,0,https://web.archive.org/web/20241213210916/https://fbref.com/en/comps/1/defense/World-Cup-Stats
FIFA World Cup,2022,Steven Berghuis,Netherlands,MF,200,2,1,2,1,4,0,1,0,https://web.archive.org/web/20241213210916/https://fbref.com/en/comps/1/defense/World-Cup-Stats
FIFA World Cup,2022,Steven Bergwijn,Netherlands,FW,213,1,1,1,1,2,4,1,0,https://web.archive.org/web/20241213210916/https://fbref.com/en/comps/1/defense/World-Cup-Stats
FIFA World Cup,2022,Teun Koopmeiners,Netherlands,MF,219,10,5,8,3,6,1,1,0,https://web.archive.org/web/20241213210916/https://fbref.com/en/comps/1/defense/World-Cup-Stats
FIFA World Cup,2022,Vincent Janssen,Netherlands,FW,86,2,0,1,1,2,2,0,0,https://web.archive.org/web/20241213210916/https://fbref.com/en/comps/1/defense/World-Cup-Stats
FIFA World Cup,2022,Virgil van Dijk,Netherlands,DF,480,2,1,2,1,5,2,0,0,https://web.archive.org/web/20241213210916/https://fbref.com/en/comps/1/defense/World-Cup-Stats
FIFA World Cup,2022,Wout Weghorst,Netherlands,FW,64,0,0,0,0,5,1,1,0,https://web.archive.org/web/20241213210916/https://fbref.com/en/comps/1/defense/World-Cup-Stats
FIFA World Cup,2022,Xavi Simons,Netherlands,"FW,MF",9,1,0,1,1,0,1,0,0,https://web.archive.org/web/20241213210916/https://fbref.com/en/comps/1/defense/World-Cup-Stats
FIFA World Cup,2022,Arkadiusz Milik,Poland,FW,101,0,0,2,2,1,2,1,0,https://web.archive.org/web/20241213210916/https://fbref.com/en/comps/1/defense/World-Cup-Stats
FIFA World Cup,2022,Artur Jędrzejczyk,Poland,DF,19,0,0,0,0,0,0,0,0,https://web.archive.org/web/20241213210916/https://fbref.com/en/comps/1/defense/World-Cup-Stats
FIFA World Cup,2022,Bartosz Bereszyński,Poland,DF,341,6,2,6,3,5,3,1,0,https://web.archive.org/web/20241213210916/https://fbref.com/en/comps/1/defense/World-Cup-Stats
FIFA World Cup,2022,Damian Szymański,Poland,MF,29,0,0,1,1,0,0,0,0,https://web.archive.org/web/20241213210916/https://fbref.com/en/comps/1/defense/World-Cup-Stats
FIFA World Cup,2022,Grzegorz Krychowiak,Poland,MF,332,9,4,7,6,6,7,1,0,https://web.archive.org/web/20241213210916/https://fbref.com/en/comps/1/defense/World-Cup-Stats
FIFA World Cup,2022,Jakub Kamiński,Poland,MF,233,6,1,4,1,5,2,0,0,https://web.archive.org/web/20241213210916/https://fbref.com/en/comps/1/defense/World-Cup-Stats
FIFA World Cup,2022,Jakub Kiwior,Poland,DF,355,2,1,1,0,1,0,1,0,https://web.archive.org/web/20241213210916/https://fbref.com/en/comps/1/defense/World-Cup-Stats
FIFA World Cup,2022,Jan Bednarek,Poland,DF,5,0,0,0,0,0,0,0,0,https://web.archive.org/web/20241213210916/https://fbref.com/en/comps/1/defense/World-Cup-Stats
FIFA World Cup,2022,Kamil Glik,Poland,DF,360,2,1,3,1,2,0,0,0,https://web.archive.org/web/20241213210916/https://fbref.com/en/comps/1/defense/World-Cup-Stats
FIFA World Cup,2022,Kamil Grosicki,Poland,"FW,MF",4,0,0,0,0,0,0,0,0,https://web.archive.org/web/20241213210916/https://fbref.com/en/comps/1/defense/World-Cup-Stats
FIFA World Cup,2022,Karol Świderski,Poland,MF,45,4,1,3,1,0,1,0,0,https://web.archive.org/web/20241213210916/https://fbref.com/en/comps/1/defense/World-Cup-Stats
FIFA World Cup,2022,Krystian Bielik,Poland,MF,216,5,3,4,2,5,4,0,0,https://web.archive.org/web/20241213210916/https://fbref.com/en/comps/1/defense/World-Cup-Stats
FIFA World Cup,2022,Krzysztof Piątek,Poland,FW,28,0,0,0,0,0,1,0,0,https://web.archive.org/web/20241213210916/https://fbref.com/en/comps/1/defense/World-Cup-Stats
FIFA World Cup,2022,Matty Cash,Poland,DF,360,4,3,6,3,7,3,2,0,https://web.archive.org/web/20241213210916/https://fbref.com/en/comps/1/defense/World-Cup-Stats
FIFA World Cup,2022,Michał Skóraś,Poland,MF,45,0,0,0,0,1,2,0,0,https://web.archive.org/web/20241213210916/https://fbref.com/en/comps/1/defense/World-Cup-Stats
FIFA World Cup,2022,Nicola Zalewski,Poland,MF,65,4,0,4,2,1,2,0,0,https://web.archive.org/web/20241213210916/https://fbref.com/en/comps/1/defense/World-Cup-Stats
FIFA World Cup,2022,Piotr Zieliński,Poland,MF,328,7,5,4,3,4,2,0,0,https://web.archive.org/web/20241213210916/https://fbref.com/en/comps/1/defense/World-Cup-Stats
FIFA World Cup,2022,Przemysław Frankowski,Poland,MF,240,7,4,6,4,1,5,1,0,https://web.archive.org/web/20241213210916/https://fbref.com/en/comps/1/defense/World-Cup-Stats
FIFA World Cup,2022,Robert Lewandowski,Poland,FW,360,2,2,3,3,6,9,0,0,https://web.archive.org/web/20241213210916/https://fbref.com/en/comps/1/defense/World-Cup-Stats
FIFA World Cup,2022,Sebastian Szymański,Poland,MF,134,6,3,1,1,1,3,0,0,https://web.archive.org/web/20241213210916/https://fbref.com/en/comps/1/defense/World-Cup-Stats
FIFA World Cup,2022,Wojciech Szczęsny,Poland,GK,360,0,0,0,0,1,1,0,0,https://web.archive.org/web/20241213210916/https://fbref.com/en/comps/1/defense/World-Cup-Stats
FIFA World Cup,2022,André Silva,Portugal,FW,26,0,0,0,0,0,0,0,0,https://web.archive.org/web/20241213210916/https://fbref.com/en/comps/1/defense/World-Cup-Stats
FIFA World Cup,2022,António Silva,Portugal,DF,90,1,1,2,1,2,0,0,0,https://web.archive.org/web/20241213210916/https://fbref.com/en/comps/1/defense/World-Cup-Stats
FIFA World Cup,2022,Bernardo Silva,Portugal,MF,356,2,2,1,0,1,2,0,0,https://web.archive.org/web/20241213210916/https://fbref.com/en/comps/1/defense/World-Cup-Stats
FIFA World Cup,2022,Bruno Fernandes,Portugal,FW,356,4,3,3,3,2,8,1,0,https://web.archive.org/web/20241213210916/https://fbref.com/en/comps/1/defense/World-Cup-Stats
FIFA World Cup,2022,Cristiano Ronaldo,Portugal,FW,290,0,0,0,0,2,5,0,0,https://web.archive.org/web/20241213210916/https://fbref.com/en/comps/1/defense/World-Cup-Stats
FIFA World Cup,2022,Danilo Pereira,Portugal,DF,90,2,2,2,0,1,2,1,0,https://web.archive.org/web/20241213210916/https://fbref.com/en/comps/1/defense/World-Cup-Stats
FIFA World Cup,2022,Diogo Costa,Portugal,GK,450,1,0,0,0,0,0,0,0,https://web.archive.org/web/20241213210916/https://fbref.com/en/comps/1/defense/World-Cup-Stats
FIFA World Cup,2022,Diogo Dalot,Portugal,DF,258,8,6,8,0,1,1,0,0,https://web.archive.org/web/20241213210916/https://fbref.com/en/comps/1/defense/World-Cup-Stats
FIFA World Cup,2022,Gonçalo Ramos,Portugal,FW,152,1,1,2,1,2,3,0,0,https://web.archive.org/web/20241213210916/https://fbref.com/en/comps/1/defense/World-Cup-Stats
FIFA World Cup,2022,João Cancelo,Portugal,DF,310,7,3,5,1,2,4,0,0,https://web.archive.org/web/20241213210916/https://fbref.com/en/comps/1/defense/World-Cup-Stats
FIFA World Cup,2022,João Félix,Portugal,FW,331,4,2,3,3,8,9,1,0,https://web.archive.org/web/20241213210916/https://fbref.com/en/comps/1/defense/World-Cup-Stats
FIFA World Cup,2022,João Mário,Portugal,MF,84,2,1,3,1,0,0,0,0,https://web.archive.org/web/20241213210916/https://fbref.com/en/comps/1/defense/World-Cup-Stats
FIFA World Cup,2022,João Palhinha,Portugal,MF,38,2,1,1,1,2,0,0,0,https://web.archive.org/web/20241213210916/https://fbref.com/en/comps/1/defense/World-Cup-Stats
FIFA World Cup,2022,Matheus Nunes,Portugal,MF,73,0,0,0,0,2,2,0,0,https://web.archive.org/web/20241213210916/https://fbref.com/en/comps/1/defense/World-Cup-Stats
FIFA World Cup,2022,Nuno Mendes,Portugal,DF,41,0,0,0,0,0,2,0,0,https://web.archive.org/web/20241213210916/https://fbref.com/en/comps/1/defense/World-Cup-Stats
FIFA World Cup,2022,Otávio,Portugal,MF,196,7,7,5,2,6,10,0,0,https://web.archive.org/web/20241213210916/https://fbref.com/en/comps/1/defense/World-Cup-Stats
FIFA World Cup,2022,Pepe,Portugal,DF,360,5,0,4,1,3,5,0,0,https://web.archive.org/web/20241213210916/https://fbref.com/en/comps/1/defense/World-Cup-Stats
FIFA World Cup,2022,Rafael Leão,Portugal,"FW,MF",88,0,0,0,0,3,1,0,0,https://web.archive.org/web/20241213210916/https://fbref.com/en/comps/1/defense/World-Cup-Stats
FIFA World Cup,2022,Raphaël Guerreiro,Portugal,DF,279,3,2,2,1,2,1,0,0,https://web.archive.org/web/20241213210916/https://fbref.com/en/comps/1/defense/World-Cup-Stats
FIFA World Cup,2022,Ricardo Horta,Portugal,FW,119,2,1,1,0,3,1,0,0,https://web.archive.org/web/20241213210916/https://fbref.com/en/comps/1/defense/World-Cup-Stats
FIFA World Cup,2022,Rúben Dias,Portugal,DF,360,4,4,1,1,4,2,1,0,https://web.archive.org/web/20241213210916/https://fbref.com/en/comps/1/defense/World-Cup-Stats
FIFA World Cup,2022,Rúben Neves,Portugal,MF,268,2,1,6,6,5,2,1,0,https://web.archive.org/web/20241213210916/https://fbref.com/en/comps/1/defense/World-Cup-Stats
FIFA World Cup,2022,Vitinha,Portugal,FW,120,3,2,4,2,1,3,1,0,https://web.archive.org/web/20241213210916/https://fbref.com/en/comps/1/defense/World-Cup-Stats
FIFA World Cup,2022,William Carvalho,Portugal,MF,215,6,5,2,1,3,2,0,0,https://web.archive.org/web/20241213210916/https://fbref.com/en/comps/1/defense/World-Cup-Stats
FIFA World Cup,2022,Abdelkarim Hassan,Qatar,DF,270,7,3,4,1,1,4,0,0,https://web.archive.org/web/20241213210916/https://fbref.com/en/comps/1/defense/World-Cup-Stats
FIFA World Cup,2022,Abdulaziz Hatem,Qatar,MF,196,1,1,2,1,4,1,0,0,https://web.archive.org/web/20241213210916/https://fbref.com/en/comps/1/defense/World-Cup-Stats
FIFA World Cup,2022,Ahmed Alaaeldin,Qatar,FW,6,0,0,0,0,0,0,0,0,https://web.archive.org/web/20241213210916/https://fbref.com/en/comps/1/defense/World-Cup-Stats
FIFA World Cup,2022,Akram Afif,Qatar,FW,270,0,0,1,1,2,6,1,0,https://web.archive.org/web/20241213210916/https://fbref.com/en/comps/1/defense/World-Cup-Stats
FIFA World Cup,2022,Ali Assadalla,Qatar,"FW,MF",27,0,0,0,0,0,0,0,0,https://web.archive.org/web/20241213210916/https://fbref.com/en/comps/1/defense/World-Cup-Stats
FIFA World Cup,2022,Almoez Ali,Qatar,FW,224,1,0,2,2,2,2,1,0,https://web.archive.org/web/20241213210916/https://fbref.com/en/comps/1/defense/World-Cup-Stats
FIFA World Cup,2022,Assim Madibo,Qatar,MF,153,6,3,5,4,1,1,1,0,https://web.archive.org/web/20241213210916/https://fbref.com/en/comps/1/defense/World-Cup-Stats
FIFA World Cup,2022,Bassam Al-Rawi,Qatar,DF,90,0,0,1,1,1,2,0,0,https://web.archive.org/web/20241213210916/https://fbref.com/en/comps/1/defense/World-Cup-Stats
FIFA World Cup,2022,Boualem Khoukhi,Qatar,DF,270,2,2,2,1,1,5,0,0,https://web.archive.org/web/20241213210916/https://fbref.com/en/comps/1/defense/World-Cup-Stats
FIFA World Cup,2022,Hassan Al-Haydos,Qatar,MF,206,4,1,8,6,4,0,0,0,https://web.archive.org/web/20241213210916/https://fbref.com/en/comps/1/defense/World-Cup-Stats
FIFA World Cup,2022,Homam Ahmed,Qatar,"DF,MF",262,2,2,3,2,5,8,1,0,https://web.archive.org/web/20241213210916/https://fbref.com/en/comps/1/defense/World-Cup-Stats
FIFA World Cup,2022,Ismaeel Mohammad,Qatar,DF,174,3,2,1,0,1,6,1,0,https://web.archive.org/web/20241213210916/https://fbref.com/en/comps/1/defense/World-Cup-Stats
FIFA World Cup,2022,Karim Boudiaf,Qatar,MF,185,2,1,5,3,2,1,1,0,https://web.archive.org/web/20241213210916/https://fbref.com/en/comps/1/defense/World-Cup-Stats
FIFA World Cup,2022,Meshaal Barsham,Qatar,GK,180,0,0,0,0,0,0,0,0,https://web.archive.org/web/20241213210916/https://fbref.com/en/comps/1/defense/World-Cup-Stats
FIFA World Cup,2022,Mohammed Muntari,Qatar,FW,63,2,2,1,0,1,2,0,0,https://web.archive.org/web/20241213210916/https://fbref.com/en/comps/1/defense/World-Cup-Stats
FIFA World Cup,2022,Mohammed Waad,Qatar,MF,28,0,0,0,0,1,0,0,0,https://web.archive.org/web/20241213210916/https://fbref.com/en/comps/1/defense/World-Cup-Stats
FIFA World Cup,2022,Musab Kheder,Qatar,DF,6,1,1,0,0,0,1,0,0,https://web.archive.org/web/20241213210916/https://fbref.com/en/comps/1/defense/World-Cup-Stats
FIFA World Cup,2022,Ró-Ró,Qatar,"DF,MF",262,6,4,2,1,4,5,0,0,https://web.archive.org/web/20241213210916/https://fbref.com/en/comps/1/defense/World-Cup-Stats
FIFA World Cup,2022,Saad Al Sheeb,Qatar,GK,90,0,0,0,0,1,1,1,0,https://web.archive.org/web/20241213210916/https://fbref.com/en/comps/1/defense/World-Cup-Stats
FIFA World Cup,2022,Tarek Salman,Qatar,"DF,MF",8,1,0,0,0,0,0,0,0,https://web.archive.org/web/20241213210916/https://fbref.com/en/comps/1/defense/World-Cup-Stats
FIFA World Cup,2022,Abdulelah Al-Amri,Saudi Arabia,DF,182,1,0,1,1,3,3,2,0,https://web.archive.org/web/20241213210916/https://fbref.com/en/comps/1/defense/World-Cup-Stats
FIFA World Cup,2022,Abdulellah Al-Malki,Saudi Arabia,MF,174,3,1,3,2,8,4,2,0,https://web.archive.org/web/20241213210916/https://fbref.com/en/comps/1/defense/World-Cup-Stats
FIFA World Cup,2022,Abdullah Madu,Saudi Arabia,DF,45,1,0,0,0,1,0,1,0,https://web.archive.org/web/20241213210916/https://fbref.com/en/comps/1/defense/World-Cup-Stats
FIFA World Cup,2022,Abdulrahman Al-Aboud,Saudi Arabia,MF,35,3,3,5,4,0,0,0,0,https://web.archive.org/web/20241213210916/https://fbref.com/en/comps/1/defense/World-Cup-Stats
FIFA World Cup,2022,Ali Al Hassan,Saudi Arabia,MF,45,2,1,1,0,2,0,1,0,https://web.archive.org/web/20241213210916/https://fbref.com/en/comps/1/defense/World-Cup-Stats
FIFA World Cup,2022,Ali Al-Bulaihi,Saudi Arabia,DF,216,4,2,4,2,1,1,1,0,https://web.archive.org/web/20241213210916/https://fbref.com/en/comps/1/defense/World-Cup-Stats
FIFA World Cup,2022,Asiri Haitham,Saudi Arabia,FW,2,0,0,1,1,1,0,0,0,https://web.archive.org/web/20241213210916/https://fbref.com/en/comps/1/defense/World-Cup-Stats
FIFA World Cup,2022,Firas Al-Buraikan,Saudi Arabia,FW,268,3,3,2,0,2,3,0,0,https://web.archive.org/web/20241213210916/https://fbref.com/en/comps/1/defense/World-Cup-Stats
FIFA World Cup,2022,Hassan Al Tambakti,Saudi Arabia,DF,180,4,2,5,2,2,5,1,0,https://web.archive.org/web/20241213210916/https://fbref.com/en/comps/1/defense/World-Cup-Stats
FIFA World Cup,2022,Hattan Bahebri,Saudi Arabia,"FW,MF",4,0,0,0,0,2,0,1,0,https://web.archive.org/web/20241213210916/https://fbref.com/en/comps/1/defense/World-Cup-Stats
FIFA World Cup,2022,Mohamed Kanno,Saudi Arabia,MF,270,6,2,2,1,8,3,0,0,https://web.archive.org/web/20241213210916/https://fbref.com/en/comps/1/defense/World-Cup-Stats
FIFA World Cup,2022,Mohammed Al-Breik,Saudi Arabia,DF,65,1,0,0,0,0,1,0,0,https://web.archive.org/web/20241213210916/https://fbref.com/en/comps/1/defense/World-Cup-Stats
FIFA World Cup,2022,Mohammed Al-Owais,Saudi Arabia,GK,270,0,0,1,1,0,3,1,0,https://web.archive.org/web/20241213210916/https://fbref.com/en/comps/1/defense/World-Cup-Stats
FIFA World Cup,2022,Nasser Al-Dawsari,Saudi Arabia,"DF,MF",5,2,1,0,0,1,0,0,0,https://web.archive.org/web/20241213210916/https://fbref.com/en/comps/1/defense/World-Cup-Stats
FIFA World Cup,2022,Nawaf Al Abed,Saudi Arabia,"FW,MF",88,0,0,0,0,2,2,1,0,https://web.archive.org/web/20241213210916/https://fbref.com/en/comps/1/defense/World-Cup-Stats
FIFA World Cup,2022,Riyadh Sharahili,Saudi Arabia,MF,54,0,0,0,0,4,0,0,0,https://web.archive.org/web/20241213210916/https://fbref.com/en/comps/1/defense/World-Cup-Stats
FIFA World Cup,2022,Saleh Al-Shehri,Saudi Arabia,FW,223,3,1,1,1,6,5,1,0,https://web.archive.org/web/20241213210916/https://fbref.com/en/comps/1/defense/World-Cup-Stats
FIFA World Cup,2022,Salem Al-Dawsari,Saudi Arabia,FW,270,5,4,2,1,3,3,1,0,https://web.archive.org/web/20241213210916/https://fbref.com/en/comps/1/defense/World-Cup-Stats
FIFA World Cup,2022,Salman Al-Faraj,Saudi Arabia,MF,44,1,0,1,1,0,0,0,0,https://web.archive.org/web/20241213210916/https://fbref.com/en/comps/1/defense/World-Cup-Stats
FIFA World Cup,2022,Sami Al-Najei,Saudi Arabia,MF,45,0,0,0,0,0,0,0,0,https://web.archive.org/web/20241213210916/https://fbref.com/en/comps/1/defense/World-Cup-Stats
FIFA World Cup,2022,Saud Abdulhamid,Saudi Arabia,"DF,MF",270,5,2,2,0,7,5,1,0,https://web.archive.org/web/20241213210916/https://fbref.com/en/comps/1/defense/World-Cup-Stats
FIFA World Cup,2022,Sultan Al-Ghanam,Saudi Arabia,DF,126,0,0,1,1,2,0,0,0,https://web.archive.org/web/20241213210916/https://fbref.com/en/comps/1/defense/World-Cup-Stats
FIFA World Cup,2022,Yasser Al-Shahrani,Saudi Arabia,DF,89,3,1,1,0,1,0,0,0,https://web.archive.org/web/20241213210916/https://fbref.com/en/comps/1/defense/World-Cup-Stats
FIFA World Cup,2022,Abdou Diallo,Senegal,DF,331,2,2,2,0,3,0,0,0,https://web.archive.org/web/20241213210916/https://fbref.com/en/comps/1/defense/World-Cup-Stats
FIFA World Cup,2022,Bamba Dieng,Senegal,FW,100,2,1,1,0,5,3,0,0,https://web.archive.org/web/20241213210916/https://fbref.com/en/comps/1/defense/World-Cup-Stats
FIFA World Cup,2022,Boulaye Dia,Senegal,"FW,MF",318,1,0,0,0,3,3,1,0,https://web.archive.org/web/20241213210916/https://fbref.com/en/comps/1/defense/World-Cup-Stats
FIFA World Cup,2022,Cheikhou Kouyaté,Senegal,MF,72,0,0,0,0,1,1,0,0,https://web.archive.org/web/20241213210916/https://fbref.com/en/comps/1/defense/World-Cup-Stats
FIFA World Cup,2022,Famara Diedhiou,Senegal,FW,92,0,0,1,1,2,2,0,0,https://web.archive.org/web/20241213210916/https://fbref.com/en/comps/1/defense/World-Cup-Stats
FIFA World Cup,2022,Fodé Ballo-Touré,Senegal,"DF,MF",7,0,0,0,0,0,0,0,0,https://web.archive.org/web/20241213210916/https://fbref.com/en/comps/1/defense/World-Cup-Stats
FIFA World Cup,2022,Idrissa Gueye,Senegal,MF,270,2,1,1,1,4,1,2,0,https://web.archive.org/web/20241213210916/https://fbref.com/en/comps/1/defense/World-Cup-Stats
FIFA World Cup,2022,Iliman Ndiaye,Senegal,"MF,FW",135,0,0,2,2,0,1,0,0,https://web.archive.org/web/20241213210916/https://fbref.com/en/comps/1/defense/World-Cup-Stats
FIFA World Cup,2022,Ismail Jakobs,Senegal,DF,278,0,0,1,1,3,6,1,0,https://web.archive.org/web/20241213210916/https://fbref.com/en/comps/1/defense/World-Cup-Stats
FIFA World Cup,2022,Ismaila Sarr,Senegal,"MF,FW",344,4,2,3,1,3,17,0,0,https://web.archive.org/web/20241213210916/https://fbref.com/en/comps/1/defense/World-Cup-Stats
FIFA World Cup,2022,Kalidou Koulibaly,Senegal,DF,360,12,9,11,4,3,3,1,0,https://web.archive.org/web/20241213210916/https://fbref.com/en/comps/1/defense/World-Cup-Stats
FIFA World Cup,2022,Krépin Diatta,Senegal,"MF,FW",181,0,0,0,0,4,2,0,0,https://web.archive.org/web/20241213210916/https://fbref.com/en/comps/1/defense/World-Cup-Stats
FIFA World Cup,2022,Nampalys Mendy,Senegal,MF,272,4,4,4,2,5,2,1,0,https://web.archive.org/web/20241213210916/https://fbref.com/en/comps/1/defense/World-Cup-Stats
FIFA World Cup,2022,Nicolas Jackson,Senegal,FW,17,0,0,0,0,1,0,0,0,https://web.archive.org/web/20241213210916/https://fbref.com/en/comps/1/defense/World-Cup-Stats
FIFA World Cup,2022,Pape Abou Cissé,Senegal,DF,105,0,0,0,0,1,0,0,0,https://web.archive.org/web/20241213210916/https://fbref.com/en/comps/1/defense/World-Cup-Stats
FIFA World Cup,2022,Pape Gueye,Senegal,MF,153,4,2,2,0,3,3,0,0,https://web.archive.org/web/20241213210916/https://fbref.com/en/comps/1/defense/World-Cup-Stats
FIFA World Cup,2022,Pape Matar Sarr,Senegal,MF,59,3,2,1,0,0,1,0,0,https://web.archive.org/web/20241213210916/https://fbref.com/en/comps/1/defense/World-Cup-Stats
FIFA World Cup,2022,Pathé Ciss,Senegal,MF,146,3,3,2,2,4,0,1,0,https://web.archive.org/web/20241213210916/https://fbref.com/en/comps/1/defense/World-Cup-Stats
FIFA World Cup,2022,Youssouf Sabaly,Senegal,DF,360,6,6,5,2,3,12,0,0,https://web.archive.org/web/20241213210916/https://fbref.com/en/comps/1/defense/World-Cup-Stats
FIFA World Cup,2022,Édouard Mendy,Senegal,GK,360,0,0,0,0,0,0,0,0,https://web.archive.org/web/20241213210916/https://fbref.com/en/comps/1/defense/World-Cup-Stats
FIFA World Cup,2022,Aleksandar Mitrović,Serbia,FW,262,1,0,1,0,3,1,1,0,https://web.archive.org/web/20241213210916/https://fbref.com/en/comps/1/defense/World-Cup-Stats
FIFA World Cup,2022,Andrija Živković,Serbia,MF,210,5,3,3,1,2,4,0,0,https://web.archive.org/web/20241213210916/https://fbref.com/en/comps/1/defense/World-Cup-Stats
FIFA World Cup,2022,Darko Lazović,Serbia,MF,25,0,0,0,0,0,1,0,0,https://web.archive.org/web/20241213210916/https://fbref.com/en/comps/1/defense/World-Cup-Stats
FIFA World Cup,2022,Dušan Tadić,Serbia,"MF,FW",257,4,2,3,1,7,4,0,0,https://web.archive.org/web/20241213210916/https://fbref.com/en/comps/1/defense/World-Cup-Stats
FIFA World Cup,2022,Dušan Vlahović,Serbia,FW,79,1,0,1,0,0,2,0,0,https://web.archive.org/web/20241213210916/https://fbref.com/en/comps/1/defense/World-Cup-Stats
FIFA World Cup,2022,Filip Kostić,Serbia,MF,179,6,3,2,0,3,1,0,0,https://web.archive.org/web/20241213210916/https://fbref.com/en/comps/1/defense/World-Cup-Stats
FIFA World Cup,2022,Filip Mladenović,Serbia,MF,65,0,0,2,2,0,0,0,0,https://web.archive.org/web/20241213210916/https://fbref.com/en/comps/1/defense/World-Cup-Stats
FIFA World Cup,2022,Filip Đuričić,Serbia,"FW,MF",14,0,0,0,0,0,1,0,0,https://web.archive.org/web/20241213210916/https://fbref.com/en/comps/1/defense/World-Cup-Stats
FIFA World Cup,2022,Ivan Ilić,Serbia,MF,34,0,0,0,0,0,0,0,0,https://web.archive.org/web/20241213210916/https://fbref.com/en/comps/1/defense/World-Cup-Stats
FIFA World Cup,2022,Luka Jović,Serbia,FW,36,0,0,0,0,1,0,1,0,https://web.archive.org/web/20241213210916/https://fbref.com/en/comps/1/defense/World-Cup-Stats
FIFA World Cup,2022,Marko Grujić,Serbia,MF,13,1,1,2,1,0,0,0,0,https://web.archive.org/web/20241213210916/https://fbref.com/en/comps/1/defense/World-Cup-Stats
FIFA World Cup,2022,Miloš Veljković,Serbia,DF,221,4,1,2,0,1,0,0,0,https://web.archive.org/web/20241213210916/https://fbref.com/en/comps/1/defense/World-Cup-Stats
FIFA World Cup,2022,Nemanja Gudelj,Serbia,MF,92,2,2,2,0,3,0,2,0,https://web.archive.org/web/20241213210916/https://fbref.com/en/comps/1/defense/World-Cup-Stats
FIFA World Cup,2022,Nemanja Maksimović,Serbia,MF,122,4,2,3,1,0,1,0,0,https://web.archive.org/web/20241213210916/https://fbref.com/en/comps/1/defense/World-Cup-Stats
FIFA World Cup,2022,Nemanja Radonjić,Serbia,"FW,MF",60,0,0,1,1,0,2,0,0,https://web.archive.org/web/20241213210916/https://fbref.com/en/comps/1/defense/World-Cup-Stats
FIFA World Cup,2022,Nikola Milenković,Serbia,DF,270,10,5,6,1,8,2,2,0,https://web.archive.org/web/20241213210916/https://fbref.com/en/comps/1/defense/World-Cup-Stats
FIFA World Cup,2022,Saša Lukić,Serbia,MF,245,2,0,2,2,7,1,2,0,https://web.archive.org/web/20241213210916/https://fbref.com/en/comps/1/defense/World-Cup-Stats
FIFA World Cup,2022,Sergej Milinković-Savić,Serbia,"MF,FW",233,5,1,4,1,2,4,1,0,https://web.archive.org/web/20241213210916/https://fbref.com/en/comps/1/defense/World-Cup-Stats
FIFA World Cup,2022,Srđan Babić,Serbia,DF,13,1,0,3,2,0,0,0,0,https://web.archive.org/web/20241213210916/https://fbref.com/en/comps/1/defense/World-Cup-Stats
FIFA World Cup,2022,Stefan Mitrović,Serbia,DF,35,0,0,2,2,0,0,0,0,https://web.archive.org/web/20241213210916/https://fbref.com/en/comps/1/defense/World-Cup-Stats
FIFA World Cup,2022,Strahinja Pavlović,Serbia,DF,235,7,2,6,3,6,4,2,0,https://web.archive.org/web/20241213210916/https://fbref.com/en/comps/1/defense/World-Cup-Stats
FIFA World Cup,2022,Vanja Milinković-Savić,Serbia,GK,270,0,0,0,0,0,0,0,0,https://web.archive.org/web/20241213210916/https://fbref.com/en/comps/1/defense/World-Cup-Stats
FIFA World Cup,2022,Cho Gue-sung,South Korea,FW,275,0,0,2,2,7,6,1,0,https://web.archive.org/web/20241213210916/https://fbref.com/en/comps/1/defense/World-Cup-Stats
FIFA World Cup,2022,Cho Yu-min,South Korea,DF,1,0,0,0,0,0,0,0,0,https://web.archive.org/web/20241213210916/https://fbref.com/en/comps/1/defense/World-Cup-Stats
FIFA World Cup,2022,Hong Chul,South Korea,"DF,MF",45,0,0,0,0,0,0,0,0,https://web.archive.org/web/20241213210916/https://fbref.com/en/comps/1/defense/World-Cup-Stats
FIFA World Cup,2022,Hwang Hee-chan,South Korea,MF,115,1,1,0,0,3,3,1,0,https://web.archive.org/web/20241213210916/https://fbref.com/en/comps/1/defense/World-Cup-Stats
FIFA World Cup,2022,Hwang In-beom,South Korea,MF,334,4,3,6,3,7,3,0,0,https://web.archive.org/web/20241213210916/https://fbref.com/en/comps/1/defense/World-Cup-Stats
FIFA World Cup,2022,Hwang Ui-jo,South Korea,FW,106,0,0,2,2,0,0,0,0,https://web.archive.org/web/20241213210916/https://fbref.com/en/comps/1/defense/World-Cup-Stats
FIFA World Cup,2022,Jeong Woo-yeong,South Korea,MF,45,0,0,0,0,1,0,0,0,https://web.archive.org/web/20241213210916/https://fbref.com/en/comps/1/defense/World-Cup-Stats
FIFA World Cup,2022,Jung Woo-young,South Korea,MF,303,5,4,3,1,11,0,2,0,https://web.archive.org/web/20241213210916/https://fbref.com/en/comps/1/defense/World-Cup-Stats
FIFA World Cup,2022,Kim Jin-su,South Korea,DF,315,10,5,6,1,1,6,0,0,https://web.archive.org/web/20241213210916/https://fbref.com/en/comps/1/defense/World-Cup-Stats
FIFA World Cup,2022,Kim Min-jae,South Korea,DF,269,2,1,1,0,0,0,0,0,https://web.archive.org/web/20241213210916/https://fbref.com/en/comps/1/defense/World-Cup-Stats
FIFA World Cup,2022,Kim Moon-hwan,South Korea,DF,360,9,4,6,1,1,0,0,0,https://web.archive.org/web/20241213210916/https://fbref.com/en/comps/1/defense/World-Cup-Stats
FIFA World Cup,2022,Kim Seung-gyu,South Korea,GK,360,0,0,0,0,0,0,0,0,https://web.archive.org/web/20241213210916/https://fbref.com/en/comps/1/defense/World-Cup-Stats
FIFA World Cup,2022,Kim Young-gwon,South Korea,DF,350,3,2,2,1,1,2,1,0,https://web.archive.org/web/20241213210916/https://fbref.com/en/comps/1/defense/World-Cup-Stats
FIFA World Cup,2022,Kwon Chang-hoon,South Korea,MF,56,1,0,1,0,0,0,0,0,https://web.archive.org/web/20241213210916/https://fbref.com/en/comps/1/defense/World-Cup-Stats
FIFA World Cup,2022,Kwon Kyung-won,South Korea,DF,91,0,0,0,0,0,3,0,0,https://web.archive.org/web/20241213210916/https://fbref.com/en/comps/1/defense/World-Cup-Stats
FIFA World Cup,2022,Lee Jae-sung,South Korea,"MF,FW",211,5,2,8,7,2,1,0,0,https://web.archive.org/web/20241213210916/https://fbref.com/en/comps/1/defense/World-Cup-Stats
FIFA World Cup,2022,Lee Kang-in,South Korea,MF,147,4,3,5,3,2,4,1,0,https://web.archive.org/web/20241213210916/https://fbref.com/en/comps/1/defense/World-Cup-Stats
FIFA World Cup,2022,Na Sang-ho,South Korea,MF,119,4,1,1,0,2,0,0,0,https://web.archive.org/web/20241213210916/https://fbref.com/en/comps/1/defense/World-Cup-Stats
FIFA World Cup,2022,Paik Seung-ho,South Korea,MF,26,3,2,2,0,1,0,0,0,https://web.archive.org/web/20241213210916/https://fbref.com/en/comps/1/defense/World-Cup-Stats
FIFA World Cup,2022,Son Heung-min,South Korea,"MF,FW",360,5,2,4,0,1,6,0,0,https://web.archive.org/web/20241213210916/https://fbref.com/en/comps/1/defense/World-Cup-Stats
FIFA World Cup,2022,Son Jun-ho,South Korea,MF,72,3,3,2,0,5,0,0,0,https://web.archive.org/web/20241213210916/https://fbref.com/en/comps/1/defense/World-Cup-Stats
FIFA World Cup,2022,Alejandro Balde,Spain,DF,126,6,6,2,0,2,1,0,0,https://web.archive.org/web/20241213210916/https://fbref.com/en/comps/1/defense/World-Cup-Stats
FIFA World Cup,2022,Ansu Fati,Spain,"FW,MF",46,1,1,0,0,0,0,0,0,https://web.archive.org/web/20241213210916/https://fbref.com/en/comps/1/defense/World-Cup-Stats
FIFA World Cup,2022,Aymeric Laporte,Spain,DF,300,2,0,1,0,3,2,1,0,https://web.archive.org/web/20241213210916/https://fbref.com/en/comps/1/defense/World-Cup-Stats
FIFA World Cup,2022,Carlos Soler,Spain,MF,92,0,0,0,0,0,1,0,0,https://web.archive.org/web/20241213210916/https://fbref.com/en/comps/1/defense/World-Cup-Stats
FIFA World Cup,2022,César Azpilicueta,Spain,DF,135,1,0,0,0,2,0,0,0,https://web.archive.org/web/20241213210916/https://fbref.com/en/comps/1/defense/World-Cup-Stats
FIFA World Cup,2022,Dani Carvajal,Spain,DF,135,1,1,2,2,0,1,0,0,https://web.archive.org/web/20241213210916/https://fbref.com/en/comps/1/defense/World-Cup-Stats
FIFA World Cup,2022,Dani Olmo,Spain,FW,367,5,3,2,1,5,6,0,0,https://web.archive.org/web/20241213210916/https://fbref.com/en/comps/1/defense/World-Cup-Stats
FIFA World Cup,2022,Ferrán Torres,Spain,FW,217,0,0,2,2,1,5,0,0,https://web.archive.org/web/20241213210916/https://fbref.com/en/comps/1/defense/World-Cup-Stats
FIFA World Cup,2022,Gavi,Spain,MF,284,8,4,5,3,8,14,0,0,https://web.archive.org/web/20241213210916/https://fbref.com/en/comps/1/defense/World-Cup-Stats
FIFA World Cup,2022,Jordi Alba,Spain,DF,264,6,4,5,3,4,3,0,0,https://web.archive.org/web/20241213210916/https://fbref.com/en/comps/1/defense/World-Cup-Stats
FIFA World Cup,2022,Koke,Spain,MF,52,1,1,0,0,0,0,0,0,https://web.archive.org/web/20241213210916/https://fbref.com/en/comps/1/defense/World-Cup-Stats
FIFA World Cup,2022,Marco Asensio,Spain,FW,229,1,1,0,0,3,3,0,0,https://web.archive.org/web/20241213210916/https://fbref.com/en/comps/1/defense/World-Cup-Stats
FIFA World Cup,2022,Marcos Llorente,Spain,DF,120,0,0,4,4,1,0,0,0,https://web.archive.org/web/20241213210916/https://fbref.com/en/comps/1/defense/World-Cup-Stats
FIFA World Cup,2022,Nico Williams,Spain,FW,146,4,2,1,0,0,1,0,0,https://web.archive.org/web/20241213210916/https://fbref.com/en/comps/1/defense/World-Cup-Stats
FIFA World Cup,2022,Pablo Sarabia,Spain,"FW,MF",3,0,0,0,0,0,0,0,0,https://web.archive.org/web/20241213210916/https://fbref.com/en/comps/1/defense/World-Cup-Stats
FIFA World Cup,2022,Pau Torres,Spain,DF,90,0,0,0,0,1,0,0,0,https://web.archive.org/web/20241213210916/https://fbref.com/en/comps/1/defense/World-Cup-Stats
FIFA World Cup,2022,Pedri,Spain,MF,356,4,2,6,5,2,3,0,0,https://web.archive.org/web/20241213210916/https://fbref.com/en/comps/1/defense/World-Cup-Stats
FIFA World Cup,2022,Rodri,Spain,DF,390,5,2,2,0,5,1,0,0,https://web.archive.org/web/20241213210916/https://fbref.com/en/comps/1/defense/World-Cup-Stats
FIFA World Cup,2022,Sergio Busquets,Spain,MF,363,7,4,5,2,3,3,1,0,https://web.archive.org/web/20241213210916/https://fbref.com/en/comps/1/defense/World-Cup-Stats
FIFA World Cup,2022,Unai Simón,Spain,GK,390,0,0,0,0,0,0,0,0,https://web.archive.org/web/20241213210916/https://fbref.com/en/comps/1/defense/World-Cup-Stats
FIFA World Cup,2022,Álvaro Morata,Spain,FW,185,1,1,2,1,1,2,0,0,https://web.archive.org/web/20241213210916/https://fbref.com/en/comps/1/defense/World-Cup-Stats
FIFA World Cup,2022,Ardon Jashari,Switzerland,MF,2,0,0,0,0,0,0,0,0,https://web.archive.org/web/20241213210916/https://fbref.com/en/comps/1/defense/World-Cup-Stats
FIFA World Cup,2022,Breel Embolo,Switzerland,FW,323,1,0,2,1,3,12,0,0,https://web.archive.org/web/20241213210916/https://fbref.com/en/comps/1/defense/World-Cup-Stats
FIFA World Cup,2022,Christian Fassnacht,Switzerland,"FW,MF",8,0,0,0,0,0,0,0,0,https://web.archive.org/web/20241213210916/https://fbref.com/en/comps/1/defense/World-Cup-Stats
FIFA World Cup,2022,Denis Zakaria,Switzerland,"DF,MF",59,0,0,0,0,1,2,0,0,https://web.archive.org/web/20241213210916/https://fbref.com/en/comps/1/defense/World-Cup-Stats
FIFA World Cup,2022,Djibril Sow,Switzerland,MF,264,2,1,1,1,2,7,0,0,https://web.archive.org/web/20241213210916/https://fbref.com/en/comps/1/defense/World-Cup-Stats
FIFA World Cup,2022,Edimilson Fernandes,Switzerland,MF,145,2,1,1,1,1,1,0,0,https://web.archive.org/web/20241213210916/https://fbref.com/en/comps/1/defense/World-Cup-Stats
FIFA World Cup,2022,Eray Cömert,Switzerland,DF,46,0,0,1,1,3,1,1,0,https://web.archive.org/web/20241213210916/https://fbref.com/en/comps/1/defense/World-Cup-Stats
FIFA World Cup,2022,Fabian Frei,Switzerland,"DF,MF",25,1,1,1,1,1,0,0,0,https://web.archive.org/web/20241213210916/https://fbref.com/en/comps/1/defense/World-Cup-Stats
FIFA World Cup,2022,Fabian Rieder,Switzerland,MF,68,3,2,2,1,4,2,1,0,https://web.archive.org/web/20241213210916/https://fbref.com/en/comps/1/defense/World-Cup-Stats
FIFA World Cup,2022,Fabian Schär,Switzerland,DF,135,2,1,1,0,1,2,2,0,https://web.archive.org/web/20241213210916/https://fbref.com/en/comps/1/defense/World-Cup-Stats
FIFA World Cup,2022,Granit Xhaka,Switzerland,MF,360,6,4,6,2,5,4,1,0,https://web.archive.org/web/20241213210916/https://fbref.com/en/comps/1/defense/World-Cup-Stats
FIFA World Cup,2022,Gregor Kobel,Switzerland,GK,90,0,0,0,0,0,0,0,0,https://web.archive.org/web/20241213210916/https://fbref.com/en/comps/1/defense/World-Cup-Stats
FIFA World Cup,2022,Haris Seferović,Switzerland,FW,71,0,0,0,0,1,0,0,0,https://web.archive.org/web/20241213210916/https://fbref.com/en/comps/1/defense/World-Cup-Stats
FIFA World Cup,2022,Manuel Akanji,Switzerland,DF,360,4,2,4,1,4,1,1,0,https://web.archive.org/web/20241213210916/https://fbref.com/en/comps/1/defense/World-Cup-Stats
FIFA World Cup,2022,Michel Aebischer,Switzerland,MF,16,0,0,1,1,0,0,0,0,https://web.archive.org/web/20241213210916/https://fbref.com/en/comps/1/defense/World-Cup-Stats
FIFA World Cup,2022,Nico Elvedi,Switzerland,DF,180,2,0,3,2,3,1,1,0,https://web.archive.org/web/20241213210916/https://fbref.com/en/comps/1/defense/World-Cup-Stats
FIFA World Cup,2022,Noah Okafor,Switzerland,"FW,MF",45,0,0,0,0,2,1,0,0,https://web.archive.org/web/20241213210916/https://fbref.com/en/comps/1/defense/World-Cup-Stats
FIFA World Cup,2022,Remo Freuler,Switzerland,MF,323,8,5,6,2,6,2,0,0,https://web.archive.org/web/20241213210916/https://fbref.com/en/comps/1/defense/World-Cup-Stats
FIFA World Cup,2022,Renato Steffen,Switzerland,"FW,MF",32,0,0,0,0,0,1,0,0,https://web.archive.org/web/20241213210916/https://fbref.com/en/comps/1/defense/World-Cup-Stats
FIFA World Cup,2022,Ricardo Rodríguez,Switzerland,DF,359,7,2,3,1,6,2,0,0,https://web.archive.org/web/20241213210916/https://fbref.com/en/comps/1/defense/World-Cup-Stats
FIFA World Cup,2022,Ruben Vargas,Switzerland,"MF,FW",285,0,0,0,0,4,2,1,0,https://web.archive.org/web/20241213210916/https://fbref.com/en/comps/1/defense/World-Cup-Stats
FIFA World Cup,2022,Silvan Widmer,Switzerland,DF,265,10,6,6,0,4,2,1,0,https://web.archive.org/web/20241213210916/https://fbref.com/en/comps/1/defense/World-Cup-Stats
FIFA World Cup,2022,Xherdan Shaqiri,Switzerland,"FW,MF",229,0,0,1,1,2,6,0,0,https://web.archive.org/web/20241213210916/https://fbref.com/en/comps/1/defense/World-Cup-Stats
FIFA World Cup,2022,Yann Sommer,Switzerland,GK,270,0,0,0,0,0,0,0,0,https://web.archive.org/web/20241213210916/https://fbref.com/en/comps/1/defense/World-Cup-Stats
FIFA World Cup,2022,Ali Abdi,Tunisia,MF,188,8,5,3,0,5,0,1,0,https://web.archive.org/web/20241213210916/https://fbref.com/en/comps/1/defense/World-Cup-Stats
FIFA World Cup,2022,Ali Maâloul,Tunisia,MF,90,1,1,1,0,0,0,0,0,https://web.archive.org/web/20241213210916/https://fbref.com/en/comps/1/defense/World-Cup-Stats
FIFA World Cup,2022,Anis Ben Slimane,Tunisia,FW,148,3,1,0,0,0,0,0,0,https://web.archive.org/web/20241213210916/https://fbref.com/en/comps/1/defense/World-Cup-Stats
FIFA World Cup,2022,Aymen Dahmen,Tunisia,GK,270,0,0,0,0,0,0,0,0,https://web.archive.org/web/20241213210916/https://fbref.com/en/comps/1/defense/World-Cup-Stats
FIFA World Cup,2022,Aïssa Laïdouni,Tunisia,MF,243,3,3,2,1,3,6,1,0,https://web.archive.org/web/20241213210916/https://fbref.com/en/comps/1/defense/World-Cup-Stats
FIFA World Cup,2022,Dylan Bronn,Tunisia,DF,162,4,2,3,0,1,1,0,0,https://web.archive.org/web/20241213210916/https://fbref.com/en/comps/1/defense/World-Cup-Stats
FIFA World Cup,2022,Ellyes Skhiri,Tunisia,MF,270,10,3,7,2,3,2,0,0,https://web.archive.org/web/20241213210916/https://fbref.com/en/comps/1/defense/World-Cup-Stats
FIFA World Cup,2022,Ferjani Sassi,Tunisia,"DF,MF",48,2,0,1,0,1,1,1,0,https://web.archive.org/web/20241213210916/https://fbref.com/en/comps/1/defense/World-Cup-Stats
FIFA World Cup,2022,Ghaylène Chaalali,Tunisia,MF,17,0,0,0,0,1,0,0,0,https://web.archive.org/web/20241213210916/https://fbref.com/en/comps/1/defense/World-Cup-Stats
FIFA World Cup,2022,Hannibal Mejbri,Tunisia,MF,11,1,0,0,0,0,0,0,0,https://web.archive.org/web/20241213210916/https://fbref.com/en/comps/1/defense/World-Cup-Stats
FIFA World Cup,2022,Issam Jebali,Tunisia,FW,182,3,3,1,1,10,2,0,0,https://web.archive.org/web/20241213210916/https://fbref.com/en/comps/1/defense/World-Cup-Stats
FIFA World Cup,2022,Mohamed Ali Ben Romdhane,Tunisia,FW,73,5,4,3,0,1,1,0,0,https://web.archive.org/web/20241213210916/https://fbref.com/en/comps/1/defense/World-Cup-Stats
FIFA World Cup,2022,Mohamed Dräger,Tunisia,MF,132,5,3,4,0,2,1,0,0,https://web.archive.org/web/20241213210916/https://fbref.com/en/comps/1/defense/World-Cup-Stats
FIFA World Cup,2022,Montassar Talbi,Tunisia,DF,270,2,2,0,0,4,2,0,0,https://web.archive.org/web/20241213210916/https://fbref.com/en/comps/1/defense/World-Cup-Stats
FIFA World Cup,2022,Nader Ghandri,Tunisia,DF,90,2,2,1,0,0,1,0,0,https://web.archive.org/web/20241213210916/https://fbref.com/en/comps/1/defense/World-Cup-Stats
FIFA World Cup,2022,Naïm Sliti,Tunisia,FW,114,3,1,1,1,0,3,0,0,https://web.archive.org/web/20241213210916/https://fbref.com/en/comps/1/defense/World-Cup-Stats
FIFA World Cup,2022,Taha Yassine Khenissi,Tunisia,FW,29,0,0,0,0,3,1,1,0,https://web.archive.org/web/20241213210916/https://fbref.com/en/comps/1/defense/World-Cup-Stats
FIFA World Cup,2022,Wahbi Khazri,Tunisia,FW,83,2,0,1,0,1,2,0,0,https://web.archive.org/web/20241213210916/https://fbref.com/en/comps/1/defense/World-Cup-Stats
FIFA World Cup,2022,Wajdi Kechrida,Tunisia,MF,111,3,3,1,0,2,0,1,0,https://web.archive.org/web/20241213210916/https://fbref.com/en/comps/1/defense/World-Cup-Stats
FIFA World Cup,2022,Yassine Meriah,Tunisia,DF,270,4,2,8,5,3,1,0,0,https://web.archive.org/web/20241213210916/https://fbref.com/en/comps/1/defense/World-Cup-Stats
FIFA World Cup,2022,Youssef Msakni,Tunisia,FW,169,3,1,1,1,0,4,0,0,https://web.archive.org/web/20241213210916/https://fbref.com/en/comps/1/defense/World-Cup-Stats
FIFA World Cup,2022,Antonee Robinson,United States,DF,359,5,4,7,4,2,0,0,0,https://web.archive.org/web/20241213210916/https://fbref.com/en/comps/1/defense/World-Cup-Stats
FIFA World Cup,2022,Brenden Aaronson,United States,"FW,MF",108,3,2,0,0,3,3,0,0,https://web.archive.org/web/20241213210916/https://fbref.com/en/comps/1/defense/World-Cup-Stats
FIFA World Cup,2022,Cameron Carter-Vickers,United States,DF,90,0,0,0,0,0,1,0,0,https://web.archive.org/web/20241213210916/https://fbref.com/en/comps/1/defense/World-Cup-Stats
FIFA World Cup,2022,Christian Pulisic,United States,"FW,MF",315,2,0,1,1,2,11,0,0,https://web.archive.org/web/20241213210916/https://fbref.com/en/comps/1/defense/World-Cup-Stats
FIFA World Cup,2022,DeAndre Yedlin,United States,"DF,MF",33,2,1,2,0,2,0,0,0,https://web.archive.org/web/20241213210916/https://fbref.com/en/comps/1/defense/World-Cup-Stats
FIFA World Cup,2022,Gio Reyna,United States,MF,53,0,0,0,0,0,2,0,0,https://web.archive.org/web/20241213210916/https://fbref.com/en/comps/1/defense/World-Cup-Stats
FIFA World Cup,2022,Haji Wright,United States,FW,137,2,0,2,0,1,3,0,0,https://web.archive.org/web/20241213210916/https://fbref.com/en/comps/1/defense/World-Cup-Stats
FIFA World Cup,2022,Jesús Ferreira,United States,FW,45,1,0,1,0,0,1,0,0,https://web.archive.org/web/20241213210916/https://fbref.com/en/comps/1/defense/World-Cup-Stats
FIFA World Cup,2022,Jordan Morris,United States,"FW,MF",4,0,0,0,0,0,0,0,0,https://web.archive.org/web/20241213210916/https://fbref.com/en/comps/1/defense/World-Cup-Stats
FIFA World Cup,2022,Josh Sargent,United States,FW,157,0,0,1,1,2,0,0,0,https://web.archive.org/web/20241213210916/https://fbref.com/en/comps/1/defense/World-Cup-Stats
FIFA World Cup,2022,Kellyn Acosta,United States,"DF,MF",43,3,2,2,0,1,0,1,0,https://web.archive.org/web/20241213210916/https://fbref.com/en/comps/1/defense/World-Cup-Stats
FIFA World Cup,2022,Matt Turner,United States,GK,360,0,0,0,0,0,4,0,0,https://web.archive.org/web/20241213210916/https://fbref.com/en/comps/1/defense/World-Cup-Stats
FIFA World Cup,2022,Sergiño Dest,United States,DF,305,4,2,3,1,4,2,1,0,https://web.archive.org/web/20241213210916/https://fbref.com/en/comps/1/defense/World-Cup-Stats
FIFA World Cup,2022,Shaq Moore,United States,"DF,MF",22,2,2,2,0,3,0,0,0,https://web.archive.org/web/20241213210916/https://fbref.com/en/comps/1/defense/World-Cup-Stats
FIFA World Cup,2022,Tim Ream,United States,DF,360,4,3,3,0,1,2,1,0,https://web.archive.org/web/20241213210916/https://fbref.com/en/comps/1/defense/World-Cup-Stats
FIFA World Cup,2022,Timothy Weah,United States,FW,316,0,0,1,1,1,1,0,0,https://web.archive.org/web/20241213210916/https://fbref.com/en/comps/1/defense/World-Cup-Stats
FIFA World Cup,2022,Tyler Adams,United States,MF,360,11,9,7,4,5,5,1,0,https://web.archive.org/web/20241213210916/https://fbref.com/en/comps/1/defense/World-Cup-Stats
FIFA World Cup,2022,Walker Zimmerman,United States,DF,279,3,2,4,1,3,0,0,0,https://web.archive.org/web/20241213210916/https://fbref.com/en/comps/1/defense/World-Cup-Stats
FIFA World Cup,2022,Weston McKennie,United States,MF,271,2,1,4,3,6,2,1,0,https://web.archive.org/web/20241213210916/https://fbref.com/en/comps/1/defense/World-Cup-Stats
FIFA World Cup,2022,Yunus Musah,United States,MF,343,8,6,3,2,9,3,0,0,https://web.archive.org/web/20241213210916/https://fbref.com/en/comps/1/defense/World-Cup-Stats
FIFA World Cup,2022,Agustín Canobbio,Uruguay,"FW,MF",11,1,1,0,0,0,1,0,0,https://web.archive.org/web/20241213210916/https://fbref.com/en/comps/1/defense/World-Cup-Stats
FIFA World Cup,2022,Darwin Núñez,Uruguay,FW,240,3,2,2,1,2,3,1,0,https://web.archive.org/web/20241213210916/https://fbref.com/en/comps/1/defense/World-Cup-Stats
FIFA World Cup,2022,Diego Godín,Uruguay,DF,151,0,0,0,0,0,1,0,0,https://web.archive.org/web/20241213210916/https://fbref.com/en/comps/1/defense/World-Cup-Stats
FIFA World Cup,2022,Edinson Cavani,Uruguay,FW,124,0,0,0,0,0,1,1,0,https://web.archive.org/web/20241213210916/https://fbref.com/en/comps/1/defense/World-Cup-Stats
FIFA World Cup,2022,Facundo Pellistri,Uruguay,"MF,FW",181,2,1,2,1,2,2,0,0,https://web.archive.org/web/20241213210916/https://fbref.com/en/comps/1/defense/World-Cup-Stats
FIFA World Cup,2022,Federico Valverde,Uruguay,MF,270,7,4,6,1,6,2,0,0,https://web.archive.org/web/20241213210916/https://fbref.com/en/comps/1/defense/World-Cup-Stats
FIFA World Cup,2022,Giorgian de Arrascaeta,Uruguay,MF,108,3,1,4,4,0,0,0,0,https://web.archive.org/web/20241213210916/https://fbref.com/en/comps/1/defense/World-Cup-Stats
FIFA World Cup,2022,Guillermo Varela,Uruguay,"MF,DF",183,3,2,4,1,3,8,0,0,https://web.archive.org/web/20241213210916/https://fbref.com/en/comps/1/defense/World-Cup-Stats
FIFA World Cup,2022,José María Giménez,Uruguay,DF,270,4,1,7,5,4,3,1,0,https://web.archive.org/web/20241213210916/https://fbref.com/en/comps/1/defense/World-Cup-Stats
FIFA World Cup,2022,Luis Suárez,Uruguay,FW,146,1,0,3,3,0,6,1,0,https://web.archive.org/web/20241213210916/https://fbref.com/en/comps/1/defense/World-Cup-Stats
FIFA World Cup,2022,Martín Cáceres,Uruguay,DF,90,0,0,2,2,1,0,1,0,https://web.archive.org/web/20241213210916/https://fbref.com/en/comps/1/defense/World-Cup-Stats
FIFA World Cup,2022,Mathías Olivera,Uruguay,"DF,MF",253,9,5,7,3,2,3,1,0,https://web.archive.org/web/20241213210916/https://fbref.com/en/comps/1/defense/World-Cup-Stats
FIFA World Cup,2022,Matías Vecino,Uruguay,MF,195,4,3,3,2,4,0,0,0,https://web.archive.org/web/20241213210916/https://fbref.com/en/comps/1/defense/World-Cup-Stats
FIFA World Cup,2022,Matías Viña,Uruguay,"DF,MF",17,4,3,2,0,1,0,0,0,https://web.archive.org/web/20241213210916/https://fbref.com/en/comps/1/defense/World-Cup-Stats
FIFA World Cup,2022,Maxi Gómez,Uruguay,FW,30,0,0,0,0,1,1,0,0,https://web.archive.org/web/20241213210916/https://fbref.com/en/comps/1/defense/World-Cup-Stats
FIFA World Cup,2022,Nicolás De La Cruz,Uruguay,MF,38,0,0,1,1,0,2,0,0,https://web.archive.org/web/20241213210916/https://fbref.com/en/comps/1/defense/World-Cup-Stats
FIFA World Cup,2022,Rodrigo Bentancur,Uruguay,MF,213,9,8,3,0,5,3,1,0,https://web.archive.org/web/20241213210916/https://fbref.com/en/comps/1/defense/World-Cup-Stats
FIFA World Cup,2022,Sebastián Coates,Uruguay,DF,180,1,0,0,0,2,0,1,0,https://web.archive.org/web/20241213210916/https://fbref.com/en/comps/1/defense/World-Cup-Stats
FIFA World Cup,2022,Sergio Rochet,Uruguay,GK,270,0,0,0,0,1,0,0,0,https://web.archive.org/web/20241213210916/https://fbref.com/en/comps/1/defense/World-Cup-Stats
FIFA World Cup,2022,Aaron Ramsey,Wales,MF,266,2,0,2,2,3,3,1,0,https://web.archive.org/web/20241213210916/https://fbref.com/en/comps/1/defense/World-Cup-Stats
FIFA World Cup,2022,Ben Davies,Wales,DF,238,4,2,2,0,1,3,0,0,https://web.archive.org/web/20241213210916/https://fbref.com/en/comps/1/defense/World-Cup-Stats
FIFA World Cup,2022,Brennan Johnson,Wales,"FW,MF",91,0,0,2,2,2,1,0,0,https://web.archive.org/web/20241213210916/https://fbref.com/en/comps/1/defense/World-Cup-Stats
FIFA World Cup,2022,Chris Mepham,Wales,DF,270,8,6,6,1,7,1,1,0,https://web.archive.org/web/20241213210916/https://fbref.com/en/comps/1/defense/World-Cup-Stats
FIFA World Cup,2022,Connor Roberts,Wales,"MF,DF",200,3,3,3,1,0,1,0,0,https://web.archive.org/web/20241213210916/https://fbref.com/en/comps/1/defense/World-Cup-Stats
FIFA World Cup,2022,Daniel James,Wales,"MF,FW",154,1,1,1,1,1,2,1,0,https://web.archive.org/web/20241213210916/https://fbref.com/en/comps/1/defense/World-Cup-Stats
FIFA World Cup,2022,Danny Ward,Wales,GK,94,0,0,0,0,0,0,0,0,https://web.archive.org/web/20241213210916/https://fbref.com/en/comps/1/defense/World-Cup-Stats
FIFA World Cup,2022,Ethan Ampadu,Wales,MF,255,4,3,1,1,5,3,0,0,https://web.archive.org/web/20241213210916/https://fbref.com/en/comps/1/defense/World-Cup-Stats
FIFA World Cup,2022,Gareth Bale,Wales,"FW,MF",225,1,1,2,2,2,5,1,0,https://web.archive.org/web/20241213210916/https://fbref.com/en/comps/1/defense/World-Cup-Stats
FIFA World Cup,2022,Harry Wilson,Wales,MF,160,4,2,1,0,1,2,0,0,https://web.archive.org/web/20241213210916/https://fbref.com/en/comps/1/defense/World-Cup-Stats
FIFA World Cup,2022,Joe Allen,Wales,MF,94,1,1,2,1,0,2,0,0,https://web.archive.org/web/20241213210916/https://fbref.com/en/comps/1/defense/World-Cup-Stats
FIFA World Cup,2022,Joe Morrell,Wales,"FW,MF",33,3,2,1,1,1,1,0,0,https://web.archive.org/web/20241213210916/https://fbref.com/en/comps/1/defense/World-Cup-Stats
FIFA World Cup,2022,Joe Rodon,Wales,DF,270,2,2,2,1,3,0,1,0,https://web.archive.org/web/20241213210916/https://fbref.com/en/comps/1/defense/World-Cup-Stats
FIFA World Cup,2022,Kieffer Moore,Wales,FW,225,1,0,0,0,5,4,0,0,https://web.archive.org/web/20241213210916/https://fbref.com/en/comps/1/defense/World-Cup-Stats
FIFA World Cup,2022,Neco Williams,Wales,"DF,MF",204,5,3,4,1,3,5,0,0,https://web.archive.org/web/20241213210916/https://fbref.com/en/comps/1/defense/World-Cup-Stats
FIFA World Cup,2022,Rubin Colwill,Wales,MF,10,0,0,1,1,0,0,0,0,https://web.archive.org/web/20241213210916/https://fbref.com/en/comps/1/defense/World-Cup-Stats
FIFA World Cup,2022,Sorba Thomas,Wales,"FW,MF",1,1,1,0,0,0,0,0,0,https://web.archive.org/web/20241213210916/https://fbref.com/en/comps/1/defense/World-Cup-Stats
FIFA World Cup,2022,Wayne Hennessey,Wales,GK,175,0,0,0,0,1,0,0,1,https://web.archive.org/web/20241213210916/https://fbref.com/en/comps/1/defense/World-Cup-Stats
FIFA World Cup,2026,Adil Boulbina,Algeria,FW,19,,0,,,0,0,0,0,https://web.archive.org/web/20260717103842/https://fbref.com/en/comps/1/2026/defense/2026-FIFA-World-Cup-Stats
FIFA World Cup,2026,Amine Gouiri,Algeria,FW,251,,1,,,1,1,0,0,https://web.archive.org/web/20260717103842/https://fbref.com/en/comps/1/2026/defense/2026-FIFA-World-Cup-Stats
FIFA World Cup,2026,Anis Hadj Moussa,Algeria,MF,98,,0,,,0,2,0,0,https://web.archive.org/web/20260717103842/https://fbref.com/en/comps/1/2026/defense/2026-FIFA-World-Cup-Stats
FIFA World Cup,2026,Aïssa Mandi,Algeria,DF,360,,3,,,0,5,0,0,https://web.archive.org/web/20260717103842/https://fbref.com/en/comps/1/2026/defense/2026-FIFA-World-Cup-Stats
FIFA World Cup,2026,Fares Chaïbi,Algeria,MF,360,,5,,,3,2,1,0,https://web.archive.org/web/20260717103842/https://fbref.com/en/comps/1/2026/defense/2026-FIFA-World-Cup-Stats
FIFA World Cup,2026,Farés Ghedjemis,Algeria,"FW,MF",1,,0,,,0,0,0,0,https://web.archive.org/web/20260717103842/https://fbref.com/en/comps/1/2026/defense/2026-FIFA-World-Cup-Stats
FIFA World Cup,2026,Hicham Boudaoui,Algeria,MF,128,,1,,,4,1,1,0,https://web.archive.org/web/20260717103842/https://fbref.com/en/comps/1/2026/defense/2026-FIFA-World-Cup-Stats
FIFA World Cup,2026,Houssem Aouar,Algeria,MF,173,,1,,,1,2,0,0,https://web.archive.org/web/20260717103842/https://fbref.com/en/comps/1/2026/defense/2026-FIFA-World-Cup-Stats
FIFA World Cup,2026,Ibrahim Maza,Algeria,"MF,FW",351,,2,,,1,5,0,0,https://web.archive.org/web/20260717103842/https://fbref.com/en/comps/1/2026/defense/2026-FIFA-World-Cup-Stats
FIFA World Cup,2026,Jaouen Hadjam,Algeria,DF,109,,1,,,0,0,0,0,https://web.archive.org/web/20260717103842/https://fbref.com/en/comps/1/2026/defense/2026-FIFA-World-Cup-Stats
FIFA World Cup,2026,Luca Zidane,Algeria,GK,270,,0,,,0,0,0,0,https://web.archive.org/web/20260717103842/https://fbref.com/en/comps/1/2026/defense/2026-FIFA-World-Cup-Stats
FIFA World Cup,2026,Mohamed Amoura,Algeria,"FW,MF",27,,0,,,1,0,0,0,https://web.archive.org/web/20260717103842/https://fbref.com/en/comps/1/2026/defense/2026-FIFA-World-Cup-Stats
FIFA World Cup,2026,Nabil Bentaleb,Algeria,MF,285,,4,,,2,3,0,0,https://web.archive.org/web/20260717103842/https://fbref.com/en/comps/1/2026/defense/2026-FIFA-World-Cup-Stats
FIFA World Cup,2026,Nadhir Benbouali,Algeria,FW,45,,1,,,0,0,0,0,https://web.archive.org/web/20260717103842/https://fbref.com/en/comps/1/2026/defense/2026-FIFA-World-Cup-Stats
FIFA World Cup,2026,Oussama Benbot,Algeria,GK,90,,0,,,0,1,0,0,https://web.archive.org/web/20260717103842/https://fbref.com/en/comps/1/2026/defense/2026-FIFA-World-Cup-Stats
FIFA World Cup,2026,Rafik Belghali,Algeria,DF,331,,3,,,4,2,0,0,https://web.archive.org/web/20260717103842/https://fbref.com/en/comps/1/2026/defense/2026-FIFA-World-Cup-Stats
FIFA World Cup,2026,Ramiz Zerrouki,Algeria,MF,111,,1,,,4,0,1,0,https://web.archive.org/web/20260717103842/https://fbref.com/en/comps/1/2026/defense/2026-FIFA-World-Cup-Stats
FIFA World Cup,2026,Ramy Bensebaini,Algeria,DF,360,,6,,,1,5,0,0,https://web.archive.org/web/20260717103842/https://fbref.com/en/comps/1/2026/defense/2026-FIFA-World-Cup-Stats
FIFA World Cup,2026,Rayan Aït-Nouri,Algeria,DF,284,,13,,,6,4,0,0,https://web.archive.org/web/20260717103842/https://fbref.com/en/comps/1/2026/defense/2026-FIFA-World-Cup-Stats
FIFA World Cup,2026,Riyad Mahrez,Algeria,MF,262,,2,,,1,7,0,0,https://web.archive.org/web/20260717103842/https://fbref.com/en/comps/1/2026/defense/2026-FIFA-World-Cup-Stats
FIFA World Cup,2026,Samir Chergui,Algeria,DF,20,,0,,,0,0,0,0,https://web.archive.org/web/20260717103842/https://fbref.com/en/comps/1/2026/defense/2026-FIFA-World-Cup-Stats
FIFA World Cup,2026,Zineddine Belaïd,Algeria,DF,25,,0,,,0,0,0,0,https://web.archive.org/web/20260717103842/https://fbref.com/en/comps/1/2026/defense/2026-FIFA-World-Cup-Stats
FIFA World Cup,2026,Alexis Mac Allister,Argentina,MF,630,,10,,,6,10,0,0,https://web.archive.org/web/20260717103842/https://fbref.com/en/comps/1/2026/defense/2026-FIFA-World-Cup-Stats
FIFA World Cup,2026,Cristian Romero,Argentina,DF,539,,10,,,9,3,1,0,https://web.archive.org/web/20260717103842/https://fbref.com/en/comps/1/2026/defense/2026-FIFA-World-Cup-Stats
FIFA World Cup,2026,Emiliano Martínez,Argentina,GK,690,,0,,,0,1,0,0,https://web.archive.org/web/20260717103842/https://fbref.com/en/comps/1/2026/defense/2026-FIFA-World-Cup-Stats
FIFA World Cup,2026,Enzo Fernández,Argentina,MF,570,,6,,,9,5,0,0,https://web.archive.org/web/20260717103842/https://fbref.com/en/comps/1/2026/defense/2026-FIFA-World-Cup-Stats
FIFA World Cup,2026,Exequiel Palacios,Argentina,DF,90,,0,,,1,1,0,0,https://web.archive.org/web/20260717103842/https://fbref.com/en/comps/1/2026/defense/2026-FIFA-World-Cup-Stats
FIFA World Cup,2026,Facundo Medina,Argentina,DF,257,,6,,,3,2,1,0,https://web.archive.org/web/20260717103842/https://fbref.com/en/comps/1/2026/defense/2026-FIFA-World-Cup-Stats
FIFA World Cup,2026,Flaco López,Argentina,FW,20,,1,,,1,0,1,0,https://web.archive.org/web/20260717103842/https://fbref.com/en/comps/1/2026/defense/2026-FIFA-World-Cup-Stats
FIFA World Cup,2026,Giovani Lo Celso,Argentina,MF,59,,0,,,1,1,0,0,https://web.archive.org/web/20260717103842/https://fbref.com/en/comps/1/2026/defense/2026-FIFA-World-Cup-Stats
FIFA World Cup,2026,Giuliano Simeone,Argentina,FW,141,,1,,,6,1,0,0,https://web.archive.org/web/20260717103842/https://fbref.com/en/comps/1/2026/defense/2026-FIFA-World-Cup-Stats
FIFA World Cup,2026,Gonzalo Montiel,Argentina,DF,135,,2,,,3,0,1,0,https://web.archive.org/web/20260717103842/https://fbref.com/en/comps/1/2026/defense/2026-FIFA-World-Cup-Stats
FIFA World Cup,2026,Julián Álvarez,Argentina,FW,501,,3,,,8,3,0,0,https://web.archive.org/web/20260717103842/https://fbref.com/en/comps/1/2026/defense/2026-FIFA-World-Cup-Stats
FIFA World Cup,2026,Lautaro Martínez,Argentina,FW,310,,1,,,8,5,1,0,https://web.archive.org/web/20260717103842/https://fbref.com/en/comps/1/2026/defense/2026-FIFA-World-Cup-Stats
FIFA World Cup,2026,Leandro Paredes,Argentina,MF,398,,5,,,5,2,1,0,https://web.archive.org/web/20260717103842/https://fbref.com/en/comps/1/2026/defense/2026-FIFA-World-Cup-Stats
FIFA World Cup,2026,Lionel Messi,Argentina,FW,620,,9,,,2,16,0,0,https://web.archive.org/web/20260717103842/https://fbref.com/en/comps/1/2026/defense/2026-FIFA-World-Cup-Stats
FIFA World Cup,2026,Lisandro Martínez,Argentina,DF,581,,6,,,6,4,1,0,https://web.archive.org/web/20260717103842/https://fbref.com/en/comps/1/2026/defense/2026-FIFA-World-Cup-Stats
FIFA World Cup,2026,Marcos Senesi,Argentina,DF,90,,0,,,0,2,0,0,https://web.archive.org/web/20260717103842/https://fbref.com/en/comps/1/2026/defense/2026-FIFA-World-Cup-Stats
FIFA World Cup,2026,Nahuel Molina,Argentina,DF,465,,2,,,3,0,0,0,https://web.archive.org/web/20260717103842/https://fbref.com/en/comps/1/2026/defense/2026-FIFA-World-Cup-Stats
FIFA World Cup,2026,Nicolás González,Argentina,"FW,MF",214,,3,,,4,2,0,0,https://web.archive.org/web/20260717103842/https://fbref.com/en/comps/1/2026/defense/2026-FIFA-World-Cup-Stats
FIFA World Cup,2026,Nicolás Otamendi,Argentina,DF,170,,2,,,3,0,0,0,https://web.archive.org/web/20260717103842/https://fbref.com/en/comps/1/2026/defense/2026-FIFA-World-Cup-Stats
FIFA World Cup,2026,Nicolás Paz,Argentina,MF,71,,2,,,2,1,0,0,https://web.archive.org/web/20260717103842/https://fbref.com/en/comps/1/2026/defense/2026-FIFA-World-Cup-Stats
FIFA World Cup,2026,Nicolás Tagliafico,Argentina,DF,356,,2,,,4,13,0,0,https://web.archive.org/web/20260717103842/https://fbref.com/en/comps/1/2026/defense/2026-FIFA-World-Cup-Stats
FIFA World Cup,2026,Rodrigo De Paul,Argentina,MF,422,,4,,,2,4,1,0,https://web.archive.org/web/20260717103842/https://fbref.com/en/comps/1/2026/defense/2026-FIFA-World-Cup-Stats
FIFA World Cup,2026,Thiago Almada,Argentina,MF,241,,4,,,2,2,1,0,https://web.archive.org/web/20260717103842/https://fbref.com/en/comps/1/2026/defense/2026-FIFA-World-Cup-Stats
FIFA World Cup,2026,Valentín Barco,Argentina,"DF,MF",20,,0,,,0,1,0,0,https://web.archive.org/web/20260717103842/https://fbref.com/en/comps/1/2026/defense/2026-FIFA-World-Cup-Stats
FIFA World Cup,2026,Aiden O'Neill,Australia,MF,360,,2,,,2,8,0,0,https://web.archive.org/web/20260717103842/https://fbref.com/en/comps/1/2026/defense/2026-FIFA-World-Cup-Stats
FIFA World Cup,2026,Ajdin Hrustic,Australia,MF,80,,0,,,1,0,0,0,https://web.archive.org/web/20260717103842/https://fbref.com/en/comps/1/2026/defense/2026-FIFA-World-Cup-Stats
FIFA World Cup,2026,Alessandro Circati,Australia,DF,390,,7,,,5,4,1,0,https://web.archive.org/web/20260717103842/https://fbref.com/en/comps/1/2026/defense/2026-FIFA-World-Cup-Stats
FIFA World Cup,2026,Awer Mabil,Australia,"FW,MF",30,,0,,,0,1,0,0,https://web.archive.org/web/20260717103842/https://fbref.com/en/comps/1/2026/defense/2026-FIFA-World-Cup-Stats
FIFA World Cup,2026,Aziz Behich,Australia,MF,217,,4,,,1,4,0,0,https://web.archive.org/web/20260717103842/https://fbref.com/en/comps/1/2026/defense/2026-FIFA-World-Cup-Stats
FIFA World Cup,2026,Cameron Burgess,Australia,DF,135,,1,,,0,0,0,0,https://web.archive.org/web/20260717103842/https://fbref.com/en/comps/1/2026/defense/2026-FIFA-World-Cup-Stats
FIFA World Cup,2026,Connor Metcalfe,Australia,MF,315,,5,,,1,0,0,0,https://web.archive.org/web/20260717103842/https://fbref.com/en/comps/1/2026/defense/2026-FIFA-World-Cup-Stats
FIFA World Cup,2026,Cristian Volpato,Australia,MF,160,,1,,,1,2,0,0,https://web.archive.org/web/20260717103842/https://fbref.com/en/comps/1/2026/defense/2026-FIFA-World-Cup-Stats
FIFA World Cup,2026,Harry Souttar,Australia,DF,390,,0,,,8,1,1,0,https://web.archive.org/web/20260717103842/https://fbref.com/en/comps/1/2026/defense/2026-FIFA-World-Cup-Stats
FIFA World Cup,2026,Jackson Irvine,Australia,MF,223,,1,,,3,3,1,0,https://web.archive.org/web/20260717103842/https://fbref.com/en/comps/1/2026/defense/2026-FIFA-World-Cup-Stats
FIFA World Cup,2026,Jacob Italiano,Australia,DF,163,,2,,,0,0,1,0,https://web.archive.org/web/20260717103842/https://fbref.com/en/comps/1/2026/defense/2026-FIFA-World-Cup-Stats
FIFA World Cup,2026,Jason Geria,Australia,DF,62,,1,,,2,0,0,0,https://web.archive.org/web/20260717103842/https://fbref.com/en/comps/1/2026/defense/2026-FIFA-World-Cup-Stats
FIFA World Cup,2026,Jordy Bos,Australia,"MF,DF",308,,3,,,4,4,1,0,https://web.archive.org/web/20260717103842/https://fbref.com/en/comps/1/2026/defense/2026-FIFA-World-Cup-Stats
FIFA World Cup,2026,Kai Trewin,Australia,"DF,MF",75,,0,,,0,1,0,0,https://web.archive.org/web/20260717103842/https://fbref.com/en/comps/1/2026/defense/2026-FIFA-World-Cup-Stats
FIFA World Cup,2026,Lucas Herrington,Australia,DF,210,,1,,,2,0,0,0,https://web.archive.org/web/20260717103842/https://fbref.com/en/comps/1/2026/defense/2026-FIFA-World-Cup-Stats
FIFA World Cup,2026,Mathew Leckie,Australia,MF,60,,0,,,1,1,0,0,https://web.archive.org/web/20260717103842/https://fbref.com/en/comps/1/2026/defense/2026-FIFA-World-Cup-Stats
FIFA World Cup,2026,Mathew Ryan,Australia,GK,2,,0,,,0,0,0,0,https://web.archive.org/web/20260717103842/https://fbref.com/en/comps/1/2026/defense/2026-FIFA-World-Cup-Stats
FIFA World Cup,2026,Mo Touré,Australia,FW,165,,1,,,4,2,0,0,https://web.archive.org/web/20260717103842/https://fbref.com/en/comps/1/2026/defense/2026-FIFA-World-Cup-Stats
FIFA World Cup,2026,Nestory Irankunda,Australia,"FW,MF",261,,0,,,4,5,0,0,https://web.archive.org/web/20260717103842/https://fbref.com/en/comps/1/2026/defense/2026-FIFA-World-Cup-Stats
FIFA World Cup,2026,Nishan Velupillay,Australia,MF,75,,1,,,1,0,0,0,https://web.archive.org/web/20260717103842/https://fbref.com/en/comps/1/2026/defense/2026-FIFA-World-Cup-Stats
FIFA World Cup,2026,Patrick Beach,Australia,GK,388,,0,,,0,0,0,0,https://web.archive.org/web/20260717103842/https://fbref.com/en/comps/1/2026/defense/2026-FIFA-World-Cup-Stats
FIFA World Cup,2026,Paul Okon-Engstler,Australia,MF,197,,2,,,3,2,0,0,https://web.archive.org/web/20260717103842/https://fbref.com/en/comps/1/2026/defense/2026-FIFA-World-Cup-Stats
FIFA World Cup,2026,Tete Yengi,Australia,FW,24,,2,,,3,0,0,0,https://web.archive.org/web/20260717103842/https://fbref.com/en/comps/1/2026/defense/2026-FIFA-World-Cup-Stats
FIFA World Cup,2026,Alexander Prass,Austria,"DF,MF",29,,0,,,0,0,0,0,https://web.archive.org/web/20260717103842/https://fbref.com/en/comps/1/2026/defense/2026-FIFA-World-Cup-Stats
FIFA World Cup,2026,Alexander Schlager,Austria,GK,360,,0,,,0,1,0,0,https://web.archive.org/web/20260717103842/https://fbref.com/en/comps/1/2026/defense/2026-FIFA-World-Cup-Stats
FIFA World Cup,2026,Carney Chukwuemeka,Austria,MF,83,,0,,,2,2,0,0,https://web.archive.org/web/20260717103842/https://fbref.com/en/comps/1/2026/defense/2026-FIFA-World-Cup-Stats
FIFA World Cup,2026,David Alaba,Austria,DF,275,,1,,,2,0,0,0,https://web.archive.org/web/20260717103842/https://fbref.com/en/comps/1/2026/defense/2026-FIFA-World-Cup-Stats
FIFA World Cup,2026,Florian Grillitsch,Austria,"DF,MF",90,,1,,,3,1,0,0,https://web.archive.org/web/20260717103842/https://fbref.com/en/comps/1/2026/defense/2026-FIFA-World-Cup-Stats
FIFA World Cup,2026,Kevin Danso,Austria,DF,241,,1,,,1,2,0,0,https://web.archive.org/web/20260717103842/https://fbref.com/en/comps/1/2026/defense/2026-FIFA-World-Cup-Stats
FIFA World Cup,2026,Konrad Laimer,Austria,"MF,DF",360,,6,,,6,3,1,0,https://web.archive.org/web/20260717103842/https://fbref.com/en/comps/1/2026/defense/2026-FIFA-World-Cup-Stats
FIFA World Cup,2026,Marcel Sabitzer,Austria,MF,360,,2,,,2,3,1,0,https://web.archive.org/web/20260717103842/https://fbref.com/en/comps/1/2026/defense/2026-FIFA-World-Cup-Stats
FIFA World Cup,2026,Marco Friedl,Austria,DF,24,,0,,,0,0,0,0,https://web.archive.org/web/20260717103842/https://fbref.com/en/comps/1/2026/defense/2026-FIFA-World-Cup-Stats
FIFA World Cup,2026,Marko Arnautović,Austria,FW,144,,0,,,3,1,1,0,https://web.archive.org/web/20260717103842/https://fbref.com/en/comps/1/2026/defense/2026-FIFA-World-Cup-Stats
FIFA World Cup,2026,Michael Gregoritsch,Austria,FW,188,,0,,,1,1,0,0,https://web.archive.org/web/20260717103842/https://fbref.com/en/comps/1/2026/defense/2026-FIFA-World-Cup-Stats
FIFA World Cup,2026,Nicolas Seiwald,Austria,MF,315,,5,,,1,1,0,0,https://web.archive.org/web/20260717103842/https://fbref.com/en/comps/1/2026/defense/2026-FIFA-World-Cup-Stats
FIFA World Cup,2026,Patrick Wimmer,Austria,"FW,MF",21,,0,,,3,1,0,0,https://web.archive.org/web/20260717103842/https://fbref.com/en/comps/1/2026/defense/2026-FIFA-World-Cup-Stats
FIFA World Cup,2026,Paul Wanner,Austria,MF,234,,1,,,4,2,0,0,https://web.archive.org/web/20260717103842/https://fbref.com/en/comps/1/2026/defense/2026-FIFA-World-Cup-Stats
FIFA World Cup,2026,Philipp Lienhart,Austria,DF,180,,1,,,0,0,0,0,https://web.archive.org/web/20260717103842/https://fbref.com/en/comps/1/2026/defense/2026-FIFA-World-Cup-Stats
FIFA World Cup,2026,Phillipp Mwene,Austria,DF,147,,0,,,1,1,0,0,https://web.archive.org/web/20260717103842/https://fbref.com/en/comps/1/2026/defense/2026-FIFA-World-Cup-Stats
FIFA World Cup,2026,Romano Schmid,Austria,"MF,FW",263,,4,,,3,4,0,0,https://web.archive.org/web/20260717103842/https://fbref.com/en/comps/1/2026/defense/2026-FIFA-World-Cup-Stats
FIFA World Cup,2026,Saša Kalajdžić,Austria,FW,77,,0,,,2,2,0,0,https://web.archive.org/web/20260717103842/https://fbref.com/en/comps/1/2026/defense/2026-FIFA-World-Cup-Stats
FIFA World Cup,2026,Stefan Posch,Austria,DF,331,,4,,,7,3,2,0,https://web.archive.org/web/20260717103842/https://fbref.com/en/comps/1/2026/defense/2026-FIFA-World-Cup-Stats
FIFA World Cup,2026,Xaver Schlager,Austria,MF,238,,3,,,6,0,0,0,https://web.archive.org/web/20260717103842/https://fbref.com/en/comps/1/2026/defense/2026-FIFA-World-Cup-Stats
FIFA World Cup,2026,Alexis Saelemaekers,Belgium,MF,83,,2,,,0,2,0,0,https://web.archive.org/web/20260717103842/https://fbref.com/en/comps/1/2026/defense/2026-FIFA-World-Cup-Stats
FIFA World Cup,2026,Amadou Onana,Belgium,MF,106,,2,,,1,3,0,0,https://web.archive.org/web/20260717103842/https://fbref.com/en/comps/1/2026/defense/2026-FIFA-World-Cup-Stats
FIFA World Cup,2026,Arthur Theate,Belgium,DF,228,,0,,,1,0,0,0,https://web.archive.org/web/20260717103842/https://fbref.com/en/comps/1/2026/defense/2026-FIFA-World-Cup-Stats
FIFA World Cup,2026,Axel Witsel,Belgium,"DF,MF",33,,0,,,2,1,1,0,https://web.archive.org/web/20260717103842/https://fbref.com/en/comps/1/2026/defense/2026-FIFA-World-Cup-Stats
FIFA World Cup,2026,Brandon Mechele,Belgium,DF,570,,4,,,9,2,1,0,https://web.archive.org/web/20260717103842/https://fbref.com/en/comps/1/2026/defense/2026-FIFA-World-Cup-Stats
FIFA World Cup,2026,Charles De Ketelaere,Belgium,"FW,MF",350,,4,,,2,3,0,0,https://web.archive.org/web/20260717103842/https://fbref.com/en/comps/1/2026/defense/2026-FIFA-World-Cup-Stats
FIFA World Cup,2026,Diego Moreira,Belgium,MF,58,,1,,,2,1,0,0,https://web.archive.org/web/20260717103842/https://fbref.com/en/comps/1/2026/defense/2026-FIFA-World-Cup-Stats
FIFA World Cup,2026,Dodi Lukebakio,Belgium,MF,164,,1,,,1,2,0,0,https://web.archive.org/web/20260717103842/https://fbref.com/en/comps/1/2026/defense/2026-FIFA-World-Cup-Stats
FIFA World Cup,2026,Hans Vanaken,Belgium,MF,319,,1,,,0,6,0,0,https://web.archive.org/web/20260717103842/https://fbref.com/en/comps/1/2026/defense/2026-FIFA-World-Cup-Stats
FIFA World Cup,2026,Jeremy Doku,Belgium,MF,309,,1,,,4,18,0,0,https://web.archive.org/web/20260717103842/https://fbref.com/en/comps/1/2026/defense/2026-FIFA-World-Cup-Stats
FIFA World Cup,2026,Joaquin Seys,Belgium,DF,30,,1,,,0,0,0,0,https://web.archive.org/web/20260717103842/https://fbref.com/en/comps/1/2026/defense/2026-FIFA-World-Cup-Stats
FIFA World Cup,2026,Kevin De Bruyne,Belgium,MF,382,,2,,,2,4,1,0,https://web.archive.org/web/20260717103842/https://fbref.com/en/comps/1/2026/defense/2026-FIFA-World-Cup-Stats
FIFA World Cup,2026,Leandro Trossard,Belgium,"MF,FW",506,,1,,,4,8,0,0,https://web.archive.org/web/20260717103842/https://fbref.com/en/comps/1/2026/defense/2026-FIFA-World-Cup-Stats
FIFA World Cup,2026,Matias Fernandez-Pardo,Belgium,"FW,MF",44,,1,,,0,0,0,0,https://web.archive.org/web/20260717103842/https://fbref.com/en/comps/1/2026/defense/2026-FIFA-World-Cup-Stats
FIFA World Cup,2026,Maxim De Cuyper,Belgium,DF,442,,2,,,7,2,1,0,https://web.archive.org/web/20260717103842/https://fbref.com/en/comps/1/2026/defense/2026-FIFA-World-Cup-Stats
FIFA World Cup,2026,Nathan Ngoy,Belgium,DF,335,,4,,,6,1,0,1,https://web.archive.org/web/20260717103842/https://fbref.com/en/comps/1/2026/defense/2026-FIFA-World-Cup-Stats
FIFA World Cup,2026,Nicolas Raskin,Belgium,MF,341,,5,,,12,3,0,0,https://web.archive.org/web/20260717103842/https://fbref.com/en/comps/1/2026/defense/2026-FIFA-World-Cup-Stats
FIFA World Cup,2026,Romelu Lukaku,Belgium,FW,233,,0,,,2,0,1,0,https://web.archive.org/web/20260717103842/https://fbref.com/en/comps/1/2026/defense/2026-FIFA-World-Cup-Stats
FIFA World Cup,2026,Senne Lammens,Belgium,GK,20,,0,,,0,0,0,0,https://web.archive.org/web/20260717103842/https://fbref.com/en/comps/1/2026/defense/2026-FIFA-World-Cup-Stats
FIFA World Cup,2026,Thibaut Courtois,Belgium,GK,550,,0,,,0,0,0,0,https://web.archive.org/web/20260717103842/https://fbref.com/en/comps/1/2026/defense/2026-FIFA-World-Cup-Stats
FIFA World Cup,2026,Thomas Meunier,Belgium,DF,190,,2,,,9,0,0,0,https://web.archive.org/web/20260717103842/https://fbref.com/en/comps/1/2026/defense/2026-FIFA-World-Cup-Stats
FIFA World Cup,2026,Timothy Castagne,Belgium,DF,478,,7,,,7,2,1,0,https://web.archive.org/web/20260717103842/https://fbref.com/en/comps/1/2026/defense/2026-FIFA-World-Cup-Stats
FIFA World Cup,2026,Youri Tielemans,Belgium,MF,474,,6,,,7,10,0,0,https://web.archive.org/web/20260717103842/https://fbref.com/en/comps/1/2026/defense/2026-FIFA-World-Cup-Stats
FIFA World Cup,2026,Amar Dedić,Bosnia and Herzegovina,DF,270,,7,,,6,3,1,0,https://web.archive.org/web/20260717103842/https://fbref.com/en/comps/1/2026/defense/2026-FIFA-World-Cup-Stats
FIFA World Cup,2026,Amar Memić,Bosnia and Herzegovina,MF,224,,2,,,4,3,0,0,https://web.archive.org/web/20260717103842/https://fbref.com/en/comps/1/2026/defense/2026-FIFA-World-Cup-Stats
FIFA World Cup,2026,Amir Hadžiahmetović,Bosnia and Herzegovina,MF,6,,0,,,0,0,0,0,https://web.archive.org/web/20260717103842/https://fbref.com/en/comps/1/2026/defense/2026-FIFA-World-Cup-Stats
FIFA World Cup,2026,Arjan Malic,Bosnia and Herzegovina,DF,45,,0,,,1,1,0,0,https://web.archive.org/web/20260717103842/https://fbref.com/en/comps/1/2026/defense/2026-FIFA-World-Cup-Stats
FIFA World Cup,2026,Armin Gigovic,Bosnia and Herzegovina,MF,79,,1,,,0,2,0,0,https://web.archive.org/web/20260717103842/https://fbref.com/en/comps/1/2026/defense/2026-FIFA-World-Cup-Stats
FIFA World Cup,2026,Benjamin Tahirovic,Bosnia and Herzegovina,MF,237,,4,,,3,2,0,0,https://web.archive.org/web/20260717103842/https://fbref.com/en/comps/1/2026/defense/2026-FIFA-World-Cup-Stats
FIFA World Cup,2026,Dennis Hadžikadunić,Bosnia and Herzegovina,DF,27,,2,,,1,0,0,0,https://web.archive.org/web/20260717103842/https://fbref.com/en/comps/1/2026/defense/2026-FIFA-World-Cup-Stats
FIFA World Cup,2026,Dženis Burnić,Bosnia and Herzegovina,MF,16,,0,,,0,0,0,0,https://web.archive.org/web/20260717103842/https://fbref.com/en/comps/1/2026/defense/2026-FIFA-World-Cup-Stats
FIFA World Cup,2026,Edin Džeko,Bosnia and Herzegovina,FW,176,,0,,,1,2,1,0,https://web.archive.org/web/20260717103842/https://fbref.com/en/comps/1/2026/defense/2026-FIFA-World-Cup-Stats
FIFA World Cup,2026,Ermedin Demirović,Bosnia and Herzegovina,FW,354,,1,,,11,3,1,0,https://web.archive.org/web/20260717103842/https://fbref.com/en/comps/1/2026/defense/2026-FIFA-World-Cup-Stats
FIFA World Cup,2026,Ermin Mahmić,Bosnia and Herzegovina,MF,68,,1,,,1,1,1,0,https://web.archive.org/web/20260717103842/https://fbref.com/en/comps/1/2026/defense/2026-FIFA-World-Cup-Stats
FIFA World Cup,2026,Esmir Bajraktarevic,Bosnia and Herzegovina,MF,230,,0,,,1,2,0,0,https://web.archive.org/web/20260717103842/https://fbref.com/en/comps/1/2026/defense/2026-FIFA-World-Cup-Stats
FIFA World Cup,2026,Haris Tabaković,Bosnia and Herzegovina,FW,16,,0,,,0,0,0,0,https://web.archive.org/web/20260717103842/https://fbref.com/en/comps/1/2026/defense/2026-FIFA-World-Cup-Stats
FIFA World Cup,2026,Ivan Bašić,Bosnia and Herzegovina,MF,179,,1,,,2,3,0,0,https://web.archive.org/web/20260717103842/https://fbref.com/en/comps/1/2026/defense/2026-FIFA-World-Cup-Stats
FIFA World Cup,2026,Ivan Šunjić,Bosnia and Herzegovina,MF,196,,3,,,7,0,0,0,https://web.archive.org/web/20260717103842/https://fbref.com/en/comps/1/2026/defense/2026-FIFA-World-Cup-Stats
FIFA World Cup,2026,Jovo Lukić,Bosnia and Herzegovina,FW,67,,1,,,1,0,1,0,https://web.archive.org/web/20260717103842/https://fbref.com/en/comps/1/2026/defense/2026-FIFA-World-Cup-Stats
FIFA World Cup,2026,Kerim Alajbegović,Bosnia and Herzegovina,MF,277,,0,,,4,6,0,0,https://web.archive.org/web/20260717103842/https://fbref.com/en/comps/1/2026/defense/2026-FIFA-World-Cup-Stats
FIFA World Cup,2026,Nikola Katić,Bosnia and Herzegovina,DF,317,,6,,,4,0,1,0,https://web.archive.org/web/20260717103842/https://fbref.com/en/comps/1/2026/defense/2026-FIFA-World-Cup-Stats
FIFA World Cup,2026,Nikola Vasilj,Bosnia and Herzegovina,GK,360,,0,,,0,0,0,0,https://web.archive.org/web/20260717103842/https://fbref.com/en/comps/1/2026/defense/2026-FIFA-World-Cup-Stats
FIFA World Cup,2026,Samed Baždar,Bosnia and Herzegovina,FW,29,,0,,,1,1,0,0,https://web.archive.org/web/20260717103842/https://fbref.com/en/comps/1/2026/defense/2026-FIFA-World-Cup-Stats
FIFA World Cup,2026,Sead Kolašinac,Bosnia and Herzegovina,DF,337,,6,,,6,4,0,0,https://web.archive.org/web/20260717103842/https://fbref.com/en/comps/1/2026/defense/2026-FIFA-World-Cup-Stats
FIFA World Cup,2026,Stjepan Radeljić,Bosnia and Herzegovina,DF,180,,1,,,1,3,1,0,https://web.archive.org/web/20260717103842/https://fbref.com/en/comps/1/2026/defense/2026-FIFA-World-Cup-Stats
FIFA World Cup,2026,Tarik Muharemovic,Bosnia and Herzegovina,DF,259,,1,,,5,2,0,1,https://web.archive.org/web/20260717103842/https://fbref.com/en/comps/1/2026/defense/2026-FIFA-World-Cup-Stats
FIFA World Cup,2026,Alex Sandro,Brazil,"DF,MF",9,,0,,,1,0,0,0,https://web.archive.org/web/20260717103842/https://fbref.com/en/comps/1/2026/defense/2026-FIFA-World-Cup-Stats
FIFA World Cup,2026,Alisson,Brazil,GK,450,,0,,,0,0,0,0,https://web.archive.org/web/20260717103842/https://fbref.com/en/comps/1/2026/defense/2026-FIFA-World-Cup-Stats
FIFA World Cup,2026,Bruno Guimarães,Brazil,MF,416,,6,,,4,7,0,0,https://web.archive.org/web/20260717103842/https://fbref.com/en/comps/1/2026/defense/2026-FIFA-World-Cup-Stats
FIFA World Cup,2026,Casemiro,Brazil,MF,379,,5,,,6,6,2,0,https://web.archive.org/web/20260717103842/https://fbref.com/en/comps/1/2026/defense/2026-FIFA-World-Cup-Stats
FIFA World Cup,2026,Danilo,Brazil,DF,405,,2,,,7,1,2,0,https://web.archive.org/web/20260717103842/https://fbref.com/en/comps/1/2026/defense/2026-FIFA-World-Cup-Stats
FIFA World Cup,2026,Danilo Santos,Brazil,MF,46,,2,,,0,0,0,0,https://web.archive.org/web/20260717103842/https://fbref.com/en/comps/1/2026/defense/2026-FIFA-World-Cup-Stats
FIFA World Cup,2026,Douglas Santos,Brazil,DF,441,,10,,,3,2,1,0,https://web.archive.org/web/20260717103842/https://fbref.com/en/comps/1/2026/defense/2026-FIFA-World-Cup-Stats
FIFA World Cup,2026,Endrick,Brazil,FW,114,,1,,,1,1,0,0,https://web.archive.org/web/20260717103842/https://fbref.com/en/comps/1/2026/defense/2026-FIFA-World-Cup-Stats
FIFA World Cup,2026,Fabinho,Brazil,"DF,MF",71,,1,,,4,0,1,0,https://web.archive.org/web/20260717103842/https://fbref.com/en/comps/1/2026/defense/2026-FIFA-World-Cup-Stats
FIFA World Cup,2026,Gabriel Magalhães,Brazil,DF,450,,2,,,1,3,0,0,https://web.archive.org/web/20260717103842/https://fbref.com/en/comps/1/2026/defense/2026-FIFA-World-Cup-Stats
FIFA World Cup,2026,Gabriel Martinelli,Brazil,MF,143,,0,,,4,3,0,0,https://web.archive.org/web/20260717103842/https://fbref.com/en/comps/1/2026/defense/2026-FIFA-World-Cup-Stats
FIFA World Cup,2026,Igor Thiago,Brazil,FW,61,,1,,,2,0,0,0,https://web.archive.org/web/20260717103842/https://fbref.com/en/comps/1/2026/defense/2026-FIFA-World-Cup-Stats
FIFA World Cup,2026,Lucas Paquetá,Brazil,MF,233,,4,,,3,6,0,0,https://web.archive.org/web/20260717103842/https://fbref.com/en/comps/1/2026/defense/2026-FIFA-World-Cup-Stats
FIFA World Cup,2026,Luiz Henrique,Brazil,"FW,MF",29,,0,,,0,1,0,0,https://web.archive.org/web/20260717103842/https://fbref.com/en/comps/1/2026/defense/2026-FIFA-World-Cup-Stats
FIFA World Cup,2026,Marquinhos,Brazil,DF,450,,2,,,0,2,0,0,https://web.archive.org/web/20260717103842/https://fbref.com/en/comps/1/2026/defense/2026-FIFA-World-Cup-Stats
FIFA World Cup,2026,Matheus Cunha,Brazil,FW,290,,3,,,1,3,0,0,https://web.archive.org/web/20260717103842/https://fbref.com/en/comps/1/2026/defense/2026-FIFA-World-Cup-Stats
FIFA World Cup,2026,Neymar,Brazil,"FW,MF",39,,0,,,1,1,1,0,https://web.archive.org/web/20260717103842/https://fbref.com/en/comps/1/2026/defense/2026-FIFA-World-Cup-Stats
FIFA World Cup,2026,Raphinha,Brazil,"MF,FW",129,,0,,,1,2,0,0,https://web.archive.org/web/20260717103842/https://fbref.com/en/comps/1/2026/defense/2026-FIFA-World-Cup-Stats
FIFA World Cup,2026,Rayan,Brazil,"FW,MF",288,,4,,,5,4,0,0,https://web.archive.org/web/20260717103842/https://fbref.com/en/comps/1/2026/defense/2026-FIFA-World-Cup-Stats
FIFA World Cup,2026,Roger Ibanez,Brazil,DF,45,,2,,,2,1,1,0,https://web.archive.org/web/20260717103842/https://fbref.com/en/comps/1/2026/defense/2026-FIFA-World-Cup-Stats
FIFA World Cup,2026,Vinicius Júnior,Brazil,FW,440,,1,,,4,10,0,0,https://web.archive.org/web/20260717103842/https://fbref.com/en/comps/1/2026/defense/2026-FIFA-World-Cup-Stats
FIFA World Cup,2026,Éderson Silva,Brazil,MF,22,,0,,,1,0,0,0,https://web.archive.org/web/20260717103842/https://fbref.com/en/comps/1/2026/defense/2026-FIFA-World-Cup-Stats
FIFA World Cup,2026,Ali Ahmed,Canada,MF,234,,2,,,1,5,0,0,https://web.archive.org/web/20260717103842/https://fbref.com/en/comps/1/2026/defense/2026-FIFA-World-Cup-Stats
FIFA World Cup,2026,Alistair Johnston,Canada,DF,450,,2,,,5,4,1,0,https://web.archive.org/web/20260717103842/https://fbref.com/en/comps/1/2026/defense/2026-FIFA-World-Cup-Stats
FIFA World Cup,2026,Alphonso Davies,Canada,"DF,FW",16,,0,,,0,0,0,0,https://web.archive.org/web/20260717103842/https://fbref.com/en/comps/1/2026/defense/2026-FIFA-World-Cup-Stats
FIFA World Cup,2026,Cyle Larin,Canada,FW,190,,0,,,5,1,2,0,https://web.archive.org/web/20260717103842/https://fbref.com/en/comps/1/2026/defense/2026-FIFA-World-Cup-Stats
FIFA World Cup,2026,Derek Cornelius,Canada,DF,315,,3,,,4,3,1,0,https://web.archive.org/web/20260717103842/https://fbref.com/en/comps/1/2026/defense/2026-FIFA-World-Cup-Stats
FIFA World Cup,2026,Ismaël Koné,Canada,MF,146,,2,,,1,3,0,0,https://web.archive.org/web/20260717103842/https://fbref.com/en/comps/1/2026/defense/2026-FIFA-World-Cup-Stats
FIFA World Cup,2026,Jacob Shaffelburg,Canada,MF,92,,1,,,2,1,0,0,https://web.archive.org/web/20260717103842/https://fbref.com/en/comps/1/2026/defense/2026-FIFA-World-Cup-Stats
FIFA World Cup,2026,Jayden Nelson,Canada,"FW,MF",4,,0,,,0,0,0,0,https://web.archive.org/web/20260717103842/https://fbref.com/en/comps/1/2026/defense/2026-FIFA-World-Cup-Stats
FIFA World Cup,2026,Jonathan David,Canada,FW,420,,1,,,5,5,1,0,https://web.archive.org/web/20260717103842/https://fbref.com/en/comps/1/2026/defense/2026-FIFA-World-Cup-Stats
FIFA World Cup,2026,Jonathan Osorio,Canada,MF,5,,0,,,0,1,0,0,https://web.archive.org/web/20260717103842/https://fbref.com/en/comps/1/2026/defense/2026-FIFA-World-Cup-Stats
FIFA World Cup,2026,Liam Millar,Canada,MF,162,,4,,,3,1,1,0,https://web.archive.org/web/20260717103842/https://fbref.com/en/comps/1/2026/defense/2026-FIFA-World-Cup-Stats
FIFA World Cup,2026,Luc De Fougerolles,Canada,DF,372,,6,,,8,8,2,0,https://web.archive.org/web/20260717103842/https://fbref.com/en/comps/1/2026/defense/2026-FIFA-World-Cup-Stats
FIFA World Cup,2026,Mathieu Choinière,Canada,MF,57,,1,,,1,1,0,0,https://web.archive.org/web/20260717103842/https://fbref.com/en/comps/1/2026/defense/2026-FIFA-World-Cup-Stats
FIFA World Cup,2026,Maxime Crépeau,Canada,GK,450,,1,,,1,1,0,0,https://web.archive.org/web/20260717103842/https://fbref.com/en/comps/1/2026/defense/2026-FIFA-World-Cup-Stats
FIFA World Cup,2026,Moïse Bombito,Canada,DF,193,,0,,,2,0,0,0,https://web.archive.org/web/20260717103842/https://fbref.com/en/comps/1/2026/defense/2026-FIFA-World-Cup-Stats
FIFA World Cup,2026,Nathan Saliba,Canada,MF,182,,4,,,5,2,1,0,https://web.archive.org/web/20260717103842/https://fbref.com/en/comps/1/2026/defense/2026-FIFA-World-Cup-Stats
FIFA World Cup,2026,Niko Sigur,Canada,MF,126,,1,,,5,1,1,0,https://web.archive.org/web/20260717103842/https://fbref.com/en/comps/1/2026/defense/2026-FIFA-World-Cup-Stats
FIFA World Cup,2026,Promise David,Canada,FW,80,,1,,,4,2,0,0,https://web.archive.org/web/20260717103842/https://fbref.com/en/comps/1/2026/defense/2026-FIFA-World-Cup-Stats
FIFA World Cup,2026,Richie Laryea,Canada,DF,429,,9,,,8,14,1,0,https://web.archive.org/web/20260717103842/https://fbref.com/en/comps/1/2026/defense/2026-FIFA-World-Cup-Stats
FIFA World Cup,2026,Stephen Eustáquio,Canada,MF,392,,5,,,2,7,0,0,https://web.archive.org/web/20260717103842/https://fbref.com/en/comps/1/2026/defense/2026-FIFA-World-Cup-Stats
FIFA World Cup,2026,Tajon Buchanan,Canada,MF,376,,5,,,5,8,0,0,https://web.archive.org/web/20260717103842/https://fbref.com/en/comps/1/2026/defense/2026-FIFA-World-Cup-Stats
FIFA World Cup,2026,Tani Oluwaseyi,Canada,FW,259,,3,,,5,5,0,0,https://web.archive.org/web/20260717103842/https://fbref.com/en/comps/1/2026/defense/2026-FIFA-World-Cup-Stats
FIFA World Cup,2026,Dailon Livramento,Cape Verde,FW,174,,0,,,1,1,0,0,https://web.archive.org/web/20260717103842/https://fbref.com/en/comps/1/2026/defense/2026-FIFA-World-Cup-Stats
FIFA World Cup,2026,Deroy Duarte,Cape Verde,MF,264,,5,,,4,1,0,0,https://web.archive.org/web/20260717103842/https://fbref.com/en/comps/1/2026/defense/2026-FIFA-World-Cup-Stats
FIFA World Cup,2026,Diney,Cape Verde,DF,390,,7,,,2,0,1,0,https://web.archive.org/web/20260717103842/https://fbref.com/en/comps/1/2026/defense/2026-FIFA-World-Cup-Stats
FIFA World Cup,2026,Garry Rodrigues,Cape Verde,MF,76,,2,,,0,0,0,0,https://web.archive.org/web/20260717103842/https://fbref.com/en/comps/1/2026/defense/2026-FIFA-World-Cup-Stats
FIFA World Cup,2026,Gilson Benchimol,Cape Verde,FW,78,,0,,,0,1,0,0,https://web.archive.org/web/20260717103842/https://fbref.com/en/comps/1/2026/defense/2026-FIFA-World-Cup-Stats
FIFA World Cup,2026,Hélio Varela,Cape Verde,FW,104,,0,,,1,2,0,0,https://web.archive.org/web/20260717103842/https://fbref.com/en/comps/1/2026/defense/2026-FIFA-World-Cup-Stats
FIFA World Cup,2026,Jamiro Monteiro,Cape Verde,MF,281,,4,,,4,2,0,0,https://web.archive.org/web/20260717103842/https://fbref.com/en/comps/1/2026/defense/2026-FIFA-World-Cup-Stats
FIFA World Cup,2026,Jovane Cabral,Cape Verde,FW,139,,3,,,1,2,0,0,https://web.archive.org/web/20260717103842/https://fbref.com/en/comps/1/2026/defense/2026-FIFA-World-Cup-Stats
FIFA World Cup,2026,João Paulo Fernandes,Cape Verde,DF,105,,1,,,0,4,0,0,https://web.archive.org/web/20260717103842/https://fbref.com/en/comps/1/2026/defense/2026-FIFA-World-Cup-Stats
FIFA World Cup,2026,Kevin Pina,Cape Verde,MF,349,,7,,,5,3,1,0,https://web.archive.org/web/20260717103842/https://fbref.com/en/comps/1/2026/defense/2026-FIFA-World-Cup-Stats
FIFA World Cup,2026,Laros Duarte,Cape Verde,MF,166,,1,,,0,2,0,0,https://web.archive.org/web/20260717103842/https://fbref.com/en/comps/1/2026/defense/2026-FIFA-World-Cup-Stats
FIFA World Cup,2026,Nuno da Costa,Cape Verde,FW,159,,2,,,0,3,0,0,https://web.archive.org/web/20260717103842/https://fbref.com/en/comps/1/2026/defense/2026-FIFA-World-Cup-Stats
FIFA World Cup,2026,Pico,Cape Verde,DF,390,,5,,,0,3,0,0,https://web.archive.org/web/20260717103842/https://fbref.com/en/comps/1/2026/defense/2026-FIFA-World-Cup-Stats
FIFA World Cup,2026,Ryan Mendes,Cape Verde,"FW,MF",330,,2,,,1,2,0,0,https://web.archive.org/web/20260717103842/https://fbref.com/en/comps/1/2026/defense/2026-FIFA-World-Cup-Stats
FIFA World Cup,2026,Sidny Lopes Cabral,Cape Verde,DF,285,,2,,,2,9,2,0,https://web.archive.org/web/20260717103842/https://fbref.com/en/comps/1/2026/defense/2026-FIFA-World-Cup-Stats
FIFA World Cup,2026,Steven Moreira,Cape Verde,DF,301,,3,,,0,2,0,0,https://web.archive.org/web/20260717103842/https://fbref.com/en/comps/1/2026/defense/2026-FIFA-World-Cup-Stats
FIFA World Cup,2026,Telmo Arcanjo,Cape Verde,MF,57,,0,,,0,1,0,0,https://web.archive.org/web/20260717103842/https://fbref.com/en/comps/1/2026/defense/2026-FIFA-World-Cup-Stats
FIFA World Cup,2026,Vozinha,Cape Verde,GK,390,,0,,,0,3,0,0,https://web.archive.org/web/20260717103842/https://fbref.com/en/comps/1/2026/defense/2026-FIFA-World-Cup-Stats
FIFA World Cup,2026,Wagner Pina,Cape Verde,DF,89,,0,,,1,3,1,0,https://web.archive.org/web/20260717103842/https://fbref.com/en/comps/1/2026/defense/2026-FIFA-World-Cup-Stats
FIFA World Cup,2026,Willy Semedo,Cape Verde,FW,131,,0,,,4,2,0,0,https://web.archive.org/web/20260717103842/https://fbref.com/en/comps/1/2026/defense/2026-FIFA-World-Cup-Stats
FIFA World Cup,2026,Yannick,Cape Verde,MF,32,,1,,,1,1,0,0,https://web.archive.org/web/20260717103842/https://fbref.com/en/comps/1/2026/defense/2026-FIFA-World-Cup-Stats
FIFA World Cup,2026,Andrés Gómez,Colombia,MF,1,,0,,,0,0,0,0,https://web.archive.org/web/20260717103842/https://fbref.com/en/comps/1/2026/defense/2026-FIFA-World-Cup-Stats
FIFA World Cup,2026,Camilo Vargas,Colombia,GK,480,,0,,,0,0,0,0,https://web.archive.org/web/20260717103842/https://fbref.com/en/comps/1/2026/defense/2026-FIFA-World-Cup-Stats
FIFA World Cup,2026,Cucho,Colombia,"FW,MF",50,,0,,,0,1,0,0,https://web.archive.org/web/20260717103842/https://fbref.com/en/comps/1/2026/defense/2026-FIFA-World-Cup-Stats
FIFA World Cup,2026,Daniel Muñoz,Colombia,DF,394,,3,,,9,1,0,0,https://web.archive.org/web/20260717103842/https://fbref.com/en/comps/1/2026/defense/2026-FIFA-World-Cup-Stats
FIFA World Cup,2026,Davinson Sánchez,Colombia,DF,480,,2,,,6,5,1,0,https://web.archive.org/web/20260717103842/https://fbref.com/en/comps/1/2026/defense/2026-FIFA-World-Cup-Stats
FIFA World Cup,2026,Deiver Machado,Colombia,DF,90,,0,,,1,2,0,0,https://web.archive.org/web/20260717103842/https://fbref.com/en/comps/1/2026/defense/2026-FIFA-World-Cup-Stats
FIFA World Cup,2026,Gustavo Puerta,Colombia,MF,469,,3,,,9,8,1,0,https://web.archive.org/web/20260717103842/https://fbref.com/en/comps/1/2026/defense/2026-FIFA-World-Cup-Stats
FIFA World Cup,2026,James Rodríguez,Colombia,"FW,MF",313,,1,,,0,5,0,0,https://web.archive.org/web/20260717103842/https://fbref.com/en/comps/1/2026/defense/2026-FIFA-World-Cup-Stats
FIFA World Cup,2026,Jaminton Campaz,Colombia,"FW,MF",75,,1,,,2,3,0,0,https://web.archive.org/web/20260717103842/https://fbref.com/en/comps/1/2026/defense/2026-FIFA-World-Cup-Stats
FIFA World Cup,2026,Jefferson Lerma,Colombia,MF,410,,1,,,6,5,1,0,https://web.archive.org/web/20260717103842/https://fbref.com/en/comps/1/2026/defense/2026-FIFA-World-Cup-Stats
FIFA World Cup,2026,Jhon Arias,Colombia,MF,377,,9,,,5,2,1,0,https://web.archive.org/web/20260717103842/https://fbref.com/en/comps/1/2026/defense/2026-FIFA-World-Cup-Stats
FIFA World Cup,2026,Jhon Córdoba,Colombia,FW,99,,0,,,1,2,0,0,https://web.archive.org/web/20260717103842/https://fbref.com/en/comps/1/2026/defense/2026-FIFA-World-Cup-Stats
FIFA World Cup,2026,Jhon Lucumí,Colombia,DF,478,,2,,,5,0,1,0,https://web.archive.org/web/20260717103842/https://fbref.com/en/comps/1/2026/defense/2026-FIFA-World-Cup-Stats
FIFA World Cup,2026,Johan Mojica,Colombia,DF,390,,3,,,1,7,1,0,https://web.archive.org/web/20260717103842/https://fbref.com/en/comps/1/2026/defense/2026-FIFA-World-Cup-Stats
FIFA World Cup,2026,Juan Quintero,Colombia,"FW,MF",121,,0,,,0,1,0,0,https://web.archive.org/web/20260717103842/https://fbref.com/en/comps/1/2026/defense/2026-FIFA-World-Cup-Stats
FIFA World Cup,2026,Kevin Castaño,Colombia,MF,16,,0,,,0,0,0,0,https://web.archive.org/web/20260717103842/https://fbref.com/en/comps/1/2026/defense/2026-FIFA-World-Cup-Stats
FIFA World Cup,2026,Luis Díaz,Colombia,"FW,MF",478,,0,,,7,9,0,0,https://web.archive.org/web/20260717103842/https://fbref.com/en/comps/1/2026/defense/2026-FIFA-World-Cup-Stats
FIFA World Cup,2026,Luis Suárez,Colombia,FW,331,,4,,,7,8,1,0,https://web.archive.org/web/20260717103842/https://fbref.com/en/comps/1/2026/defense/2026-FIFA-World-Cup-Stats
FIFA World Cup,2026,Richard Ríos,Colombia,MF,140,,2,,,10,4,1,0,https://web.archive.org/web/20260717103842/https://fbref.com/en/comps/1/2026/defense/2026-FIFA-World-Cup-Stats
FIFA World Cup,2026,Santiago Arias,Colombia,DF,86,,2,,,1,0,0,0,https://web.archive.org/web/20260717103842/https://fbref.com/en/comps/1/2026/defense/2026-FIFA-World-Cup-Stats
FIFA World Cup,2026,Yerry Mina,Colombia,DF,2,,0,,,0,1,0,0,https://web.archive.org/web/20260717103842/https://fbref.com/en/comps/1/2026/defense/2026-FIFA-World-Cup-Stats
FIFA World Cup,2026,Andrej Kramarić,Croatia,"FW,MF",59,,1,,,0,0,0,0,https://web.archive.org/web/20260717103842/https://fbref.com/en/comps/1/2026/defense/2026-FIFA-World-Cup-Stats
FIFA World Cup,2026,Ante Budimir,Croatia,FW,155,,1,,,6,4,0,0,https://web.archive.org/web/20260717103842/https://fbref.com/en/comps/1/2026/defense/2026-FIFA-World-Cup-Stats
FIFA World Cup,2026,Dominik Livaković,Croatia,GK,360,,0,,,0,1,0,0,https://web.archive.org/web/20260717103842/https://fbref.com/en/comps/1/2026/defense/2026-FIFA-World-Cup-Stats
FIFA World Cup,2026,Igor Matanović,Croatia,FW,95,,0,,,4,3,0,0,https://web.archive.org/web/20260717103842/https://fbref.com/en/comps/1/2026/defense/2026-FIFA-World-Cup-Stats
FIFA World Cup,2026,Ivan Perišić,Croatia,"MF,DF",360,,4,,,4,1,2,0,https://web.archive.org/web/20260717103842/https://fbref.com/en/comps/1/2026/defense/2026-FIFA-World-Cup-Stats
FIFA World Cup,2026,Josip Stanišić,Croatia,"DF,MF",360,,2,,,0,4,0,0,https://web.archive.org/web/20260717103842/https://fbref.com/en/comps/1/2026/defense/2026-FIFA-World-Cup-Stats
FIFA World Cup,2026,Josip Šutalo,Croatia,DF,360,,4,,,2,1,0,0,https://web.archive.org/web/20260717103842/https://fbref.com/en/comps/1/2026/defense/2026-FIFA-World-Cup-Stats
FIFA World Cup,2026,Joško Gvardiol,Croatia,DF,139,,2,,,2,3,0,0,https://web.archive.org/web/20260717103842/https://fbref.com/en/comps/1/2026/defense/2026-FIFA-World-Cup-Stats
FIFA World Cup,2026,Luka Modrić,Croatia,MF,317,,3,,,4,3,1,0,https://web.archive.org/web/20260717103842/https://fbref.com/en/comps/1/2026/defense/2026-FIFA-World-Cup-Stats
FIFA World Cup,2026,Luka Sučić,Croatia,"FW,MF",19,,0,,,0,0,0,0,https://web.archive.org/web/20260717103842/https://fbref.com/en/comps/1/2026/defense/2026-FIFA-World-Cup-Stats
FIFA World Cup,2026,Luka Vušković,Croatia,DF,65,,0,,,1,1,0,0,https://web.archive.org/web/20260717103842/https://fbref.com/en/comps/1/2026/defense/2026-FIFA-World-Cup-Stats
FIFA World Cup,2026,Marco Pašalić,Croatia,MF,99,,2,,,0,2,0,0,https://web.archive.org/web/20260717103842/https://fbref.com/en/comps/1/2026/defense/2026-FIFA-World-Cup-Stats
FIFA World Cup,2026,Marin Pongračić,Croatia,DF,270,,3,,,3,0,0,0,https://web.archive.org/web/20260717103842/https://fbref.com/en/comps/1/2026/defense/2026-FIFA-World-Cup-Stats
FIFA World Cup,2026,Mario Pašalić,Croatia,MF,123,,1,,,2,0,0,0,https://web.archive.org/web/20260717103842/https://fbref.com/en/comps/1/2026/defense/2026-FIFA-World-Cup-Stats
FIFA World Cup,2026,Martin Baturina,Croatia,"MF,FW",321,,2,,,1,14,0,0,https://web.archive.org/web/20260717103842/https://fbref.com/en/comps/1/2026/defense/2026-FIFA-World-Cup-Stats
FIFA World Cup,2026,Mateo Kovačić,Croatia,MF,270,,3,,,3,3,0,0,https://web.archive.org/web/20260717103842/https://fbref.com/en/comps/1/2026/defense/2026-FIFA-World-Cup-Stats
FIFA World Cup,2026,Nikola Vlašić,Croatia,MF,189,,2,,,5,0,0,0,https://web.archive.org/web/20260717103842/https://fbref.com/en/comps/1/2026/defense/2026-FIFA-World-Cup-Stats
FIFA World Cup,2026,Petar Musa,Croatia,FW,110,,0,,,1,1,0,0,https://web.archive.org/web/20260717103842/https://fbref.com/en/comps/1/2026/defense/2026-FIFA-World-Cup-Stats
FIFA World Cup,2026,Petar Sučić,Croatia,"MF,FW",289,,2,,,7,6,1,0,https://web.archive.org/web/20260717103842/https://fbref.com/en/comps/1/2026/defense/2026-FIFA-World-Cup-Stats
FIFA World Cup,2026,Armando Obispo,Curaçao,DF,270,,1,,,1,0,0,0,https://web.archive.org/web/20260717103842/https://fbref.com/en/comps/1/2026/defense/2026-FIFA-World-Cup-Stats
FIFA World Cup,2026,Brandley Kuwas,Curaçao,"FW,MF",1,,0,,,0,0,0,0,https://web.archive.org/web/20260717103842/https://fbref.com/en/comps/1/2026/defense/2026-FIFA-World-Cup-Stats
FIFA World Cup,2026,Deveron Fonville,Curaçao,DF,241,,3,,,2,3,0,0,https://web.archive.org/web/20260717103842/https://fbref.com/en/comps/1/2026/defense/2026-FIFA-World-Cup-Stats
FIFA World Cup,2026,Eloy Room,Curaçao,GK,270,,0,,,0,0,0,0,https://web.archive.org/web/20260717103842/https://fbref.com/en/comps/1/2026/defense/2026-FIFA-World-Cup-Stats
FIFA World Cup,2026,Gervane Kastaneer,Curaçao,"FW,MF",30,,0,,,2,0,2,0,https://web.archive.org/web/20260717103842/https://fbref.com/en/comps/1/2026/defense/2026-FIFA-World-Cup-Stats
FIFA World Cup,2026,Godfried Roemeratoe,Curaçao,MF,7,,0,,,0,0,0,0,https://web.archive.org/web/20260717103842/https://fbref.com/en/comps/1/2026/defense/2026-FIFA-World-Cup-Stats
FIFA World Cup,2026,Jearl Margaritha,Curaçao,"FW,MF",41,,0,,,0,0,0,0,https://web.archive.org/web/20260717103842/https://fbref.com/en/comps/1/2026/defense/2026-FIFA-World-Cup-Stats
FIFA World Cup,2026,Jeremy Antonisse,Curaçao,"FW,MF",75,,1,,,0,0,0,0,https://web.archive.org/web/20260717103842/https://fbref.com/en/comps/1/2026/defense/2026-FIFA-World-Cup-Stats
FIFA World Cup,2026,Joshua Brenet,Curaçao,DF,179,,4,,,0,1,0,0,https://web.archive.org/web/20260717103842/https://fbref.com/en/comps/1/2026/defense/2026-FIFA-World-Cup-Stats
FIFA World Cup,2026,Juninho Bacuna,Curaçao,MF,254,,4,,,6,3,2,0,https://web.archive.org/web/20260717103842/https://fbref.com/en/comps/1/2026/defense/2026-FIFA-World-Cup-Stats
FIFA World Cup,2026,Juriën Gaari,Curaçao,DF,166,,2,,,4,1,1,0,https://web.archive.org/web/20260717103842/https://fbref.com/en/comps/1/2026/defense/2026-FIFA-World-Cup-Stats
FIFA World Cup,2026,Jürgen Locadia,Curaçao,FW,235,,0,,,3,4,0,0,https://web.archive.org/web/20260717103842/https://fbref.com/en/comps/1/2026/defense/2026-FIFA-World-Cup-Stats
FIFA World Cup,2026,Kenji Gorré,Curaçao,"FW,MF",16,,0,,,0,0,0,0,https://web.archive.org/web/20260717103842/https://fbref.com/en/comps/1/2026/defense/2026-FIFA-World-Cup-Stats
FIFA World Cup,2026,Leandro Bacuna,Curaçao,MF,270,,3,,,3,3,1,0,https://web.archive.org/web/20260717103842/https://fbref.com/en/comps/1/2026/defense/2026-FIFA-World-Cup-Stats
FIFA World Cup,2026,Livano Comenencia,Curaçao,MF,233,,1,,,4,1,1,0,https://web.archive.org/web/20260717103842/https://fbref.com/en/comps/1/2026/defense/2026-FIFA-World-Cup-Stats
FIFA World Cup,2026,Riechedly Bazoer,Curaçao,DF,90,,1,,,2,0,0,0,https://web.archive.org/web/20260717103842/https://fbref.com/en/comps/1/2026/defense/2026-FIFA-World-Cup-Stats
FIFA World Cup,2026,Roshon van Eijma,Curaçao,DF,15,,0,,,0,0,0,0,https://web.archive.org/web/20260717103842/https://fbref.com/en/comps/1/2026/defense/2026-FIFA-World-Cup-Stats
FIFA World Cup,2026,Sherel Floranus,Curaçao,DF,270,,6,,,2,0,0,0,https://web.archive.org/web/20260717103842/https://fbref.com/en/comps/1/2026/defense/2026-FIFA-World-Cup-Stats
FIFA World Cup,2026,Shurandy Sambo,Curaçao,DF,1,,0,,,0,0,0,0,https://web.archive.org/web/20260717103842/https://fbref.com/en/comps/1/2026/defense/2026-FIFA-World-Cup-Stats
FIFA World Cup,2026,Sontje Hansen,Curaçao,FW,45,,0,,,0,0,0,0,https://web.archive.org/web/20260717103842/https://fbref.com/en/comps/1/2026/defense/2026-FIFA-World-Cup-Stats
FIFA World Cup,2026,Tahith Chong,Curaçao,MF,247,,0,,,3,13,0,0,https://web.archive.org/web/20260717103842/https://fbref.com/en/comps/1/2026/defense/2026-FIFA-World-Cup-Stats
FIFA World Cup,2026,Tyrese Noslin,Curaçao,MF,14,,0,,,0,2,0,0,https://web.archive.org/web/20260717103842/https://fbref.com/en/comps/1/2026/defense/2026-FIFA-World-Cup-Stats
FIFA World Cup,2026,Adam Hložek,Czech Republic,FW,156,,1,,,4,4,0,0,https://web.archive.org/web/20260717103842/https://fbref.com/en/comps/1/2026/defense/2026-FIFA-World-Cup-Stats
FIFA World Cup,2026,Alexandr Sojka,Czech Republic,"MF,DF",141,,1,,,0,2,0,0,https://web.archive.org/web/20260717103842/https://fbref.com/en/comps/1/2026/defense/2026-FIFA-World-Cup-Stats
FIFA World Cup,2026,David Douděra,Czech Republic,MF,90,,0,,,0,1,0,0,https://web.archive.org/web/20260717103842/https://fbref.com/en/comps/1/2026/defense/2026-FIFA-World-Cup-Stats
FIFA World Cup,2026,David Zima,Czech Republic,DF,13,,0,,,0,0,0,0,https://web.archive.org/web/20260717103842/https://fbref.com/en/comps/1/2026/defense/2026-FIFA-World-Cup-Stats
FIFA World Cup,2026,Denis Višinský,Czech Republic,FW,55,,0,,,0,1,0,0,https://web.archive.org/web/20260717103842/https://fbref.com/en/comps/1/2026/defense/2026-FIFA-World-Cup-Stats
FIFA World Cup,2026,Jaroslav Zelený,Czech Republic,MF,126,,0,,,0,2,0,0,https://web.archive.org/web/20260717103842/https://fbref.com/en/comps/1/2026/defense/2026-FIFA-World-Cup-Stats
FIFA World Cup,2026,Ladislav Krejčí,Czech Republic,DF,270,,3,,,6,2,1,0,https://web.archive.org/web/20260717103842/https://fbref.com/en/comps/1/2026/defense/2026-FIFA-World-Cup-Stats
FIFA World Cup,2026,Lukáš Provod,Czech Republic,FW,122,,3,,,2,1,0,0,https://web.archive.org/web/20260717103842/https://fbref.com/en/comps/1/2026/defense/2026-FIFA-World-Cup-Stats
FIFA World Cup,2026,Lukáš Červ,Czech Republic,MF,163,,3,,,3,3,0,0,https://web.archive.org/web/20260717103842/https://fbref.com/en/comps/1/2026/defense/2026-FIFA-World-Cup-Stats
FIFA World Cup,2026,Matej Kovar,Czech Republic,GK,270,,0,,,0,0,0,0,https://web.archive.org/web/20260717103842/https://fbref.com/en/comps/1/2026/defense/2026-FIFA-World-Cup-Stats
FIFA World Cup,2026,Michal Sadílek,Czech Republic,MF,183,,2,,,0,3,0,0,https://web.archive.org/web/20260717103842/https://fbref.com/en/comps/1/2026/defense/2026-FIFA-World-Cup-Stats
FIFA World Cup,2026,Mojmír Chytil,Czech Republic,FW,7,,0,,,1,0,0,0,https://web.archive.org/web/20260717103842/https://fbref.com/en/comps/1/2026/defense/2026-FIFA-World-Cup-Stats
FIFA World Cup,2026,Patrik Schick,Czech Republic,FW,180,,0,,,1,3,0,0,https://web.archive.org/web/20260717103842/https://fbref.com/en/comps/1/2026/defense/2026-FIFA-World-Cup-Stats
FIFA World Cup,2026,Pavel Šulc,Czech Republic,FW,189,,2,,,2,1,0,0,https://web.archive.org/web/20260717103842/https://fbref.com/en/comps/1/2026/defense/2026-FIFA-World-Cup-Stats
FIFA World Cup,2026,Robin Hranáč,Czech Republic,DF,270,,0,,,6,0,0,0,https://web.archive.org/web/20260717103842/https://fbref.com/en/comps/1/2026/defense/2026-FIFA-World-Cup-Stats
FIFA World Cup,2026,Tomáš Chorý,Czech Republic,FW,31,,0,,,2,1,0,0,https://web.archive.org/web/20260717103842/https://fbref.com/en/comps/1/2026/defense/2026-FIFA-World-Cup-Stats
FIFA World Cup,2026,Tomáš Holeš,Czech Republic,DF,153,,3,,,2,2,0,0,https://web.archive.org/web/20260717103842/https://fbref.com/en/comps/1/2026/defense/2026-FIFA-World-Cup-Stats
FIFA World Cup,2026,Tomáš Souček,Czech Republic,MF,137,,0,,,3,1,0,0,https://web.archive.org/web/20260717103842/https://fbref.com/en/comps/1/2026/defense/2026-FIFA-World-Cup-Stats
FIFA World Cup,2026,Vladimír Coufal,Czech Republic,"MF,DF",270,,1,,,4,3,0,0,https://web.archive.org/web/20260717103842/https://fbref.com/en/comps/1/2026/defense/2026-FIFA-World-Cup-Stats
FIFA World Cup,2026,Vladimír Darida,Czech Republic,MF,54,,0,,,0,1,0,0,https://web.archive.org/web/20260717103842/https://fbref.com/en/comps/1/2026/defense/2026-FIFA-World-Cup-Stats
FIFA World Cup,2026,Štěpán Chaloupek,Czech Republic,DF,90,,0,,,1,0,0,0,https://web.archive.org/web/20260717103842/https://fbref.com/en/comps/1/2026/defense/2026-FIFA-World-Cup-Stats
FIFA World Cup,2026,Aaron Wan-Bissaka,DR Congo,DF,354,,4,,,1,1,0,0,https://web.archive.org/web/20260717103842/https://fbref.com/en/comps/1/2026/defense/2026-FIFA-World-Cup-Stats
FIFA World Cup,2026,Arthur Masuaku,DR Congo,DF,315,,5,,,0,4,0,0,https://web.archive.org/web/20260717103842/https://fbref.com/en/comps/1/2026/defense/2026-FIFA-World-Cup-Stats
FIFA World Cup,2026,Axel Tuanzebe,DR Congo,DF,360,,2,,,3,3,0,0,https://web.archive.org/web/20260717103842/https://fbref.com/en/comps/1/2026/defense/2026-FIFA-World-Cup-Stats
FIFA World Cup,2026,Brian Cipenga,DR Congo,"MF,FW",146,,2,,,2,1,0,0,https://web.archive.org/web/20260717103842/https://fbref.com/en/comps/1/2026/defense/2026-FIFA-World-Cup-Stats
FIFA World Cup,2026,Chancel Mbemba,DR Congo,DF,360,,3,,,1,3,1,0,https://web.archive.org/web/20260717103842/https://fbref.com/en/comps/1/2026/defense/2026-FIFA-World-Cup-Stats
FIFA World Cup,2026,Charles Pickel,DR Congo,"DF,MF",35,,0,,,2,1,1,0,https://web.archive.org/web/20260717103842/https://fbref.com/en/comps/1/2026/defense/2026-FIFA-World-Cup-Stats
FIFA World Cup,2026,Cédric Bakambu,DR Congo,FW,190,,0,,,2,1,0,0,https://web.archive.org/web/20260717103842/https://fbref.com/en/comps/1/2026/defense/2026-FIFA-World-Cup-Stats
FIFA World Cup,2026,Edo Kayembe,DR Congo,MF,160,,1,,,5,3,0,0,https://web.archive.org/web/20260717103842/https://fbref.com/en/comps/1/2026/defense/2026-FIFA-World-Cup-Stats
FIFA World Cup,2026,Fiston Mayele,DR Congo,FW,42,,0,,,1,1,0,0,https://web.archive.org/web/20260717103842/https://fbref.com/en/comps/1/2026/defense/2026-FIFA-World-Cup-Stats
FIFA World Cup,2026,Gédéon Kalulu,DR Congo,DF,6,,0,,,0,0,0,0,https://web.archive.org/web/20260717103842/https://fbref.com/en/comps/1/2026/defense/2026-FIFA-World-Cup-Stats
FIFA World Cup,2026,Joris Kayembe,DR Congo,"DF,FW",45,,4,,,0,1,0,0,https://web.archive.org/web/20260717103842/https://fbref.com/en/comps/1/2026/defense/2026-FIFA-World-Cup-Stats
FIFA World Cup,2026,Lionel Mpasi,DR Congo,GK,360,,0,,,0,0,0,0,https://web.archive.org/web/20260717103842/https://fbref.com/en/comps/1/2026/defense/2026-FIFA-World-Cup-Stats
FIFA World Cup,2026,Meschak Elia,DR Congo,"FW,MF",46,,0,,,2,0,0,0,https://web.archive.org/web/20260717103842/https://fbref.com/en/comps/1/2026/defense/2026-FIFA-World-Cup-Stats
FIFA World Cup,2026,Nathanaël Mbuku,DR Congo,"MF,FW",143,,3,,,4,8,1,0,https://web.archive.org/web/20260717103842/https://fbref.com/en/comps/1/2026/defense/2026-FIFA-World-Cup-Stats
FIFA World Cup,2026,Ngal'Ayel Mukau,DR Congo,MF,195,,2,,,3,4,0,0,https://web.archive.org/web/20260717103842/https://fbref.com/en/comps/1/2026/defense/2026-FIFA-World-Cup-Stats
FIFA World Cup,2026,Noah Sadiki,DR Congo,MF,259,,4,,,2,3,2,0,https://web.archive.org/web/20260717103842/https://fbref.com/en/comps/1/2026/defense/2026-FIFA-World-Cup-Stats
FIFA World Cup,2026,Samuel Moutoussamy,DR Congo,MF,330,,8,,,8,1,1,0,https://web.archive.org/web/20260717103842/https://fbref.com/en/comps/1/2026/defense/2026-FIFA-World-Cup-Stats
FIFA World Cup,2026,Simon Banza,DR Congo,"FW,MF",40,,1,,,1,0,0,0,https://web.archive.org/web/20260717103842/https://fbref.com/en/comps/1/2026/defense/2026-FIFA-World-Cup-Stats
FIFA World Cup,2026,Steve Kapuadi,DR Congo,DF,180,,1,,,2,0,0,0,https://web.archive.org/web/20260717103842/https://fbref.com/en/comps/1/2026/defense/2026-FIFA-World-Cup-Stats
FIFA World Cup,2026,Theo Bongonda,DR Congo,"FW,MF",34,,0,,,0,1,0,0,https://web.archive.org/web/20260717103842/https://fbref.com/en/comps/1/2026/defense/2026-FIFA-World-Cup-Stats
FIFA World Cup,2026,Yoane Wissa,DR Congo,FW,360,,1,,,5,9,0,0,https://web.archive.org/web/20260717103842/https://fbref.com/en/comps/1/2026/defense/2026-FIFA-World-Cup-Stats
FIFA World Cup,2026,Alan Franco,Ecuador,DF,251,,6,,,7,0,2,0,https://web.archive.org/web/20260717103842/https://fbref.com/en/comps/1/2026/defense/2026-FIFA-World-Cup-Stats
FIFA World Cup,2026,Alan Minda,Ecuador,MF,55,,0,,,0,1,0,0,https://web.archive.org/web/20260717103842/https://fbref.com/en/comps/1/2026/defense/2026-FIFA-World-Cup-Stats
FIFA World Cup,2026,Enner Valencia,Ecuador,FW,287,,1,,,4,7,0,0,https://web.archive.org/web/20260717103842/https://fbref.com/en/comps/1/2026/defense/2026-FIFA-World-Cup-Stats
FIFA World Cup,2026,Félix Torres Caicedo,Ecuador,DF,6,,0,,,0,0,0,0,https://web.archive.org/web/20260717103842/https://fbref.com/en/comps/1/2026/defense/2026-FIFA-World-Cup-Stats
FIFA World Cup,2026,Gonzalo Plata,Ecuador,FW,360,,5,,,5,4,1,0,https://web.archive.org/web/20260717103842/https://fbref.com/en/comps/1/2026/defense/2026-FIFA-World-Cup-Stats
FIFA World Cup,2026,Hernán Galíndez,Ecuador,GK,360,,0,,,0,0,0,0,https://web.archive.org/web/20260717103842/https://fbref.com/en/comps/1/2026/defense/2026-FIFA-World-Cup-Stats
FIFA World Cup,2026,Jackson Porozo,Ecuador,DF,29,,0,,,2,0,1,0,https://web.archive.org/web/20260717103842/https://fbref.com/en/comps/1/2026/defense/2026-FIFA-World-Cup-Stats
FIFA World Cup,2026,Joel Ordóñez,Ecuador,DF,225,,5,,,1,1,0,0,https://web.archive.org/web/20260717103842/https://fbref.com/en/comps/1/2026/defense/2026-FIFA-World-Cup-Stats
FIFA World Cup,2026,John Yeboah,Ecuador,MF,311,,3,,,0,4,0,0,https://web.archive.org/web/20260717103842/https://fbref.com/en/comps/1/2026/defense/2026-FIFA-World-Cup-Stats
FIFA World Cup,2026,Jordy Alcivar,Ecuador,MF,45,,1,,,1,0,1,0,https://web.archive.org/web/20260717103842/https://fbref.com/en/comps/1/2026/defense/2026-FIFA-World-Cup-Stats
FIFA World Cup,2026,Jordy Caicedo,Ecuador,FW,20,,0,,,2,0,0,0,https://web.archive.org/web/20260717103842/https://fbref.com/en/comps/1/2026/defense/2026-FIFA-World-Cup-Stats
FIFA World Cup,2026,Kendry Páez,Ecuador,MF,12,,0,,,1,0,1,0,https://web.archive.org/web/20260717103842/https://fbref.com/en/comps/1/2026/defense/2026-FIFA-World-Cup-Stats
FIFA World Cup,2026,Kevin Rodríguez,Ecuador,FW,118,,1,,,3,2,0,0,https://web.archive.org/web/20260717103842/https://fbref.com/en/comps/1/2026/defense/2026-FIFA-World-Cup-Stats
FIFA World Cup,2026,Moisés Caicedo,Ecuador,MF,360,,6,,,5,4,1,0,https://web.archive.org/web/20260717103842/https://fbref.com/en/comps/1/2026/defense/2026-FIFA-World-Cup-Stats
FIFA World Cup,2026,Nilson Angulo,Ecuador,MF,218,,1,,,4,3,0,0,https://web.archive.org/web/20260717103842/https://fbref.com/en/comps/1/2026/defense/2026-FIFA-World-Cup-Stats
FIFA World Cup,2026,Pedro Vite,Ecuador,MF,360,,11,,,2,5,0,0,https://web.archive.org/web/20260717103842/https://fbref.com/en/comps/1/2026/defense/2026-FIFA-World-Cup-Stats
FIFA World Cup,2026,Pervis Estupiñán,Ecuador,MF,89,,1,,,3,0,0,0,https://web.archive.org/web/20260717103842/https://fbref.com/en/comps/1/2026/defense/2026-FIFA-World-Cup-Stats
FIFA World Cup,2026,Piero Hincapié,Ecuador,DF,339,,5,,,5,4,1,1,https://web.archive.org/web/20260717103842/https://fbref.com/en/comps/1/2026/defense/2026-FIFA-World-Cup-Stats
FIFA World Cup,2026,Willian Pacho,Ecuador,DF,360,,2,,,3,2,0,0,https://web.archive.org/web/20260717103842/https://fbref.com/en/comps/1/2026/defense/2026-FIFA-World-Cup-Stats
FIFA World Cup,2026,Yaimar Medina,Ecuador,"DF,MF",45,,0,,,1,0,0,0,https://web.archive.org/web/20260717103842/https://fbref.com/en/comps/1/2026/defense/2026-FIFA-World-Cup-Stats
FIFA World Cup,2026,Ángelo Preciado,Ecuador,"DF,MF",109,,1,,,0,1,0,0,https://web.archive.org/web/20260717103842/https://fbref.com/en/comps/1/2026/defense/2026-FIFA-World-Cup-Stats
FIFA World Cup,2026,Ahmed Fatouh,Egypt,DF,267,,5,,,2,3,1,0,https://web.archive.org/web/20260717103842/https://fbref.com/en/comps/1/2026/defense/2026-FIFA-World-Cup-Stats
FIFA World Cup,2026,Emam Ashour,Egypt,MF,362,,2,,,2,13,0,0,https://web.archive.org/web/20260717103842/https://fbref.com/en/comps/1/2026/defense/2026-FIFA-World-Cup-Stats
FIFA World Cup,2026,Haissem Hassan,Egypt,MF,126,,1,,,2,2,2,0,https://web.archive.org/web/20260717103842/https://fbref.com/en/comps/1/2026/defense/2026-FIFA-World-Cup-Stats
FIFA World Cup,2026,Hamdy Fathy,Egypt,"DF,MF",238,,3,,,3,2,1,0,https://web.archive.org/web/20260717103842/https://fbref.com/en/comps/1/2026/defense/2026-FIFA-World-Cup-Stats
FIFA World Cup,2026,Hamza Abdelkarim,Egypt,FW,60,,0,,,2,0,0,0,https://web.archive.org/web/20260717103842/https://fbref.com/en/comps/1/2026/defense/2026-FIFA-World-Cup-Stats
FIFA World Cup,2026,Hossam Abdelmaguid,Egypt,DF,59,,0,,,1,0,0,0,https://web.archive.org/web/20260717103842/https://fbref.com/en/comps/1/2026/defense/2026-FIFA-World-Cup-Stats
FIFA World Cup,2026,Ibrahim Adel,Egypt,MF,3,,0,,,0,0,0,0,https://web.archive.org/web/20260717103842/https://fbref.com/en/comps/1/2026/defense/2026-FIFA-World-Cup-Stats
FIFA World Cup,2026,Karim Hafez,Egypt,DF,172,,1,,,1,2,0,0,https://web.archive.org/web/20260717103842/https://fbref.com/en/comps/1/2026/defense/2026-FIFA-World-Cup-Stats
FIFA World Cup,2026,Mahmoud Saber,Egypt,MF,46,,0,,,2,1,1,0,https://web.archive.org/web/20260717103842/https://fbref.com/en/comps/1/2026/defense/2026-FIFA-World-Cup-Stats
FIFA World Cup,2026,Marwan Attia,Egypt,MF,434,,3,,,8,1,2,0,https://web.archive.org/web/20260717103842/https://fbref.com/en/comps/1/2026/defense/2026-FIFA-World-Cup-Stats
FIFA World Cup,2026,Mohamed Abdelmonem,Egypt,DF,14,,0,,,1,0,0,0,https://web.archive.org/web/20260717103842/https://fbref.com/en/comps/1/2026/defense/2026-FIFA-World-Cup-Stats
FIFA World Cup,2026,Mohamed Hany,Egypt,DF,480,,9,,,2,1,0,0,https://web.archive.org/web/20260717103842/https://fbref.com/en/comps/1/2026/defense/2026-FIFA-World-Cup-Stats
FIFA World Cup,2026,Mohamed Salah,Egypt,"FW,MF",425,,0,,,5,13,0,0,https://web.archive.org/web/20260717103842/https://fbref.com/en/comps/1/2026/defense/2026-FIFA-World-Cup-Stats
FIFA World Cup,2026,Mohanad Lasheen,Egypt,MF,359,,11,,,5,3,2,0,https://web.archive.org/web/20260717103842/https://fbref.com/en/comps/1/2026/defense/2026-FIFA-World-Cup-Stats
FIFA World Cup,2026,Mostafa Shobeir,Egypt,GK,480,,0,,,0,5,1,0,https://web.archive.org/web/20260717103842/https://fbref.com/en/comps/1/2026/defense/2026-FIFA-World-Cup-Stats
FIFA World Cup,2026,Mostafa Ziko,Egypt,"FW,MF",370,,4,,,6,5,0,0,https://web.archive.org/web/20260717103842/https://fbref.com/en/comps/1/2026/defense/2026-FIFA-World-Cup-Stats
FIFA World Cup,2026,Omar Marmoush,Egypt,"FW,MF",326,,3,,,3,8,0,0,https://web.archive.org/web/20260717103842/https://fbref.com/en/comps/1/2026/defense/2026-FIFA-World-Cup-Stats
FIFA World Cup,2026,Ramy Rabia,Egypt,DF,372,,5,,,3,2,0,0,https://web.archive.org/web/20260717103842/https://fbref.com/en/comps/1/2026/defense/2026-FIFA-World-Cup-Stats
FIFA World Cup,2026,Trézéguet,Egypt,MF,164,,0,,,3,2,0,0,https://web.archive.org/web/20260717103842/https://fbref.com/en/comps/1/2026/defense/2026-FIFA-World-Cup-Stats
FIFA World Cup,2026,Yasser Ibrahim,Egypt,DF,467,,6,,,6,3,2,0,https://web.archive.org/web/20260717103842/https://fbref.com/en/comps/1/2026/defense/2026-FIFA-World-Cup-Stats
FIFA World Cup,2026,Zizo,Egypt,MF,56,,1,,,2,1,0,0,https://web.archive.org/web/20260717103842/https://fbref.com/en/comps/1/2026/defense/2026-FIFA-World-Cup-Stats
FIFA World Cup,2026,Anthony Gordon,England,MF,396,,3,,,4,10,0,0,https://web.archive.org/web/20260717103842/https://fbref.com/en/comps/1/2026/defense/2026-FIFA-World-Cup-Stats
FIFA World Cup,2026,Bukayo Saka,England,MF,268,,6,,,4,7,0,0,https://web.archive.org/web/20260717103842/https://fbref.com/en/comps/1/2026/defense/2026-FIFA-World-Cup-Stats
FIFA World Cup,2026,Dan Burn,England,DF,35,,0,,,1,0,0,0,https://web.archive.org/web/20260717103842/https://fbref.com/en/comps/1/2026/defense/2026-FIFA-World-Cup-Stats
FIFA World Cup,2026,Declan Rice,England,MF,467,,1,,,3,0,2,0,https://web.archive.org/web/20260717103842/https://fbref.com/en/comps/1/2026/defense/2026-FIFA-World-Cup-Stats
FIFA World Cup,2026,Djed Spence,England,DF,314,,8,,,1,3,0,0,https://web.archive.org/web/20260717103842/https://fbref.com/en/comps/1/2026/defense/2026-FIFA-World-Cup-Stats
FIFA World Cup,2026,Eberechi Eze,England,"FW,MF",133,,0,,,1,3,0,0,https://web.archive.org/web/20260717103842/https://fbref.com/en/comps/1/2026/defense/2026-FIFA-World-Cup-Stats
FIFA World Cup,2026,Elliot Anderson,England,MF,620,,17,,,9,13,1,0,https://web.archive.org/web/20260717103842/https://fbref.com/en/comps/1/2026/defense/2026-FIFA-World-Cup-Stats
FIFA World Cup,2026,Ezri Konsa,England,DF,557,,3,,,7,11,0,0,https://web.archive.org/web/20260717103842/https://fbref.com/en/comps/1/2026/defense/2026-FIFA-World-Cup-Stats
FIFA World Cup,2026,Harry Kane,England,FW,652,,3,,,8,9,0,0,https://web.archive.org/web/20260717103842/https://fbref.com/en/comps/1/2026/defense/2026-FIFA-World-Cup-Stats
FIFA World Cup,2026,Ivan Toney,England,FW,1,,0,,,0,0,0,0,https://web.archive.org/web/20260717103842/https://fbref.com/en/comps/1/2026/defense/2026-FIFA-World-Cup-Stats
FIFA World Cup,2026,Jarell Quansah,England,DF,115,,0,,,1,0,1,1,https://web.archive.org/web/20260717103842/https://fbref.com/en/comps/1/2026/defense/2026-FIFA-World-Cup-Stats
FIFA World Cup,2026,John Stones,England,DF,330,,0,,,1,1,0,0,https://web.archive.org/web/20260717103842/https://fbref.com/en/comps/1/2026/defense/2026-FIFA-World-Cup-Stats
FIFA World Cup,2026,Jordan Henderson,England,MF,7,,1,,,0,1,1,0,https://web.archive.org/web/20260717103842/https://fbref.com/en/comps/1/2026/defense/2026-FIFA-World-Cup-Stats
FIFA World Cup,2026,Jordan Pickford,England,GK,660,,0,,,0,4,0,0,https://web.archive.org/web/20260717103842/https://fbref.com/en/comps/1/2026/defense/2026-FIFA-World-Cup-Stats
FIFA World Cup,2026,Jude Bellingham,England,MF,602,,10,,,9,16,1,0,https://web.archive.org/web/20260717103842/https://fbref.com/en/comps/1/2026/defense/2026-FIFA-World-Cup-Stats
FIFA World Cup,2026,Marc Guéhi,England,DF,574,,0,,,3,12,1,0,https://web.archive.org/web/20260717103842/https://fbref.com/en/comps/1/2026/defense/2026-FIFA-World-Cup-Stats
FIFA World Cup,2026,Marcus Rashford,England,MF,178,,2,,,5,1,0,0,https://web.archive.org/web/20260717103842/https://fbref.com/en/comps/1/2026/defense/2026-FIFA-World-Cup-Stats
FIFA World Cup,2026,Morgan Rogers,England,MF,249,,3,,,5,3,0,0,https://web.archive.org/web/20260717103842/https://fbref.com/en/comps/1/2026/defense/2026-FIFA-World-Cup-Stats
FIFA World Cup,2026,Nico O'Reilly,England,DF,461,,3,,,6,4,1,0,https://web.archive.org/web/20260717103842/https://fbref.com/en/comps/1/2026/defense/2026-FIFA-World-Cup-Stats
FIFA World Cup,2026,Noni Madueke,England,MF,286,,4,,,2,3,0,0,https://web.archive.org/web/20260717103842/https://fbref.com/en/comps/1/2026/defense/2026-FIFA-World-Cup-Stats
FIFA World Cup,2026,Ollie Watkins,England,"FW,MF",7,,0,,,0,0,0,0,https://web.archive.org/web/20260717103842/https://fbref.com/en/comps/1/2026/defense/2026-FIFA-World-Cup-Stats
FIFA World Cup,2026,Reece James,England,DF,311,,2,,,3,1,0,0,https://web.archive.org/web/20260717103842/https://fbref.com/en/comps/1/2026/defense/2026-FIFA-World-Cup-Stats
FIFA World Cup,2026,Adrien Rabiot,France,MF,495,,5,,,11,3,1,0,https://web.archive.org/web/20260717103842/https://fbref.com/en/comps/1/2026/defense/2026-FIFA-World-Cup-Stats
FIFA World Cup,2026,Aurélien Tchouaméni,France,MF,360,,14,,,4,3,1,0,https://web.archive.org/web/20260717103842/https://fbref.com/en/comps/1/2026/defense/2026-FIFA-World-Cup-Stats
FIFA World Cup,2026,Bradley Barcola,France,MF,339,,3,,,3,1,1,0,https://web.archive.org/web/20260717103842/https://fbref.com/en/comps/1/2026/defense/2026-FIFA-World-Cup-Stats
FIFA World Cup,2026,Dayot Upamecano,France,DF,615,,11,,,6,4,0,0,https://web.archive.org/web/20260717103842/https://fbref.com/en/comps/1/2026/defense/2026-FIFA-World-Cup-Stats
FIFA World Cup,2026,Désiré Doué,France,MF,355,,6,,,3,6,0,0,https://web.archive.org/web/20260717103842/https://fbref.com/en/comps/1/2026/defense/2026-FIFA-World-Cup-Stats
FIFA World Cup,2026,Ibrahima Konaté,France,DF,15,,0,,,0,0,0,0,https://web.archive.org/web/20260717103842/https://fbref.com/en/comps/1/2026/defense/2026-FIFA-World-Cup-Stats
FIFA World Cup,2026,Jean-Philippe Mateta,France,FW,24,,0,,,1,0,0,0,https://web.archive.org/web/20260717103842/https://fbref.com/en/comps/1/2026/defense/2026-FIFA-World-Cup-Stats
FIFA World Cup,2026,Jules Koundé,France,DF,598,,8,,,6,5,0,0,https://web.archive.org/web/20260717103842/https://fbref.com/en/comps/1/2026/defense/2026-FIFA-World-Cup-Stats
FIFA World Cup,2026,Kylian Mbappé,France,FW,605,,1,,,6,8,1,0,https://web.archive.org/web/20260717103842/https://fbref.com/en/comps/1/2026/defense/2026-FIFA-World-Cup-Stats
FIFA World Cup,2026,Lucas Digne,France,DF,418,,3,,,5,2,0,0,https://web.archive.org/web/20260717103842/https://fbref.com/en/comps/1/2026/defense/2026-FIFA-World-Cup-Stats
FIFA World Cup,2026,Maghnes Akliouche,France,MF,8,,0,,,0,0,0,0,https://web.archive.org/web/20260717103842/https://fbref.com/en/comps/1/2026/defense/2026-FIFA-World-Cup-Stats
FIFA World Cup,2026,Malo Gusto,France,"DF,MF",32,,0,,,2,0,0,0,https://web.archive.org/web/20260717103842/https://fbref.com/en/comps/1/2026/defense/2026-FIFA-World-Cup-Stats
FIFA World Cup,2026,Manu Koné,France,MF,385,,5,,,6,7,1,0,https://web.archive.org/web/20260717103842/https://fbref.com/en/comps/1/2026/defense/2026-FIFA-World-Cup-Stats
FIFA World Cup,2026,Marcus Thuram,France,"FW,MF",1,,0,,,0,0,0,0,https://web.archive.org/web/20260717103842/https://fbref.com/en/comps/1/2026/defense/2026-FIFA-World-Cup-Stats
FIFA World Cup,2026,Maxence Lacroix,France,DF,151,,1,,,4,0,0,0,https://web.archive.org/web/20260717103842/https://fbref.com/en/comps/1/2026/defense/2026-FIFA-World-Cup-Stats
FIFA World Cup,2026,Michael Olise,France,MF,556,,6,,,4,16,1,0,https://web.archive.org/web/20260717103842/https://fbref.com/en/comps/1/2026/defense/2026-FIFA-World-Cup-Stats
FIFA World Cup,2026,Mike Maignan,France,GK,630,,0,,,0,2,0,0,https://web.archive.org/web/20260717103842/https://fbref.com/en/comps/1/2026/defense/2026-FIFA-World-Cup-Stats
FIFA World Cup,2026,Ousmane Dembélé,France,MF,547,,2,,,0,3,0,0,https://web.archive.org/web/20260717103842/https://fbref.com/en/comps/1/2026/defense/2026-FIFA-World-Cup-Stats
FIFA World Cup,2026,Rayan Cherki,France,"FW,MF",85,,1,,,2,1,0,0,https://web.archive.org/web/20260717103842/https://fbref.com/en/comps/1/2026/defense/2026-FIFA-World-Cup-Stats
FIFA World Cup,2026,Theo Hernández,France,DF,212,,1,,,2,4,0,0,https://web.archive.org/web/20260717103842/https://fbref.com/en/comps/1/2026/defense/2026-FIFA-World-Cup-Stats
FIFA World Cup,2026,Warren Zaïre-Emery,France,"DF,MF",20,,0,,,1,0,0,0,https://web.archive.org/web/20260717103842/https://fbref.com/en/comps/1/2026/defense/2026-FIFA-World-Cup-Stats
FIFA World Cup,2026,William Saliba,France,DF,479,,0,,,4,0,0,0,https://web.archive.org/web/20260717103842/https://fbref.com/en/comps/1/2026/defense/2026-FIFA-World-Cup-Stats
FIFA World Cup,2026,Aleksandar Pavlovic,Germany,MF,272,,3,,,13,4,1,0,https://web.archive.org/web/20260717103842/https://fbref.com/en/comps/1/2026/defense/2026-FIFA-World-Cup-Stats
FIFA World Cup,2026,Angelo Stiller,Germany,MF,45,,1,,,0,0,0,0,https://web.archive.org/web/20260717103842/https://fbref.com/en/comps/1/2026/defense/2026-FIFA-World-Cup-Stats
FIFA World Cup,2026,Antonio Rüdiger,Germany,DF,262,,0,,,1,0,0,0,https://web.archive.org/web/20260717103842/https://fbref.com/en/comps/1/2026/defense/2026-FIFA-World-Cup-Stats
FIFA World Cup,2026,David Raum,Germany,DF,108,,1,,,2,0,0,0,https://web.archive.org/web/20260717103842/https://fbref.com/en/comps/1/2026/defense/2026-FIFA-World-Cup-Stats
FIFA World Cup,2026,Deniz Undav,Germany,FW,151,,0,,,3,0,0,0,https://web.archive.org/web/20260717103842/https://fbref.com/en/comps/1/2026/defense/2026-FIFA-World-Cup-Stats
FIFA World Cup,2026,Felix Nmecha,Germany,MF,270,,9,,,3,3,0,0,https://web.archive.org/web/20260717103842/https://fbref.com/en/comps/1/2026/defense/2026-FIFA-World-Cup-Stats
FIFA World Cup,2026,Florian Wirtz,Germany,MF,361,,6,,,1,3,0,0,https://web.archive.org/web/20260717103842/https://fbref.com/en/comps/1/2026/defense/2026-FIFA-World-Cup-Stats
FIFA World Cup,2026,Jamal Musiala,Germany,MF,270,,5,,,5,11,1,0,https://web.archive.org/web/20260717103842/https://fbref.com/en/comps/1/2026/defense/2026-FIFA-World-Cup-Stats
FIFA World Cup,2026,Jamie Leweling,Germany,"FW,MF",31,,0,,,0,0,0,0,https://web.archive.org/web/20260717103842/https://fbref.com/en/comps/1/2026/defense/2026-FIFA-World-Cup-Stats
FIFA World Cup,2026,Jonathan Tah,Germany,DF,372,,3,,,5,1,0,0,https://web.archive.org/web/20260717103842/https://fbref.com/en/comps/1/2026/defense/2026-FIFA-World-Cup-Stats
FIFA World Cup,2026,Joshua Kimmich,Germany,DF,351,,4,,,0,7,0,0,https://web.archive.org/web/20260717103842/https://fbref.com/en/comps/1/2026/defense/2026-FIFA-World-Cup-Stats
FIFA World Cup,2026,Kai Havertz,Germany,FW,353,,2,,,3,4,1,0,https://web.archive.org/web/20260717103842/https://fbref.com/en/comps/1/2026/defense/2026-FIFA-World-Cup-Stats
FIFA World Cup,2026,Leon Goretzka,Germany,MF,99,,1,,,0,0,0,0,https://web.archive.org/web/20260717103842/https://fbref.com/en/comps/1/2026/defense/2026-FIFA-World-Cup-Stats
FIFA World Cup,2026,Leroy Sané,Germany,MF,326,,3,,,3,2,0,0,https://web.archive.org/web/20260717103842/https://fbref.com/en/comps/1/2026/defense/2026-FIFA-World-Cup-Stats
FIFA World Cup,2026,Malick Thiaw,Germany,"DF,MF",42,,2,,,1,1,0,0,https://web.archive.org/web/20260717103842/https://fbref.com/en/comps/1/2026/defense/2026-FIFA-World-Cup-Stats
FIFA World Cup,2026,Manuel Neuer,Germany,GK,390,,0,,,0,2,0,0,https://web.archive.org/web/20260717103842/https://fbref.com/en/comps/1/2026/defense/2026-FIFA-World-Cup-Stats
FIFA World Cup,2026,Maximilian Beier,Germany,"FW,MF",27,,0,,,1,1,0,0,https://web.archive.org/web/20260717103842/https://fbref.com/en/comps/1/2026/defense/2026-FIFA-World-Cup-Stats
FIFA World Cup,2026,Nadiem Amiri,Germany,MF,42,,1,,,0,0,0,0,https://web.archive.org/web/20260717103842/https://fbref.com/en/comps/1/2026/defense/2026-FIFA-World-Cup-Stats
FIFA World Cup,2026,Nathaniel Brown,Germany,DF,282,,6,,,4,1,0,0,https://web.archive.org/web/20260717103842/https://fbref.com/en/comps/1/2026/defense/2026-FIFA-World-Cup-Stats
FIFA World Cup,2026,Nick Woltemade,Germany,"FW,MF",33,,1,,,0,0,0,0,https://web.archive.org/web/20260717103842/https://fbref.com/en/comps/1/2026/defense/2026-FIFA-World-Cup-Stats
FIFA World Cup,2026,Nico Schlotterbeck,Germany,DF,135,,2,,,2,1,0,0,https://web.archive.org/web/20260717103842/https://fbref.com/en/comps/1/2026/defense/2026-FIFA-World-Cup-Stats
FIFA World Cup,2026,Pascal Groß,Germany,"DF,MF",18,,2,,,1,0,0,0,https://web.archive.org/web/20260717103842/https://fbref.com/en/comps/1/2026/defense/2026-FIFA-World-Cup-Stats
FIFA World Cup,2026,Waldemar Anton,Germany,"DF,MF",50,,1,,,3,1,0,0,https://web.archive.org/web/20260717103842/https://fbref.com/en/comps/1/2026/defense/2026-FIFA-World-Cup-Stats
FIFA World Cup,2026,Abdul Fatawu Issahaku,Ghana,"FW,MF",132,,0,,,1,7,1,0,https://web.archive.org/web/20260717103842/https://fbref.com/en/comps/1/2026/defense/2026-FIFA-World-Cup-Stats
FIFA World Cup,2026,Abdul Rahman Baba,Ghana,"DF,MF",1,,0,,,0,0,0,0,https://web.archive.org/web/20260717103842/https://fbref.com/en/comps/1/2026/defense/2026-FIFA-World-Cup-Stats
FIFA World Cup,2026,Alidu Seidu,Ghana,DF,78,,1,,,1,0,1,0,https://web.archive.org/web/20260717103842/https://fbref.com/en/comps/1/2026/defense/2026-FIFA-World-Cup-Stats
FIFA World Cup,2026,Antoine Semenyo,Ghana,"MF,FW",360,,2,,,6,4,0,0,https://web.archive.org/web/20260717103842/https://fbref.com/en/comps/1/2026/defense/2026-FIFA-World-Cup-Stats
FIFA World Cup,2026,Benjamin Asare,Ghana,GK,225,,0,,,0,1,0,0,https://web.archive.org/web/20260717103842/https://fbref.com/en/comps/1/2026/defense/2026-FIFA-World-Cup-Stats
FIFA World Cup,2026,Brandon Thomas-Asante,Ghana,"FW,MF",53,,0,,,0,1,0,0,https://web.archive.org/web/20260717103842/https://fbref.com/en/comps/1/2026/defense/2026-FIFA-World-Cup-Stats
FIFA World Cup,2026,Caleb Yirenkyi,Ghana,MF,264,,1,,,7,3,2,0,https://web.archive.org/web/20260717103842/https://fbref.com/en/comps/1/2026/defense/2026-FIFA-World-Cup-Stats
FIFA World Cup,2026,Derrick Luckassen,Ghana,DF,180,,1,,,1,2,0,0,https://web.archive.org/web/20260717103842/https://fbref.com/en/comps/1/2026/defense/2026-FIFA-World-Cup-Stats
FIFA World Cup,2026,Elisha Owusu,Ghana,MF,151,,3,,,2,0,0,0,https://web.archive.org/web/20260717103842/https://fbref.com/en/comps/1/2026/defense/2026-FIFA-World-Cup-Stats
FIFA World Cup,2026,Ernest Nuamah,Ghana,MF,89,,1,,,2,2,0,0,https://web.archive.org/web/20260717103842/https://fbref.com/en/comps/1/2026/defense/2026-FIFA-World-Cup-Stats
FIFA World Cup,2026,Gideon Mensah,Ghana,DF,360,,5,,,2,3,0,0,https://web.archive.org/web/20260717103842/https://fbref.com/en/comps/1/2026/defense/2026-FIFA-World-Cup-Stats
FIFA World Cup,2026,Iñaki Williams,Ghana,"MF,FW",126,,0,,,2,1,1,0,https://web.archive.org/web/20260717103842/https://fbref.com/en/comps/1/2026/defense/2026-FIFA-World-Cup-Stats
FIFA World Cup,2026,Jerome Opoku,Ghana,DF,270,,2,,,2,4,0,0,https://web.archive.org/web/20260717103842/https://fbref.com/en/comps/1/2026/defense/2026-FIFA-World-Cup-Stats
FIFA World Cup,2026,Jonas Adjetey,Ghana,DF,225,,3,,,1,0,0,0,https://web.archive.org/web/20260717103842/https://fbref.com/en/comps/1/2026/defense/2026-FIFA-World-Cup-Stats
FIFA World Cup,2026,Jordan Ayew,Ghana,FW,300,,3,,,7,7,0,0,https://web.archive.org/web/20260717103842/https://fbref.com/en/comps/1/2026/defense/2026-FIFA-World-Cup-Stats
FIFA World Cup,2026,Kamaldeen Sulemana,Ghana,"MF,FW",127,,2,,,2,1,0,0,https://web.archive.org/web/20260717103842/https://fbref.com/en/comps/1/2026/defense/2026-FIFA-World-Cup-Stats
FIFA World Cup,2026,Kojo Peprah Oppong,Ghana,DF,49,,0,,,1,0,1,0,https://web.archive.org/web/20260717103842/https://fbref.com/en/comps/1/2026/defense/2026-FIFA-World-Cup-Stats
FIFA World Cup,2026,Kwasi Sibo,Ghana,MF,248,,0,,,7,1,0,0,https://web.archive.org/web/20260717103842/https://fbref.com/en/comps/1/2026/defense/2026-FIFA-World-Cup-Stats
FIFA World Cup,2026,Lawrence Ati-Zigi,Ghana,GK,135,,0,,,0,1,0,0,https://web.archive.org/web/20260717103842/https://fbref.com/en/comps/1/2026/defense/2026-FIFA-World-Cup-Stats
FIFA World Cup,2026,Marvin Senaya,Ghana,DF,278,,12,,,6,4,0,0,https://web.archive.org/web/20260717103842/https://fbref.com/en/comps/1/2026/defense/2026-FIFA-World-Cup-Stats
FIFA World Cup,2026,Prince Kwabena Adu,Ghana,FW,39,,0,,,4,0,0,0,https://web.archive.org/web/20260717103842/https://fbref.com/en/comps/1/2026/defense/2026-FIFA-World-Cup-Stats
FIFA World Cup,2026,Thomas Partey,Ghana,MF,270,,4,,,2,5,0,0,https://web.archive.org/web/20260717103842/https://fbref.com/en/comps/1/2026/defense/2026-FIFA-World-Cup-Stats
FIFA World Cup,2026,Carlens Arcus,Haiti,"MF,DF",146,,3,,,5,3,1,0,https://web.archive.org/web/20260717103842/https://fbref.com/en/comps/1/2026/defense/2026-FIFA-World-Cup-Stats
FIFA World Cup,2026,Danley Jean-Jacques,Haiti,MF,259,,6,,,5,3,1,0,https://web.archive.org/web/20260717103842/https://fbref.com/en/comps/1/2026/defense/2026-FIFA-World-Cup-Stats
FIFA World Cup,2026,Derrick Etienne,Haiti,"FW,MF",10,,0,,,0,0,0,0,https://web.archive.org/web/20260717103842/https://fbref.com/en/comps/1/2026/defense/2026-FIFA-World-Cup-Stats
FIFA World Cup,2026,Dominique Simon,Haiti,MF,56,,1,,,1,1,0,0,https://web.archive.org/web/20260717103842/https://fbref.com/en/comps/1/2026/defense/2026-FIFA-World-Cup-Stats
FIFA World Cup,2026,Duckens Nazon,Haiti,"FW,MF",24,,0,,,0,1,1,0,https://web.archive.org/web/20260717103842/https://fbref.com/en/comps/1/2026/defense/2026-FIFA-World-Cup-Stats
FIFA World Cup,2026,Frantzdy Pierrot,Haiti,FW,143,,0,,,5,4,1,0,https://web.archive.org/web/20260717103842/https://fbref.com/en/comps/1/2026/defense/2026-FIFA-World-Cup-Stats
FIFA World Cup,2026,Hannes Delcroix,Haiti,DF,270,,3,,,1,2,0,0,https://web.archive.org/web/20260717103842/https://fbref.com/en/comps/1/2026/defense/2026-FIFA-World-Cup-Stats
FIFA World Cup,2026,Jean-Kevin Duverne,Haiti,DF,169,,2,,,2,1,0,0,https://web.archive.org/web/20260717103842/https://fbref.com/en/comps/1/2026/defense/2026-FIFA-World-Cup-Stats
FIFA World Cup,2026,Jean-Ricner Bellegarde,Haiti,MF,260,,2,,,4,5,1,0,https://web.archive.org/web/20260717103842/https://fbref.com/en/comps/1/2026/defense/2026-FIFA-World-Cup-Stats
FIFA World Cup,2026,Johny Placide,Haiti,GK,270,,0,,,0,0,1,0,https://web.archive.org/web/20260717103842/https://fbref.com/en/comps/1/2026/defense/2026-FIFA-World-Cup-Stats
FIFA World Cup,2026,Josué Casimir,Haiti,MF,182,,0,,,4,4,1,0,https://web.archive.org/web/20260717103842/https://fbref.com/en/comps/1/2026/defense/2026-FIFA-World-Cup-Stats
FIFA World Cup,2026,Lenny Joseph,Haiti,FW,117,,0,,,6,1,0,0,https://web.archive.org/web/20260717103842/https://fbref.com/en/comps/1/2026/defense/2026-FIFA-World-Cup-Stats
FIFA World Cup,2026,Louicius Deedson,Haiti,MF,112,,0,,,3,1,0,0,https://web.archive.org/web/20260717103842/https://fbref.com/en/comps/1/2026/defense/2026-FIFA-World-Cup-Stats
FIFA World Cup,2026,Martin Expérience,Haiti,"DF,MF",270,,6,,,7,6,0,0,https://web.archive.org/web/20260717103842/https://fbref.com/en/comps/1/2026/defense/2026-FIFA-World-Cup-Stats
FIFA World Cup,2026,Ricardo Adé,Haiti,DF,270,,2,,,6,4,0,0,https://web.archive.org/web/20260717103842/https://fbref.com/en/comps/1/2026/defense/2026-FIFA-World-Cup-Stats
FIFA World Cup,2026,Ruben Providence,Haiti,MF,220,,2,,,3,5,0,0,https://web.archive.org/web/20260717103842/https://fbref.com/en/comps/1/2026/defense/2026-FIFA-World-Cup-Stats
FIFA World Cup,2026,Wilson Isidor,Haiti,FW,186,,1,,,3,2,0,0,https://web.archive.org/web/20260717103842/https://fbref.com/en/comps/1/2026/defense/2026-FIFA-World-Cup-Stats
FIFA World Cup,2026,Yassin Fortuné,Haiti,"FW,MF",6,,0,,,0,1,0,0,https://web.archive.org/web/20260717103842/https://fbref.com/en/comps/1/2026/defense/2026-FIFA-World-Cup-Stats
FIFA World Cup,2026,Ali Alipour,Iran,FW,38,,1,,,1,1,0,0,https://web.archive.org/web/20260717103842/https://fbref.com/en/comps/1/2026/defense/2026-FIFA-World-Cup-Stats
FIFA World Cup,2026,Ali Nemati,Iran,DF,270,,2,,,3,0,1,0,https://web.archive.org/web/20260717103842/https://fbref.com/en/comps/1/2026/defense/2026-FIFA-World-Cup-Stats
FIFA World Cup,2026,Alireza Beiranvand,Iran,GK,270,,0,,,0,1,0,0,https://web.archive.org/web/20260717103842/https://fbref.com/en/comps/1/2026/defense/2026-FIFA-World-Cup-Stats
FIFA World Cup,2026,Alireza Jahanbakhsh,Iran,"FW,MF",46,,1,,,2,0,0,0,https://web.archive.org/web/20260717103842/https://fbref.com/en/comps/1/2026/defense/2026-FIFA-World-Cup-Stats
FIFA World Cup,2026,Amirhossein Hosseinzadeh,Iran,FW,17,,2,,,0,0,0,0,https://web.archive.org/web/20260717103842/https://fbref.com/en/comps/1/2026/defense/2026-FIFA-World-Cup-Stats
FIFA World Cup,2026,Aria Yousefi,Iran,MF,45,,0,,,0,1,0,0,https://web.archive.org/web/20260717103842/https://fbref.com/en/comps/1/2026/defense/2026-FIFA-World-Cup-Stats
FIFA World Cup,2026,Ehsan Hajsafi,Iran,DF,91,,0,,,2,1,1,0,https://web.archive.org/web/20260717103842/https://fbref.com/en/comps/1/2026/defense/2026-FIFA-World-Cup-Stats
FIFA World Cup,2026,Hossein Kanaanizadegan,Iran,DF,135,,0,,,1,0,1,0,https://web.archive.org/web/20260717103842/https://fbref.com/en/comps/1/2026/defense/2026-FIFA-World-Cup-Stats
FIFA World Cup,2026,Mehdi Ghayedi,Iran,FW,45,,0,,,2,1,0,0,https://web.archive.org/web/20260717103842/https://fbref.com/en/comps/1/2026/defense/2026-FIFA-World-Cup-Stats
FIFA World Cup,2026,Mehdi Taremi,Iran,FW,259,,2,,,3,5,0,0,https://web.archive.org/web/20260717103842/https://fbref.com/en/comps/1/2026/defense/2026-FIFA-World-Cup-Stats
FIFA World Cup,2026,Mehdi Torabi,Iran,MF,25,,0,,,0,0,0,0,https://web.archive.org/web/20260717103842/https://fbref.com/en/comps/1/2026/defense/2026-FIFA-World-Cup-Stats
FIFA World Cup,2026,Milad Mohammadi,Iran,DF,205,,4,,,1,1,0,0,https://web.archive.org/web/20260717103842/https://fbref.com/en/comps/1/2026/defense/2026-FIFA-World-Cup-Stats
FIFA World Cup,2026,Mohammad Ghorbani,Iran,MF,90,,2,,,2,1,0,0,https://web.archive.org/web/20260717103842/https://fbref.com/en/comps/1/2026/defense/2026-FIFA-World-Cup-Stats
FIFA World Cup,2026,Mohammad Mohebi,Iran,MF,244,,1,,,1,1,0,0,https://web.archive.org/web/20260717103842/https://fbref.com/en/comps/1/2026/defense/2026-FIFA-World-Cup-Stats
FIFA World Cup,2026,Ramin Rezaeian,Iran,"DF,MF",270,,5,,,2,3,0,0,https://web.archive.org/web/20260717103842/https://fbref.com/en/comps/1/2026/defense/2026-FIFA-World-Cup-Stats
FIFA World Cup,2026,Saeid Ezatolahi,Iran,MF,264,,5,,,7,4,2,0,https://web.archive.org/web/20260717103842/https://fbref.com/en/comps/1/2026/defense/2026-FIFA-World-Cup-Stats
FIFA World Cup,2026,Saleh Hardani,Iran,DF,90,,2,,,0,2,0,0,https://web.archive.org/web/20260717103842/https://fbref.com/en/comps/1/2026/defense/2026-FIFA-World-Cup-Stats
FIFA World Cup,2026,Saman Ghoddos,Iran,MF,208,,4,,,3,0,0,0,https://web.archive.org/web/20260717103842/https://fbref.com/en/comps/1/2026/defense/2026-FIFA-World-Cup-Stats
FIFA World Cup,2026,Shahriar Moghanlou,Iran,FW,88,,2,,,1,1,0,0,https://web.archive.org/web/20260717103842/https://fbref.com/en/comps/1/2026/defense/2026-FIFA-World-Cup-Stats
FIFA World Cup,2026,Shoja' Khalilzadeh,Iran,DF,270,,3,,,4,0,1,0,https://web.archive.org/web/20260717103842/https://fbref.com/en/comps/1/2026/defense/2026-FIFA-World-Cup-Stats
FIFA World Cup,2026,Ahmed Basil,Iraq,GK,135,,0,,,0,1,0,0,https://web.archive.org/web/20260717103842/https://fbref.com/en/comps/1/2026/defense/2026-FIFA-World-Cup-Stats
FIFA World Cup,2026,Ahmed Maknzi,Iraq,DF,33,,2,,,0,0,0,0,https://web.archive.org/web/20260717103842/https://fbref.com/en/comps/1/2026/defense/2026-FIFA-World-Cup-Stats
FIFA World Cup,2026,Ahmed Qasem,Iraq,"MF,FW",123,,0,,,0,1,0,0,https://web.archive.org/web/20260717103842/https://fbref.com/en/comps/1/2026/defense/2026-FIFA-World-Cup-Stats
FIFA World Cup,2026,Aimar Sher,Iraq,MF,23,,0,,,0,0,0,0,https://web.archive.org/web/20260717103842/https://fbref.com/en/comps/1/2026/defense/2026-FIFA-World-Cup-Stats
FIFA World Cup,2026,Akam Hashim,Iraq,DF,270,,1,,,0,3,0,0,https://web.archive.org/web/20260717103842/https://fbref.com/en/comps/1/2026/defense/2026-FIFA-World-Cup-Stats
FIFA World Cup,2026,Ali Al Hamadi,Iraq,FW,180,,2,,,1,5,0,0,https://web.archive.org/web/20260717103842/https://fbref.com/en/comps/1/2026/defense/2026-FIFA-World-Cup-Stats
FIFA World Cup,2026,Ali Jasim,Iraq,MF,129,,1,,,1,0,0,0,https://web.archive.org/web/20260717103842/https://fbref.com/en/comps/1/2026/defense/2026-FIFA-World-Cup-Stats
FIFA World Cup,2026,Ali Yousif,Iraq,FW,33,,1,,,1,0,0,0,https://web.archive.org/web/20260717103842/https://fbref.com/en/comps/1/2026/defense/2026-FIFA-World-Cup-Stats
FIFA World Cup,2026,Amir Al Ammari,Iraq,MF,247,,1,,,3,0,2,0,https://web.archive.org/web/20260717103842/https://fbref.com/en/comps/1/2026/defense/2026-FIFA-World-Cup-Stats
FIFA World Cup,2026,Ayman Hussein,Iraq,FW,115,,0,,,2,1,0,0,https://web.archive.org/web/20260717103842/https://fbref.com/en/comps/1/2026/defense/2026-FIFA-World-Cup-Stats
FIFA World Cup,2026,Frans Dhia Putros,Iraq,DF,90,,2,,,2,0,0,0,https://web.archive.org/web/20260717103842/https://fbref.com/en/comps/1/2026/defense/2026-FIFA-World-Cup-Stats
FIFA World Cup,2026,Hussein Ali,Iraq,DF,162,,2,,,1,0,0,0,https://web.archive.org/web/20260717103842/https://fbref.com/en/comps/1/2026/defense/2026-FIFA-World-Cup-Stats
FIFA World Cup,2026,Ibrahim Bayesh,Iraq,"MF,FW",235,,4,,,3,5,0,0,https://web.archive.org/web/20260717103842/https://fbref.com/en/comps/1/2026/defense/2026-FIFA-World-Cup-Stats
FIFA World Cup,2026,Jalal Hassan,Iraq,GK,135,,0,,,0,1,0,0,https://web.archive.org/web/20260717103842/https://fbref.com/en/comps/1/2026/defense/2026-FIFA-World-Cup-Stats
FIFA World Cup,2026,Kevin Yakob,Iraq,MF,24,,0,,,1,0,0,0,https://web.archive.org/web/20260717103842/https://fbref.com/en/comps/1/2026/defense/2026-FIFA-World-Cup-Stats
FIFA World Cup,2026,Manaf Younis,Iraq,DF,75,,1,,,0,0,0,0,https://web.archive.org/web/20260717103842/https://fbref.com/en/comps/1/2026/defense/2026-FIFA-World-Cup-Stats
FIFA World Cup,2026,Marko Farji,Iraq,MF,54,,1,,,0,2,0,0,https://web.archive.org/web/20260717103842/https://fbref.com/en/comps/1/2026/defense/2026-FIFA-World-Cup-Stats
FIFA World Cup,2026,Merchas Doski,Iraq,DF,270,,9,,,3,8,1,0,https://web.archive.org/web/20260717103842/https://fbref.com/en/comps/1/2026/defense/2026-FIFA-World-Cup-Stats
FIFA World Cup,2026,Mohanad Ali,Iraq,FW,13,,0,,,0,0,0,0,https://web.archive.org/web/20260717103842/https://fbref.com/en/comps/1/2026/defense/2026-FIFA-World-Cup-Stats
FIFA World Cup,2026,Mustafa Saadoon,Iraq,DF,18,,1,,,2,0,0,0,https://web.archive.org/web/20260717103842/https://fbref.com/en/comps/1/2026/defense/2026-FIFA-World-Cup-Stats
FIFA World Cup,2026,Rebin Sulaka,Iraq,DF,43,,0,,,1,0,0,1,https://web.archive.org/web/20260717103842/https://fbref.com/en/comps/1/2026/defense/2026-FIFA-World-Cup-Stats
FIFA World Cup,2026,Youssef Amyn,Iraq,MF,31,,0,,,0,0,0,0,https://web.archive.org/web/20260717103842/https://fbref.com/en/comps/1/2026/defense/2026-FIFA-World-Cup-Stats
FIFA World Cup,2026,Zaid Ismail,Iraq,MF,117,,4,,,2,0,0,0,https://web.archive.org/web/20260717103842/https://fbref.com/en/comps/1/2026/defense/2026-FIFA-World-Cup-Stats
FIFA World Cup,2026,Zaid Tahseen,Iraq,DF,149,,1,,,3,2,1,0,https://web.archive.org/web/20260717103842/https://fbref.com/en/comps/1/2026/defense/2026-FIFA-World-Cup-Stats
FIFA World Cup,2026,Zidane Iqbal,Iraq,MF,188,,2,,,1,2,0,0,https://web.archive.org/web/20260717103842/https://fbref.com/en/comps/1/2026/defense/2026-FIFA-World-Cup-Stats
FIFA World Cup,2026,Amad Diallo,Ivory Coast,"MF,FW",185,,4,,,0,2,0,0,https://web.archive.org/web/20260717103842/https://fbref.com/en/comps/1/2026/defense/2026-FIFA-World-Cup-Stats
FIFA World Cup,2026,Ange-Yoan Bonny,Ivory Coast,FW,234,,2,,,1,3,0,0,https://web.archive.org/web/20260717103842/https://fbref.com/en/comps/1/2026/defense/2026-FIFA-World-Cup-Stats
FIFA World Cup,2026,Bazoumana Touré,Ivory Coast,MF,80,,1,,,0,1,0,0,https://web.archive.org/web/20260717103842/https://fbref.com/en/comps/1/2026/defense/2026-FIFA-World-Cup-Stats
FIFA World Cup,2026,Christ Inao Oulaï,Ivory Coast,MF,208,,4,,,3,5,0,0,https://web.archive.org/web/20260717103842/https://fbref.com/en/comps/1/2026/defense/2026-FIFA-World-Cup-Stats
FIFA World Cup,2026,Christopher Opéri,Ivory Coast,DF,90,,2,,,2,0,0,0,https://web.archive.org/web/20260717103842/https://fbref.com/en/comps/1/2026/defense/2026-FIFA-World-Cup-Stats
FIFA World Cup,2026,Elye Wahi,Ivory Coast,FW,110,,1,,,0,0,0,0,https://web.archive.org/web/20260717103842/https://fbref.com/en/comps/1/2026/defense/2026-FIFA-World-Cup-Stats
FIFA World Cup,2026,Emmanuel Agbadou,Ivory Coast,DF,270,,6,,,0,0,0,0,https://web.archive.org/web/20260717103842/https://fbref.com/en/comps/1/2026/defense/2026-FIFA-World-Cup-Stats
FIFA World Cup,2026,Evann Guessand,Ivory Coast,"FW,MF",17,,0,,,1,0,0,0,https://web.archive.org/web/20260717103842/https://fbref.com/en/comps/1/2026/defense/2026-FIFA-World-Cup-Stats
FIFA World Cup,2026,Franck Kessié,Ivory Coast,MF,346,,4,,,7,2,1,0,https://web.archive.org/web/20260717103842/https://fbref.com/en/comps/1/2026/defense/2026-FIFA-World-Cup-Stats
FIFA World Cup,2026,Ghislain Konan,Ivory Coast,DF,269,,3,,,0,1,0,0,https://web.archive.org/web/20260717103842/https://fbref.com/en/comps/1/2026/defense/2026-FIFA-World-Cup-Stats
FIFA World Cup,2026,Guéla Doué,Ivory Coast,DF,277,,5,,,6,5,1,0,https://web.archive.org/web/20260717103842/https://fbref.com/en/comps/1/2026/defense/2026-FIFA-World-Cup-Stats
FIFA World Cup,2026,Ibrahim Sangaré,Ivory Coast,MF,268,,5,,,2,4,0,0,https://web.archive.org/web/20260717103842/https://fbref.com/en/comps/1/2026/defense/2026-FIFA-World-Cup-Stats
FIFA World Cup,2026,Jean Seri,Ivory Coast,MF,14,,1,,,0,0,0,0,https://web.archive.org/web/20260717103842/https://fbref.com/en/comps/1/2026/defense/2026-FIFA-World-Cup-Stats
FIFA World Cup,2026,Nicolas Pépé,Ivory Coast,FW,234,,0,,,1,1,1,0,https://web.archive.org/web/20260717103842/https://fbref.com/en/comps/1/2026/defense/2026-FIFA-World-Cup-Stats
FIFA World Cup,2026,Odilon Kossounou,Ivory Coast,DF,272,,3,,,0,1,0,0,https://web.archive.org/web/20260717103842/https://fbref.com/en/comps/1/2026/defense/2026-FIFA-World-Cup-Stats
FIFA World Cup,2026,Oumar Diakité,Ivory Coast,FW,28,,1,,,0,0,0,0,https://web.archive.org/web/20260717103842/https://fbref.com/en/comps/1/2026/defense/2026-FIFA-World-Cup-Stats
FIFA World Cup,2026,Ousmane Diomande,Ivory Coast,DF,90,,0,,,0,0,0,0,https://web.archive.org/web/20260717103842/https://fbref.com/en/comps/1/2026/defense/2026-FIFA-World-Cup-Stats
FIFA World Cup,2026,Seko Fofana,Ivory Coast,MF,92,,0,,,1,0,1,0,https://web.archive.org/web/20260717103842/https://fbref.com/en/comps/1/2026/defense/2026-FIFA-World-Cup-Stats
FIFA World Cup,2026,Simon Adingra,Ivory Coast,"FW,MF",16,,0,,,0,0,0,0,https://web.archive.org/web/20260717103842/https://fbref.com/en/comps/1/2026/defense/2026-FIFA-World-Cup-Stats
FIFA World Cup,2026,Wilfried Singo,Ivory Coast,DF,171,,0,,,3,1,0,0,https://web.archive.org/web/20260717103842/https://fbref.com/en/comps/1/2026/defense/2026-FIFA-World-Cup-Stats
FIFA World Cup,2026,Yahia Fofana,Ivory Coast,GK,360,,0,,,0,3,0,0,https://web.archive.org/web/20260717103842/https://fbref.com/en/comps/1/2026/defense/2026-FIFA-World-Cup-Stats
FIFA World Cup,2026,Yan Diomandé,Ivory Coast,"MF,FW",329,,6,,,2,7,0,0,https://web.archive.org/web/20260717103842/https://fbref.com/en/comps/1/2026/defense/2026-FIFA-World-Cup-Stats
FIFA World Cup,2026,Ao Tanaka,Japan,MF,193,,6,,,6,2,0,0,https://web.archive.org/web/20260717103842/https://fbref.com/en/comps/1/2026/defense/2026-FIFA-World-Cup-Stats
FIFA World Cup,2026,Ayase Ueda,Japan,FW,321,,1,,,6,4,0,0,https://web.archive.org/web/20260717103842/https://fbref.com/en/comps/1/2026/defense/2026-FIFA-World-Cup-Stats
FIFA World Cup,2026,Ayumu Seko,Japan,DF,86,,1,,,1,0,0,0,https://web.archive.org/web/20260717103842/https://fbref.com/en/comps/1/2026/defense/2026-FIFA-World-Cup-Stats
FIFA World Cup,2026,Daichi Kamada,Japan,MF,329,,3,,,2,4,1,0,https://web.archive.org/web/20260717103842/https://fbref.com/en/comps/1/2026/defense/2026-FIFA-World-Cup-Stats
FIFA World Cup,2026,Daizen Maeda,Japan,MF,244,,3,,,2,1,0,0,https://web.archive.org/web/20260717103842/https://fbref.com/en/comps/1/2026/defense/2026-FIFA-World-Cup-Stats
FIFA World Cup,2026,Hiroki Ito,Japan,DF,360,,2,,,7,0,0,0,https://web.archive.org/web/20260717103842/https://fbref.com/en/comps/1/2026/defense/2026-FIFA-World-Cup-Stats
FIFA World Cup,2026,Junnosuke Suzuki,Japan,DF,43,,0,,,2,0,1,0,https://web.archive.org/web/20260717103842/https://fbref.com/en/comps/1/2026/defense/2026-FIFA-World-Cup-Stats
FIFA World Cup,2026,Junya Itō,Japan,MF,216,,2,,,2,5,0,0,https://web.archive.org/web/20260717103842/https://fbref.com/en/comps/1/2026/defense/2026-FIFA-World-Cup-Stats
FIFA World Cup,2026,Kaishū Sano,Japan,MF,270,,2,,,4,1,1,0,https://web.archive.org/web/20260717103842/https://fbref.com/en/comps/1/2026/defense/2026-FIFA-World-Cup-Stats
FIFA World Cup,2026,Keisuke Gotō,Japan,FW,7,,1,,,0,1,0,0,https://web.archive.org/web/20260717103842/https://fbref.com/en/comps/1/2026/defense/2026-FIFA-World-Cup-Stats
FIFA World Cup,2026,Keito Nakamura,Japan,MF,307,,3,,,3,1,0,0,https://web.archive.org/web/20260717103842/https://fbref.com/en/comps/1/2026/defense/2026-FIFA-World-Cup-Stats
FIFA World Cup,2026,Kento Shiogai,Japan,FW,7,,0,,,0,0,0,0,https://web.archive.org/web/20260717103842/https://fbref.com/en/comps/1/2026/defense/2026-FIFA-World-Cup-Stats
FIFA World Cup,2026,Ko Itakura,Japan,DF,128,,0,,,1,0,0,0,https://web.archive.org/web/20260717103842/https://fbref.com/en/comps/1/2026/defense/2026-FIFA-World-Cup-Stats
FIFA World Cup,2026,Kōki Ogawa,Japan,FW,42,,0,,,1,0,0,0,https://web.archive.org/web/20260717103842/https://fbref.com/en/comps/1/2026/defense/2026-FIFA-World-Cup-Stats
FIFA World Cup,2026,Ritsu Doan,Japan,MF,278,,1,,,6,4,0,0,https://web.archive.org/web/20260717103842/https://fbref.com/en/comps/1/2026/defense/2026-FIFA-World-Cup-Stats
FIFA World Cup,2026,Shogo Taniguchi,Japan,DF,232,,0,,,2,1,1,0,https://web.archive.org/web/20260717103842/https://fbref.com/en/comps/1/2026/defense/2026-FIFA-World-Cup-Stats
FIFA World Cup,2026,Shuto Machino,Japan,FW,13,,0,,,1,0,0,0,https://web.archive.org/web/20260717103842/https://fbref.com/en/comps/1/2026/defense/2026-FIFA-World-Cup-Stats
FIFA World Cup,2026,Takefusa Kubo,Japan,MF,74,,0,,,1,1,0,0,https://web.archive.org/web/20260717103842/https://fbref.com/en/comps/1/2026/defense/2026-FIFA-World-Cup-Stats
FIFA World Cup,2026,Takehiro Tomiyasu,Japan,DF,184,,1,,,5,2,0,0,https://web.archive.org/web/20260717103842/https://fbref.com/en/comps/1/2026/defense/2026-FIFA-World-Cup-Stats
FIFA World Cup,2026,Tsuyoshi Watanabe,Japan,DF,90,,2,,,0,1,0,0,https://web.archive.org/web/20260717103842/https://fbref.com/en/comps/1/2026/defense/2026-FIFA-World-Cup-Stats
FIFA World Cup,2026,Yuito Suzuki,Japan,"FW,MF",12,,1,,,0,0,0,0,https://web.archive.org/web/20260717103842/https://fbref.com/en/comps/1/2026/defense/2026-FIFA-World-Cup-Stats
FIFA World Cup,2026,Yukinari Sugawara,Japan,MF,148,,3,,,3,1,0,0,https://web.archive.org/web/20260717103842/https://fbref.com/en/comps/1/2026/defense/2026-FIFA-World-Cup-Stats
FIFA World Cup,2026,Yūto Nagatomo,Japan,"DF,MF",16,,0,,,0,0,0,0,https://web.archive.org/web/20260717103842/https://fbref.com/en/comps/1/2026/defense/2026-FIFA-World-Cup-Stats
FIFA World Cup,2026,Zion Suzuki,Japan,GK,360,,0,,,0,1,0,0,https://web.archive.org/web/20260717103842/https://fbref.com/en/comps/1/2026/defense/2026-FIFA-World-Cup-Stats
FIFA World Cup,2026,Abdallah Nasib,Jordan,DF,260,,3,,,1,1,0,0,https://web.archive.org/web/20260717103842/https://fbref.com/en/comps/1/2026/defense/2026-FIFA-World-Cup-Stats
FIFA World Cup,2026,Ali Azaizeh,Jordan,MF,54,,3,,,1,1,0,0,https://web.archive.org/web/20260717103842/https://fbref.com/en/comps/1/2026/defense/2026-FIFA-World-Cup-Stats
FIFA World Cup,2026,Ali Olwan,Jordan,MF,268,,0,,,1,4,0,0,https://web.archive.org/web/20260717103842/https://fbref.com/en/comps/1/2026/defense/2026-FIFA-World-Cup-Stats
FIFA World Cup,2026,Amer Jamous,Jordan,MF,15,,0,,,1,0,0,0,https://web.archive.org/web/20260717103842/https://fbref.com/en/comps/1/2026/defense/2026-FIFA-World-Cup-Stats
FIFA World Cup,2026,Husam Abu Dahab,Jordan,DF,178,,3,,,2,1,1,0,https://web.archive.org/web/20260717103842/https://fbref.com/en/comps/1/2026/defense/2026-FIFA-World-Cup-Stats
FIFA World Cup,2026,Ihsan Haddad,Jordan,DF,260,,1,,,3,1,0,0,https://web.archive.org/web/20260717103842/https://fbref.com/en/comps/1/2026/defense/2026-FIFA-World-Cup-Stats
FIFA World Cup,2026,Mahmoud Al-Mardi,Jordan,MF,130,,1,,,4,2,0,0,https://web.archive.org/web/20260717103842/https://fbref.com/en/comps/1/2026/defense/2026-FIFA-World-Cup-Stats
FIFA World Cup,2026,Mo Abualnadi,Jordan,DF,71,,0,,,0,0,0,0,https://web.archive.org/web/20260717103842/https://fbref.com/en/comps/1/2026/defense/2026-FIFA-World-Cup-Stats
FIFA World Cup,2026,Mohammad Abu Hasheesh,Jordan,DF,6,,2,,,0,0,0,0,https://web.archive.org/web/20260717103842/https://fbref.com/en/comps/1/2026/defense/2026-FIFA-World-Cup-Stats
FIFA World Cup,2026,Mohammad Al-Dawud,Jordan,"FW,MF",3,,0,,,0,0,0,0,https://web.archive.org/web/20260717103842/https://fbref.com/en/comps/1/2026/defense/2026-FIFA-World-Cup-Stats
FIFA World Cup,2026,Mohannad Abu Taha,Jordan,DF,264,,2,,,2,1,1,0,https://web.archive.org/web/20260717103842/https://fbref.com/en/comps/1/2026/defense/2026-FIFA-World-Cup-Stats
FIFA World Cup,2026,Musa Al-Taamari,Jordan,FW,215,,0,,,2,3,0,0,https://web.archive.org/web/20260717103842/https://fbref.com/en/comps/1/2026/defense/2026-FIFA-World-Cup-Stats
FIFA World Cup,2026,Nizar Al Rashdan,Jordan,MF,255,,5,,,5,4,0,0,https://web.archive.org/web/20260717103842/https://fbref.com/en/comps/1/2026/defense/2026-FIFA-World-Cup-Stats
FIFA World Cup,2026,Noor Al Rawabdeh,Jordan,MF,270,,7,,,1,0,0,0,https://web.archive.org/web/20260717103842/https://fbref.com/en/comps/1/2026/defense/2026-FIFA-World-Cup-Stats
FIFA World Cup,2026,Odeh Al-Fakhouri,Jordan,"MF,FW",148,,1,,,2,3,0,0,https://web.archive.org/web/20260717103842/https://fbref.com/en/comps/1/2026/defense/2026-FIFA-World-Cup-Stats
FIFA World Cup,2026,Saed Al-Rosan,Jordan,DF,10,,0,,,0,0,0,0,https://web.archive.org/web/20260717103842/https://fbref.com/en/comps/1/2026/defense/2026-FIFA-World-Cup-Stats
FIFA World Cup,2026,Salim Obaid,Jordan,DF,21,,2,,,1,0,0,0,https://web.archive.org/web/20260717103842/https://fbref.com/en/comps/1/2026/defense/2026-FIFA-World-Cup-Stats
FIFA World Cup,2026,Sharara,Jordan,FW,2,,0,,,1,0,1,0,https://web.archive.org/web/20260717103842/https://fbref.com/en/comps/1/2026/defense/2026-FIFA-World-Cup-Stats
FIFA World Cup,2026,Yazan Al-Arab,Jordan,DF,270,,1,,,4,0,1,0,https://web.archive.org/web/20260717103842/https://fbref.com/en/comps/1/2026/defense/2026-FIFA-World-Cup-Stats
FIFA World Cup,2026,Yazeed Abulaila,Jordan,GK,270,,0,,,0,0,0,0,https://web.archive.org/web/20260717103842/https://fbref.com/en/comps/1/2026/defense/2026-FIFA-World-Cup-Stats
FIFA World Cup,2026,Alexis Vega,Mexico,"FW,MF",12,,0,,,0,0,0,0,https://web.archive.org/web/20260717103842/https://fbref.com/en/comps/1/2026/defense/2026-FIFA-World-Cup-Stats
FIFA World Cup,2026,Armando González,Mexico,FW,15,,0,,,1,0,0,0,https://web.archive.org/web/20260717103842/https://fbref.com/en/comps/1/2026/defense/2026-FIFA-World-Cup-Stats
FIFA World Cup,2026,Brian Gutiérrez,Mexico,MF,198,,1,,,5,3,1,0,https://web.archive.org/web/20260717103842/https://fbref.com/en/comps/1/2026/defense/2026-FIFA-World-Cup-Stats
FIFA World Cup,2026,César Huerta,Mexico,"FW,MF",7,,0,,,0,0,0,0,https://web.archive.org/web/20260717103842/https://fbref.com/en/comps/1/2026/defense/2026-FIFA-World-Cup-Stats
FIFA World Cup,2026,César Montes,Mexico,DF,314,,1,,,4,3,0,1,https://web.archive.org/web/20260717103842/https://fbref.com/en/comps/1/2026/defense/2026-FIFA-World-Cup-Stats
FIFA World Cup,2026,Edson Álvarez,Mexico,"MF,DF",240,,6,,,5,2,1,0,https://web.archive.org/web/20260717103842/https://fbref.com/en/comps/1/2026/defense/2026-FIFA-World-Cup-Stats
FIFA World Cup,2026,Erik Lira,Mexico,MF,345,,3,,,3,4,0,0,https://web.archive.org/web/20260717103842/https://fbref.com/en/comps/1/2026/defense/2026-FIFA-World-Cup-Stats
FIFA World Cup,2026,Gilberto Mora,Mexico,MF,213,,2,,,3,3,0,0,https://web.archive.org/web/20260717103842/https://fbref.com/en/comps/1/2026/defense/2026-FIFA-World-Cup-Stats
FIFA World Cup,2026,Guillermo Martínez Ayala,Mexico,FW,72,,0,,,3,1,0,0,https://web.archive.org/web/20260717103842/https://fbref.com/en/comps/1/2026/defense/2026-FIFA-World-Cup-Stats
FIFA World Cup,2026,Guillermo Ochoa,Mexico,GK,13,,0,,,0,0,0,0,https://web.archive.org/web/20260717103842/https://fbref.com/en/comps/1/2026/defense/2026-FIFA-World-Cup-Stats
FIFA World Cup,2026,Israel Reyes,Mexico,DF,202,,1,,,1,0,0,0,https://web.archive.org/web/20260717103842/https://fbref.com/en/comps/1/2026/defense/2026-FIFA-World-Cup-Stats
FIFA World Cup,2026,Jesús Gallardo,Mexico,DF,373,,1,,,7,3,0,0,https://web.archive.org/web/20260717103842/https://fbref.com/en/comps/1/2026/defense/2026-FIFA-World-Cup-Stats
FIFA World Cup,2026,Johan Vásquez,Mexico,DF,360,,1,,,0,2,1,0,https://web.archive.org/web/20260717103842/https://fbref.com/en/comps/1/2026/defense/2026-FIFA-World-Cup-Stats
FIFA World Cup,2026,Jorge Sánchez,Mexico,DF,348,,4,,,5,1,1,0,https://web.archive.org/web/20260717103842/https://fbref.com/en/comps/1/2026/defense/2026-FIFA-World-Cup-Stats
FIFA World Cup,2026,Julián Quiñones,Mexico,"FW,MF",410,,0,,,5,7,0,0,https://web.archive.org/web/20260717103842/https://fbref.com/en/comps/1/2026/defense/2026-FIFA-World-Cup-Stats
FIFA World Cup,2026,Luis Chávez,Mexico,MF,25,,1,,,1,0,0,0,https://web.archive.org/web/20260717103842/https://fbref.com/en/comps/1/2026/defense/2026-FIFA-World-Cup-Stats
FIFA World Cup,2026,Luis Romo,Mexico,MF,264,,4,,,1,3,0,0,https://web.archive.org/web/20260717103842/https://fbref.com/en/comps/1/2026/defense/2026-FIFA-World-Cup-Stats
FIFA World Cup,2026,Mateo Chávez,Mexico,DF,77,,1,,,1,1,0,0,https://web.archive.org/web/20260717103842/https://fbref.com/en/comps/1/2026/defense/2026-FIFA-World-Cup-Stats
FIFA World Cup,2026,Obed Vargas,Mexico,MF,66,,2,,,1,0,0,0,https://web.archive.org/web/20260717103842/https://fbref.com/en/comps/1/2026/defense/2026-FIFA-World-Cup-Stats
FIFA World Cup,2026,Orbelín Pineda,Mexico,"FW,MF",31,,0,,,0,2,0,0,https://web.archive.org/web/20260717103842/https://fbref.com/en/comps/1/2026/defense/2026-FIFA-World-Cup-Stats
FIFA World Cup,2026,Raúl Jiménez,Mexico,FW,317,,1,,,7,2,0,0,https://web.archive.org/web/20260717103842/https://fbref.com/en/comps/1/2026/defense/2026-FIFA-World-Cup-Stats
FIFA World Cup,2026,Raúl Rangel,Mexico,GK,437,,0,,,1,0,0,0,https://web.archive.org/web/20260717103842/https://fbref.com/en/comps/1/2026/defense/2026-FIFA-World-Cup-Stats
FIFA World Cup,2026,Roberto Alvarado,Mexico,"FW,MF",428,,3,,,3,5,0,0,https://web.archive.org/web/20260717103842/https://fbref.com/en/comps/1/2026/defense/2026-FIFA-World-Cup-Stats
FIFA World Cup,2026,Santiago Giménez,Mexico,FW,86,,0,,,1,3,0,0,https://web.archive.org/web/20260717103842/https://fbref.com/en/comps/1/2026/defense/2026-FIFA-World-Cup-Stats
FIFA World Cup,2026,Álvaro Fidalgo,Mexico,MF,96,,0,,,0,2,0,0,https://web.archive.org/web/20260717103842/https://fbref.com/en/comps/1/2026/defense/2026-FIFA-World-Cup-Stats
FIFA World Cup,2026,Achraf Hakimi,Morocco,DF,570,,10,,,7,16,1,0,https://web.archive.org/web/20260717103842/https://fbref.com/en/comps/1/2026/defense/2026-FIFA-World-Cup-Stats
FIFA World Cup,2026,Amine Sbai,Morocco,"FW,MF",6,,0,,,2,0,0,0,https://web.archive.org/web/20260717103842/https://fbref.com/en/comps/1/2026/defense/2026-FIFA-World-Cup-Stats
FIFA World Cup,2026,Anass Salah-Eddine,Morocco,DF,212,,5,,,3,2,0,0,https://web.archive.org/web/20260717103842/https://fbref.com/en/comps/1/2026/defense/2026-FIFA-World-Cup-Stats
FIFA World Cup,2026,Ayoub El Kaabi,Morocco,FW,69,,2,,,1,1,0,0,https://web.archive.org/web/20260717103842/https://fbref.com/en/comps/1/2026/defense/2026-FIFA-World-Cup-Stats
FIFA World Cup,2026,Ayoube Amaimouni,Morocco,MF,18,,1,,,1,0,0,0,https://web.archive.org/web/20260717103842/https://fbref.com/en/comps/1/2026/defense/2026-FIFA-World-Cup-Stats
FIFA World Cup,2026,Ayyoub Bouaddi,Morocco,MF,381,,3,,,3,6,0,0,https://web.archive.org/web/20260717103842/https://fbref.com/en/comps/1/2026/defense/2026-FIFA-World-Cup-Stats
FIFA World Cup,2026,Azzedine Ounahi,Morocco,MF,435,,1,,,3,7,1,0,https://web.archive.org/web/20260717103842/https://fbref.com/en/comps/1/2026/defense/2026-FIFA-World-Cup-Stats
FIFA World Cup,2026,Bilal El Khannouss,Morocco,"MF,FW",461,,7,,,5,6,1,0,https://web.archive.org/web/20260717103842/https://fbref.com/en/comps/1/2026/defense/2026-FIFA-World-Cup-Stats
FIFA World Cup,2026,Brahim Díaz,Morocco,MF,457,,2,,,3,10,0,0,https://web.archive.org/web/20260717103842/https://fbref.com/en/comps/1/2026/defense/2026-FIFA-World-Cup-Stats
FIFA World Cup,2026,Chadi Riad,Morocco,DF,344,,1,,,0,1,0,0,https://web.archive.org/web/20260717103842/https://fbref.com/en/comps/1/2026/defense/2026-FIFA-World-Cup-Stats
FIFA World Cup,2026,Chemsdine Talbi,Morocco,MF,179,,2,,,0,1,0,0,https://web.archive.org/web/20260717103842/https://fbref.com/en/comps/1/2026/defense/2026-FIFA-World-Cup-Stats
FIFA World Cup,2026,Gessime Yassine,Morocco,MF,80,,2,,,2,3,0,0,https://web.archive.org/web/20260717103842/https://fbref.com/en/comps/1/2026/defense/2026-FIFA-World-Cup-Stats
FIFA World Cup,2026,Ismael Saibari,Morocco,FW,381,,2,,,8,3,0,0,https://web.archive.org/web/20260717103842/https://fbref.com/en/comps/1/2026/defense/2026-FIFA-World-Cup-Stats
FIFA World Cup,2026,Issa Diop,Morocco,DF,476,,1,,,4,1,3,0,https://web.archive.org/web/20260717103842/https://fbref.com/en/comps/1/2026/defense/2026-FIFA-World-Cup-Stats
FIFA World Cup,2026,Marwane Saâdane,Morocco,"DF,MF",4,,0,,,0,1,0,0,https://web.archive.org/web/20260717103842/https://fbref.com/en/comps/1/2026/defense/2026-FIFA-World-Cup-Stats
FIFA World Cup,2026,Neil El Aynaoui,Morocco,MF,562,,9,,,15,7,0,0,https://web.archive.org/web/20260717103842/https://fbref.com/en/comps/1/2026/defense/2026-FIFA-World-Cup-Stats
FIFA World Cup,2026,Noussair Mazraoui,Morocco,DF,477,,8,,,4,6,0,0,https://web.archive.org/web/20260717103842/https://fbref.com/en/comps/1/2026/defense/2026-FIFA-World-Cup-Stats
FIFA World Cup,2026,Redouane Halhal,Morocco,DF,180,,1,,,3,5,1,0,https://web.archive.org/web/20260717103842/https://fbref.com/en/comps/1/2026/defense/2026-FIFA-World-Cup-Stats
FIFA World Cup,2026,Samir El Mourabet,Morocco,MF,81,,1,,,0,1,0,0,https://web.archive.org/web/20260717103842/https://fbref.com/en/comps/1/2026/defense/2026-FIFA-World-Cup-Stats
FIFA World Cup,2026,Sofyan Amrabat,Morocco,MF,147,,1,,,4,2,0,0,https://web.archive.org/web/20260717103842/https://fbref.com/en/comps/1/2026/defense/2026-FIFA-World-Cup-Stats
FIFA World Cup,2026,Soufiane Rahimi,Morocco,FW,163,,2,,,5,6,0,0,https://web.archive.org/web/20260717103842/https://fbref.com/en/comps/1/2026/defense/2026-FIFA-World-Cup-Stats
FIFA World Cup,2026,Yassine Bounou,Morocco,GK,570,,0,,,0,4,0,0,https://web.archive.org/web/20260717103842/https://fbref.com/en/comps/1/2026/defense/2026-FIFA-World-Cup-Stats
FIFA World Cup,2026,Zakaria El Ouahdi,Morocco,"DF,MF",17,,0,,,1,1,0,0,https://web.archive.org/web/20260717103842/https://fbref.com/en/comps/1/2026/defense/2026-FIFA-World-Cup-Stats
FIFA World Cup,2026,Bart Verbruggen,Netherlands,GK,390,,0,,,0,0,0,0,https://web.archive.org/web/20260717103842/https://fbref.com/en/comps/1/2026/defense/2026-FIFA-World-Cup-Stats
FIFA World Cup,2026,Brian Brobbey,Netherlands,FW,223,,1,,,4,3,0,0,https://web.archive.org/web/20260717103842/https://fbref.com/en/comps/1/2026/defense/2026-FIFA-World-Cup-Stats
FIFA World Cup,2026,Cody Gakpo,Netherlands,FW,368,,1,,,3,3,0,0,https://web.archive.org/web/20260717103842/https://fbref.com/en/comps/1/2026/defense/2026-FIFA-World-Cup-Stats
FIFA World Cup,2026,Crysencio Summerville,Netherlands,FW,253,,2,,,2,5,1,0,https://web.archive.org/web/20260717103842/https://fbref.com/en/comps/1/2026/defense/2026-FIFA-World-Cup-Stats
FIFA World Cup,2026,Denzel Dumfries,Netherlands,"DF,MF",390,,6,,,6,3,0,0,https://web.archive.org/web/20260717103842/https://fbref.com/en/comps/1/2026/defense/2026-FIFA-World-Cup-Stats
FIFA World Cup,2026,Donyell Malen,Netherlands,FW,185,,0,,,0,2,0,0,https://web.archive.org/web/20260717103842/https://fbref.com/en/comps/1/2026/defense/2026-FIFA-World-Cup-Stats
FIFA World Cup,2026,Frenkie de Jong,Netherlands,MF,328,,7,,,6,6,0,0,https://web.archive.org/web/20260717103842/https://fbref.com/en/comps/1/2026/defense/2026-FIFA-World-Cup-Stats
FIFA World Cup,2026,Guus Til,Netherlands,"FW,MF",32,,0,,,0,0,0,0,https://web.archive.org/web/20260717103842/https://fbref.com/en/comps/1/2026/defense/2026-FIFA-World-Cup-Stats
FIFA World Cup,2026,Jan Paul van Hecke,Netherlands,DF,390,,3,,,4,2,0,0,https://web.archive.org/web/20260717103842/https://fbref.com/en/comps/1/2026/defense/2026-FIFA-World-Cup-Stats
FIFA World Cup,2026,Jorrel Hato,Netherlands,DF,35,,0,,,0,0,0,0,https://web.archive.org/web/20260717103842/https://fbref.com/en/comps/1/2026/defense/2026-FIFA-World-Cup-Stats
FIFA World Cup,2026,Justin Kluivert,Netherlands,"FW,MF",27,,0,,,0,2,0,0,https://web.archive.org/web/20260717103842/https://fbref.com/en/comps/1/2026/defense/2026-FIFA-World-Cup-Stats
FIFA World Cup,2026,Marten de Roon,Netherlands,"DF,MF",11,,0,,,0,0,0,0,https://web.archive.org/web/20260717103842/https://fbref.com/en/comps/1/2026/defense/2026-FIFA-World-Cup-Stats
FIFA World Cup,2026,Memphis,Netherlands,"FW,MF",54,,0,,,1,1,1,0,https://web.archive.org/web/20260717103842/https://fbref.com/en/comps/1/2026/defense/2026-FIFA-World-Cup-Stats
FIFA World Cup,2026,Micky van de Ven,Netherlands,"DF,MF",265,,3,,,5,1,1,0,https://web.archive.org/web/20260717103842/https://fbref.com/en/comps/1/2026/defense/2026-FIFA-World-Cup-Stats
FIFA World Cup,2026,Nathan Aké,Netherlands,DF,170,,0,,,2,2,0,0,https://web.archive.org/web/20260717103842/https://fbref.com/en/comps/1/2026/defense/2026-FIFA-World-Cup-Stats
FIFA World Cup,2026,Noa Lang,Netherlands,"FW,MF",8,,0,,,0,1,0,0,https://web.archive.org/web/20260717103842/https://fbref.com/en/comps/1/2026/defense/2026-FIFA-World-Cup-Stats
FIFA World Cup,2026,Quinten Timber,Netherlands,MF,55,,0,,,0,2,0,0,https://web.archive.org/web/20260717103842/https://fbref.com/en/comps/1/2026/defense/2026-FIFA-World-Cup-Stats
FIFA World Cup,2026,Ryan Gravenberch,Netherlands,MF,345,,1,,,5,3,0,0,https://web.archive.org/web/20260717103842/https://fbref.com/en/comps/1/2026/defense/2026-FIFA-World-Cup-Stats
FIFA World Cup,2026,Teun Koopmeiners,Netherlands,"DF,MF",122,,1,,,3,0,0,0,https://web.archive.org/web/20260717103842/https://fbref.com/en/comps/1/2026/defense/2026-FIFA-World-Cup-Stats
FIFA World Cup,2026,Tijjani Reijnders,Netherlands,MF,199,,0,,,0,3,0,0,https://web.archive.org/web/20260717103842/https://fbref.com/en/comps/1/2026/defense/2026-FIFA-World-Cup-Stats
FIFA World Cup,2026,Virgil van Dijk,Netherlands,DF,390,,1,,,2,2,0,0,https://web.archive.org/web/20260717103842/https://fbref.com/en/comps/1/2026/defense/2026-FIFA-World-Cup-Stats
FIFA World Cup,2026,Wout Weghorst,Netherlands,FW,50,,1,,,1,2,0,0,https://web.archive.org/web/20260717103842/https://fbref.com/en/comps/1/2026/defense/2026-FIFA-World-Cup-Stats
FIFA World Cup,2026,Ben Old,New Zealand,MF,93,,0,,,0,1,0,0,https://web.archive.org/web/20260717103842/https://fbref.com/en/comps/1/2026/defense/2026-FIFA-World-Cup-Stats
FIFA World Cup,2026,Callan Elliot,New Zealand,DF,13,,1,,,0,0,0,0,https://web.archive.org/web/20260717103842/https://fbref.com/en/comps/1/2026/defense/2026-FIFA-World-Cup-Stats
FIFA World Cup,2026,Callum McCowatt,New Zealand,MF,159,,1,,,4,1,1,0,https://web.archive.org/web/20260717103842/https://fbref.com/en/comps/1/2026/defense/2026-FIFA-World-Cup-Stats
FIFA World Cup,2026,Chris Wood,New Zealand,FW,270,,1,,,2,1,0,0,https://web.archive.org/web/20260717103842/https://fbref.com/en/comps/1/2026/defense/2026-FIFA-World-Cup-Stats
FIFA World Cup,2026,Elijah Just,New Zealand,MF,264,,3,,,3,2,1,0,https://web.archive.org/web/20260717103842/https://fbref.com/en/comps/1/2026/defense/2026-FIFA-World-Cup-Stats
FIFA World Cup,2026,Finn Surman,New Zealand,DF,270,,1,,,4,2,0,0,https://web.archive.org/web/20260717103842/https://fbref.com/en/comps/1/2026/defense/2026-FIFA-World-Cup-Stats
FIFA World Cup,2026,Francis de Vries,New Zealand,DF,18,,0,,,0,0,0,0,https://web.archive.org/web/20260717103842/https://fbref.com/en/comps/1/2026/defense/2026-FIFA-World-Cup-Stats
FIFA World Cup,2026,Jesse Randall,New Zealand,MF,61,,0,,,0,1,0,0,https://web.archive.org/web/20260717103842/https://fbref.com/en/comps/1/2026/defense/2026-FIFA-World-Cup-Stats
FIFA World Cup,2026,Joe Bell,New Zealand,MF,243,,2,,,3,0,0,0,https://web.archive.org/web/20260717103842/https://fbref.com/en/comps/1/2026/defense/2026-FIFA-World-Cup-Stats
FIFA World Cup,2026,Liberato Cacace,New Zealand,DF,220,,2,,,1,5,0,0,https://web.archive.org/web/20260717103842/https://fbref.com/en/comps/1/2026/defense/2026-FIFA-World-Cup-Stats
FIFA World Cup,2026,Marko Stamenic,New Zealand,MF,269,,1,,,4,0,1,0,https://web.archive.org/web/20260717103842/https://fbref.com/en/comps/1/2026/defense/2026-FIFA-World-Cup-Stats
FIFA World Cup,2026,Max Crocombe,New Zealand,GK,270,,0,,,0,1,0,0,https://web.archive.org/web/20260717103842/https://fbref.com/en/comps/1/2026/defense/2026-FIFA-World-Cup-Stats
FIFA World Cup,2026,Michael Boxall,New Zealand,DF,207,,1,,,2,2,0,0,https://web.archive.org/web/20260717103842/https://fbref.com/en/comps/1/2026/defense/2026-FIFA-World-Cup-Stats
FIFA World Cup,2026,Ryan Thomas,New Zealand,MF,83,,2,,,3,3,0,0,https://web.archive.org/web/20260717103842/https://fbref.com/en/comps/1/2026/defense/2026-FIFA-World-Cup-Stats
FIFA World Cup,2026,Sarpreet Singh,New Zealand,MF,209,,1,,,2,2,1,0,https://web.archive.org/web/20260717103842/https://fbref.com/en/comps/1/2026/defense/2026-FIFA-World-Cup-Stats
FIFA World Cup,2026,Tim Payne,New Zealand,DF,224,,3,,,2,2,0,0,https://web.archive.org/web/20260717103842/https://fbref.com/en/comps/1/2026/defense/2026-FIFA-World-Cup-Stats
FIFA World Cup,2026,Tyler Bindon,New Zealand,DF,97,,2,,,2,1,0,0,https://web.archive.org/web/20260717103842/https://fbref.com/en/comps/1/2026/defense/2026-FIFA-World-Cup-Stats
FIFA World Cup,2026,Alexander Sørloth,Norway,FW,337,,1,,,6,2,0,0,https://web.archive.org/web/20260717103842/https://fbref.com/en/comps/1/2026/defense/2026-FIFA-World-Cup-Stats
FIFA World Cup,2026,Andreas Schjelderup,Norway,FW,252,,3,,,2,3,0,0,https://web.archive.org/web/20260717103842/https://fbref.com/en/comps/1/2026/defense/2026-FIFA-World-Cup-Stats
FIFA World Cup,2026,Antonio Nusa,Norway,FW,318,,2,,,1,5,1,0,https://web.archive.org/web/20260717103842/https://fbref.com/en/comps/1/2026/defense/2026-FIFA-World-Cup-Stats
FIFA World Cup,2026,David Møller Wolfe,Norway,DF,430,,3,,,7,2,0,0,https://web.archive.org/web/20260717103842/https://fbref.com/en/comps/1/2026/defense/2026-FIFA-World-Cup-Stats
FIFA World Cup,2026,Egil Selvik,Norway,GK,90,,0,,,0,0,0,0,https://web.archive.org/web/20260717103842/https://fbref.com/en/comps/1/2026/defense/2026-FIFA-World-Cup-Stats
FIFA World Cup,2026,Erling Haaland,Norway,FW,465,,0,,,5,3,0,0,https://web.archive.org/web/20260717103842/https://fbref.com/en/comps/1/2026/defense/2026-FIFA-World-Cup-Stats
FIFA World Cup,2026,Fredrik André Bjørkan,Norway,DF,45,,1,,,0,0,0,0,https://web.archive.org/web/20260717103842/https://fbref.com/en/comps/1/2026/defense/2026-FIFA-World-Cup-Stats
FIFA World Cup,2026,Fredrik Aursnes,Norway,"MF,DF",304,,8,,,5,3,0,0,https://web.archive.org/web/20260717103842/https://fbref.com/en/comps/1/2026/defense/2026-FIFA-World-Cup-Stats
FIFA World Cup,2026,Henrik Falchener,Norway,DF,65,,0,,,0,0,0,0,https://web.archive.org/web/20260717103842/https://fbref.com/en/comps/1/2026/defense/2026-FIFA-World-Cup-Stats
FIFA World Cup,2026,Jens Petter Hauge,Norway,"DF,FW",8,,0,,,0,0,0,0,https://web.archive.org/web/20260717103842/https://fbref.com/en/comps/1/2026/defense/2026-FIFA-World-Cup-Stats
FIFA World Cup,2026,Julian Ryerson,Norway,DF,223,,8,,,6,1,0,0,https://web.archive.org/web/20260717103842/https://fbref.com/en/comps/1/2026/defense/2026-FIFA-World-Cup-Stats
FIFA World Cup,2026,Jørgen Strand Larsen,Norway,FW,105,,0,,,0,2,0,0,https://web.archive.org/web/20260717103842/https://fbref.com/en/comps/1/2026/defense/2026-FIFA-World-Cup-Stats
FIFA World Cup,2026,Kristian Thorstvedt,Norway,MF,63,,1,,,2,1,0,0,https://web.archive.org/web/20260717103842/https://fbref.com/en/comps/1/2026/defense/2026-FIFA-World-Cup-Stats
FIFA World Cup,2026,Kristoffer Ajer,Norway,DF,480,,8,,,2,1,1,0,https://web.archive.org/web/20260717103842/https://fbref.com/en/comps/1/2026/defense/2026-FIFA-World-Cup-Stats
FIFA World Cup,2026,Leo Østigård,Norway,DF,146,,3,,,2,2,0,0,https://web.archive.org/web/20260717103842/https://fbref.com/en/comps/1/2026/defense/2026-FIFA-World-Cup-Stats
FIFA World Cup,2026,Marcus Pedersen,Norway,DF,236,,2,,,3,1,0,0,https://web.archive.org/web/20260717103842/https://fbref.com/en/comps/1/2026/defense/2026-FIFA-World-Cup-Stats
FIFA World Cup,2026,Martin Ødegaard,Norway,MF,470,,4,,,3,4,0,0,https://web.archive.org/web/20260717103842/https://fbref.com/en/comps/1/2026/defense/2026-FIFA-World-Cup-Stats
FIFA World Cup,2026,Morten Thorsby,Norway,MF,45,,1,,,1,0,0,0,https://web.archive.org/web/20260717103842/https://fbref.com/en/comps/1/2026/defense/2026-FIFA-World-Cup-Stats
FIFA World Cup,2026,Oscar Bobb,Norway,FW,225,,3,,,1,4,0,0,https://web.archive.org/web/20260717103842/https://fbref.com/en/comps/1/2026/defense/2026-FIFA-World-Cup-Stats
FIFA World Cup,2026,Patrick Berg,Norway,MF,445,,7,,,4,2,1,0,https://web.archive.org/web/20260717103842/https://fbref.com/en/comps/1/2026/defense/2026-FIFA-World-Cup-Stats
FIFA World Cup,2026,Sander Berge,Norway,MF,480,,4,,,6,2,0,0,https://web.archive.org/web/20260717103842/https://fbref.com/en/comps/1/2026/defense/2026-FIFA-World-Cup-Stats
FIFA World Cup,2026,Sondre Langås,Norway,DF,25,,0,,,0,0,0,0,https://web.archive.org/web/20260717103842/https://fbref.com/en/comps/1/2026/defense/2026-FIFA-World-Cup-Stats
FIFA World Cup,2026,Thelo Aasgaard,Norway,MF,90,,1,,,0,3,0,0,https://web.archive.org/web/20260717103842/https://fbref.com/en/comps/1/2026/defense/2026-FIFA-World-Cup-Stats
FIFA World Cup,2026,Torbjørn Heggem,Norway,DF,443,,7,,,2,0,0,0,https://web.archive.org/web/20260717103842/https://fbref.com/en/comps/1/2026/defense/2026-FIFA-World-Cup-Stats
FIFA World Cup,2026,Ørjan Nyland,Norway,GK,480,,0,,,0,0,0,0,https://web.archive.org/web/20260717103842/https://fbref.com/en/comps/1/2026/defense/2026-FIFA-World-Cup-Stats
FIFA World Cup,2026,Alberto Quintero,Panama,"FW,MF",3,,0,,,1,0,0,0,https://web.archive.org/web/20260717103842/https://fbref.com/en/comps/1/2026/defense/2026-FIFA-World-Cup-Stats
FIFA World Cup,2026,Andrés Andrade Cedeño,Panama,DF,270,,3,,,4,0,1,0,https://web.archive.org/web/20260717103842/https://fbref.com/en/comps/1/2026/defense/2026-FIFA-World-Cup-Stats
FIFA World Cup,2026,Aníbal Godoy,Panama,MF,1,,0,,,0,1,0,0,https://web.archive.org/web/20260717103842/https://fbref.com/en/comps/1/2026/defense/2026-FIFA-World-Cup-Stats
FIFA World Cup,2026,Azarías Londoño,Panama,MF,56,,0,,,1,0,0,0,https://web.archive.org/web/20260717103842/https://fbref.com/en/comps/1/2026/defense/2026-FIFA-World-Cup-Stats
FIFA World Cup,2026,Carlos Harvey,Panama,MF,267,,3,,,8,3,1,0,https://web.archive.org/web/20260717103842/https://fbref.com/en/comps/1/2026/defense/2026-FIFA-World-Cup-Stats
FIFA World Cup,2026,Cecilio Waterman,Panama,FW,76,,0,,,1,1,0,0,https://web.archive.org/web/20260717103842/https://fbref.com/en/comps/1/2026/defense/2026-FIFA-World-Cup-Stats
FIFA World Cup,2026,Cristian Martínez,Panama,"MF,FW",242,,4,,,5,5,0,0,https://web.archive.org/web/20260717103842/https://fbref.com/en/comps/1/2026/defense/2026-FIFA-World-Cup-Stats
FIFA World Cup,2026,César Blackman,Panama,"MF,DF",178,,0,,,2,2,1,0,https://web.archive.org/web/20260717103842/https://fbref.com/en/comps/1/2026/defense/2026-FIFA-World-Cup-Stats
FIFA World Cup,2026,Erick Davis,Panama,DF,4,,1,,,0,1,0,0,https://web.archive.org/web/20260717103842/https://fbref.com/en/comps/1/2026/defense/2026-FIFA-World-Cup-Stats
FIFA World Cup,2026,Fidel Escobar,Panama,DF,90,,2,,,1,0,0,0,https://web.archive.org/web/20260717103842/https://fbref.com/en/comps/1/2026/defense/2026-FIFA-World-Cup-Stats
FIFA World Cup,2026,Ismael Díaz,Panama,"FW,MF",37,,1,,,0,0,0,0,https://web.archive.org/web/20260717103842/https://fbref.com/en/comps/1/2026/defense/2026-FIFA-World-Cup-Stats
FIFA World Cup,2026,Jiovany Ramos,Panama,DF,166,,1,,,2,1,0,0,https://web.archive.org/web/20260717103842/https://fbref.com/en/comps/1/2026/defense/2026-FIFA-World-Cup-Stats
FIFA World Cup,2026,Jorge Gutiérrez,Panama,DF,87,,1,,,1,2,0,0,https://web.archive.org/web/20260717103842/https://fbref.com/en/comps/1/2026/defense/2026-FIFA-World-Cup-Stats
FIFA World Cup,2026,José Córdoba,Panama,DF,270,,3,,,5,1,0,0,https://web.archive.org/web/20260717103842/https://fbref.com/en/comps/1/2026/defense/2026-FIFA-World-Cup-Stats
FIFA World Cup,2026,José Fajardo,Panama,FW,155,,2,,,4,3,1,0,https://web.archive.org/web/20260717103842/https://fbref.com/en/comps/1/2026/defense/2026-FIFA-World-Cup-Stats
FIFA World Cup,2026,José Luis Rodríguez,Panama,"MF,FW",233,,3,,,4,2,0,0,https://web.archive.org/web/20260717103842/https://fbref.com/en/comps/1/2026/defense/2026-FIFA-World-Cup-Stats
FIFA World Cup,2026,Michael Amir Murillo,Panama,"DF,MF",270,,3,,,1,7,0,0,https://web.archive.org/web/20260717103842/https://fbref.com/en/comps/1/2026/defense/2026-FIFA-World-Cup-Stats
FIFA World Cup,2026,Orlando Mosquera,Panama,GK,270,,0,,,0,0,0,0,https://web.archive.org/web/20260717103842/https://fbref.com/en/comps/1/2026/defense/2026-FIFA-World-Cup-Stats
FIFA World Cup,2026,Tomás Rodríguez,Panama,FW,46,,0,,,3,1,0,0,https://web.archive.org/web/20260717103842/https://fbref.com/en/comps/1/2026/defense/2026-FIFA-World-Cup-Stats
FIFA World Cup,2026,Yoel Bárcenas,Panama,MF,249,,0,,,3,3,1,0,https://web.archive.org/web/20260717103842/https://fbref.com/en/comps/1/2026/defense/2026-FIFA-World-Cup-Stats
FIFA World Cup,2026,Alexandro Maidana,Paraguay,DF,55,,0,,,0,0,0,0,https://web.archive.org/web/20260717103842/https://fbref.com/en/comps/1/2026/defense/2026-FIFA-World-Cup-Stats
FIFA World Cup,2026,Andrés Cubas,Paraguay,MF,480,,13,,,14,3,1,0,https://web.archive.org/web/20260717103842/https://fbref.com/en/comps/1/2026/defense/2026-FIFA-World-Cup-Stats
FIFA World Cup,2026,Antonio Sanabria,Paraguay,FW,83,,2,,,1,2,0,0,https://web.archive.org/web/20260717103842/https://fbref.com/en/comps/1/2026/defense/2026-FIFA-World-Cup-Stats
FIFA World Cup,2026,Braian Ojeda,Paraguay,MF,22,,0,,,0,0,0,0,https://web.archive.org/web/20260717103842/https://fbref.com/en/comps/1/2026/defense/2026-FIFA-World-Cup-Stats
FIFA World Cup,2026,Damián Bobadilla,Paraguay,MF,189,,3,,,1,1,0,0,https://web.archive.org/web/20260717103842/https://fbref.com/en/comps/1/2026/defense/2026-FIFA-World-Cup-Stats
FIFA World Cup,2026,Diego Gómez,Paraguay,MF,304,,6,,,5,1,2,0,https://web.archive.org/web/20260717103842/https://fbref.com/en/comps/1/2026/defense/2026-FIFA-World-Cup-Stats
FIFA World Cup,2026,Fabián Balbuena,Paraguay,DF,1,,0,,,0,0,0,0,https://web.archive.org/web/20260717103842/https://fbref.com/en/comps/1/2026/defense/2026-FIFA-World-Cup-Stats
FIFA World Cup,2026,Gabriel Ávalos,Paraguay,FW,141,,2,,,1,2,0,0,https://web.archive.org/web/20260717103842/https://fbref.com/en/comps/1/2026/defense/2026-FIFA-World-Cup-Stats
FIFA World Cup,2026,Gustavo Caballero,Paraguay,"FW,MF",96,,2,,,2,2,0,0,https://web.archive.org/web/20260717103842/https://fbref.com/en/comps/1/2026/defense/2026-FIFA-World-Cup-Stats
FIFA World Cup,2026,Gustavo Gómez,Paraguay,DF,480,,3,,,3,2,0,0,https://web.archive.org/web/20260717103842/https://fbref.com/en/comps/1/2026/defense/2026-FIFA-World-Cup-Stats
FIFA World Cup,2026,Gustavo Velásquez,Paraguay,DF,246,,1,,,2,0,0,0,https://web.archive.org/web/20260717103842/https://fbref.com/en/comps/1/2026/defense/2026-FIFA-World-Cup-Stats
FIFA World Cup,2026,Isidro Pitta,Paraguay,FW,45,,0,,,2,0,0,0,https://web.archive.org/web/20260717103842/https://fbref.com/en/comps/1/2026/defense/2026-FIFA-World-Cup-Stats
FIFA World Cup,2026,José Canale,Paraguay,DF,161,,6,,,1,2,0,0,https://web.archive.org/web/20260717103842/https://fbref.com/en/comps/1/2026/defense/2026-FIFA-World-Cup-Stats
FIFA World Cup,2026,Juan Cáceres,Paraguay,DF,436,,11,,,9,6,1,0,https://web.archive.org/web/20260717103842/https://fbref.com/en/comps/1/2026/defense/2026-FIFA-World-Cup-Stats
FIFA World Cup,2026,Julio Enciso,Paraguay,FW,386,,5,,,3,9,0,0,https://web.archive.org/web/20260717103842/https://fbref.com/en/comps/1/2026/defense/2026-FIFA-World-Cup-Stats
FIFA World Cup,2026,Júnior Alonso,Paraguay,DF,390,,9,,,3,3,1,0,https://web.archive.org/web/20260717103842/https://fbref.com/en/comps/1/2026/defense/2026-FIFA-World-Cup-Stats
FIFA World Cup,2026,Kaku,Paraguay,MF,11,,0,,,1,1,0,0,https://web.archive.org/web/20260717103842/https://fbref.com/en/comps/1/2026/defense/2026-FIFA-World-Cup-Stats
FIFA World Cup,2026,Matías Galarza,Paraguay,MF,388,,11,,,10,9,2,0,https://web.archive.org/web/20260717103842/https://fbref.com/en/comps/1/2026/defense/2026-FIFA-World-Cup-Stats
FIFA World Cup,2026,Mauricio,Paraguay,MF,173,,6,,,3,3,0,0,https://web.archive.org/web/20260717103842/https://fbref.com/en/comps/1/2026/defense/2026-FIFA-World-Cup-Stats
FIFA World Cup,2026,Miguel Almirón,Paraguay,"MF,FW",282,,7,,,2,7,1,1,https://web.archive.org/web/20260717103842/https://fbref.com/en/comps/1/2026/defense/2026-FIFA-World-Cup-Stats
FIFA World Cup,2026,Omar Alderete,Paraguay,DF,320,,0,,,2,3,0,0,https://web.archive.org/web/20260717103842/https://fbref.com/en/comps/1/2026/defense/2026-FIFA-World-Cup-Stats
FIFA World Cup,2026,Orlando Gill,Paraguay,GK,480,,0,,,0,3,0,0,https://web.archive.org/web/20260717103842/https://fbref.com/en/comps/1/2026/defense/2026-FIFA-World-Cup-Stats
FIFA World Cup,2026,Ramón Sosa,Paraguay,"FW,MF",12,,0,,,0,1,0,0,https://web.archive.org/web/20260717103842/https://fbref.com/en/comps/1/2026/defense/2026-FIFA-World-Cup-Stats
FIFA World Cup,2026,Álex Arce,Paraguay,FW,53,,1,,,1,0,1,0,https://web.archive.org/web/20260717103842/https://fbref.com/en/comps/1/2026/defense/2026-FIFA-World-Cup-Stats
FIFA World Cup,2026,Bernardo Silva,Portugal,MF,97,,0,,,3,0,2,0,https://web.archive.org/web/20260717103842/https://fbref.com/en/comps/1/2026/defense/2026-FIFA-World-Cup-Stats
FIFA World Cup,2026,Bruno Fernandes,Portugal,MF,422,,5,,,2,8,0,0,https://web.archive.org/web/20260717103842/https://fbref.com/en/comps/1/2026/defense/2026-FIFA-World-Cup-Stats
FIFA World Cup,2026,Cristiano Ronaldo,Portugal,FW,440,,1,,,2,5,0,0,https://web.archive.org/web/20260717103842/https://fbref.com/en/comps/1/2026/defense/2026-FIFA-World-Cup-Stats
FIFA World Cup,2026,Diogo Costa,Portugal,GK,450,,0,,,0,1,0,0,https://web.archive.org/web/20260717103842/https://fbref.com/en/comps/1/2026/defense/2026-FIFA-World-Cup-Stats
FIFA World Cup,2026,Diogo Dalot,Portugal,"DF,MF",65,,2,,,0,1,0,0,https://web.archive.org/web/20260717103842/https://fbref.com/en/comps/1/2026/defense/2026-FIFA-World-Cup-Stats
FIFA World Cup,2026,Francisco Conceição,Portugal,MF,126,,2,,,1,2,0,0,https://web.archive.org/web/20260717103842/https://fbref.com/en/comps/1/2026/defense/2026-FIFA-World-Cup-Stats
FIFA World Cup,2026,Francisco Trincão,Portugal,"FW,MF",28,,1,,,0,0,0,0,https://web.archive.org/web/20260717103842/https://fbref.com/en/comps/1/2026/defense/2026-FIFA-World-Cup-Stats
FIFA World Cup,2026,Gonçalo Ramos,Portugal,FW,36,,0,,,0,0,0,0,https://web.archive.org/web/20260717103842/https://fbref.com/en/comps/1/2026/defense/2026-FIFA-World-Cup-Stats
FIFA World Cup,2026,João Cancelo,Portugal,DF,312,,4,,,6,2,0,0,https://web.archive.org/web/20260717103842/https://fbref.com/en/comps/1/2026/defense/2026-FIFA-World-Cup-Stats
FIFA World Cup,2026,João Félix,Portugal,MF,201,,4,,,3,6,0,0,https://web.archive.org/web/20260717103842/https://fbref.com/en/comps/1/2026/defense/2026-FIFA-World-Cup-Stats
FIFA World Cup,2026,João Neves,Portugal,MF,390,,7,,,1,4,0,0,https://web.archive.org/web/20260717103842/https://fbref.com/en/comps/1/2026/defense/2026-FIFA-World-Cup-Stats
FIFA World Cup,2026,Matheus Nunes,Portugal,"DF,MF",1,,0,,,0,0,0,0,https://web.archive.org/web/20260717103842/https://fbref.com/en/comps/1/2026/defense/2026-FIFA-World-Cup-Stats
FIFA World Cup,2026,Nuno Mendes,Portugal,DF,395,,6,,,3,12,0,0,https://web.archive.org/web/20260717103842/https://fbref.com/en/comps/1/2026/defense/2026-FIFA-World-Cup-Stats
FIFA World Cup,2026,Nélson Semedo,Portugal,"DF,MF",127,,0,,,2,2,1,0,https://web.archive.org/web/20260717103842/https://fbref.com/en/comps/1/2026/defense/2026-FIFA-World-Cup-Stats
FIFA World Cup,2026,Pedro Neto,Portugal,MF,350,,2,,,4,4,0,0,https://web.archive.org/web/20260717103842/https://fbref.com/en/comps/1/2026/defense/2026-FIFA-World-Cup-Stats
FIFA World Cup,2026,Rafael Leão,Portugal,MF,158,,0,,,1,2,0,0,https://web.archive.org/web/20260717103842/https://fbref.com/en/comps/1/2026/defense/2026-FIFA-World-Cup-Stats
FIFA World Cup,2026,Renato Veiga,Portugal,DF,450,,1,,,5,3,2,0,https://web.archive.org/web/20260717103842/https://fbref.com/en/comps/1/2026/defense/2026-FIFA-World-Cup-Stats
FIFA World Cup,2026,Rúben Dias,Portugal,DF,360,,3,,,6,3,1,0,https://web.archive.org/web/20260717103842/https://fbref.com/en/comps/1/2026/defense/2026-FIFA-World-Cup-Stats
FIFA World Cup,2026,Rúben Neves,Portugal,MF,55,,0,,,0,0,0,0,https://web.archive.org/web/20260717103842/https://fbref.com/en/comps/1/2026/defense/2026-FIFA-World-Cup-Stats
FIFA World Cup,2026,Samu Costa,Portugal,MF,21,,1,,,0,0,0,0,https://web.archive.org/web/20260717103842/https://fbref.com/en/comps/1/2026/defense/2026-FIFA-World-Cup-Stats
FIFA World Cup,2026,Tomás Araújo,Portugal,DF,90,,0,,,1,0,1,0,https://web.archive.org/web/20260717103842/https://fbref.com/en/comps/1/2026/defense/2026-FIFA-World-Cup-Stats
FIFA World Cup,2026,Vitinha,Portugal,MF,376,,0,,,4,5,0,0,https://web.archive.org/web/20260717103842/https://fbref.com/en/comps/1/2026/defense/2026-FIFA-World-Cup-Stats
FIFA World Cup,2026,Abdulaziz Hatem,Qatar,MF,45,,0,,,1,0,0,0,https://web.archive.org/web/20260717103842/https://fbref.com/en/comps/1/2026/defense/2026-FIFA-World-Cup-Stats
FIFA World Cup,2026,Ahmed Al-Ganehi,Qatar,FW,36,,1,,,1,0,0,0,https://web.archive.org/web/20260717103842/https://fbref.com/en/comps/1/2026/defense/2026-FIFA-World-Cup-Stats
FIFA World Cup,2026,Ahmed Alaaeldin,Qatar,FW,43,,1,,,1,1,0,0,https://web.archive.org/web/20260717103842/https://fbref.com/en/comps/1/2026/defense/2026-FIFA-World-Cup-Stats
FIFA World Cup,2026,Ahmed Fathy,Qatar,MF,150,,3,,,2,1,2,0,https://web.archive.org/web/20260717103842/https://fbref.com/en/comps/1/2026/defense/2026-FIFA-World-Cup-Stats
FIFA World Cup,2026,Akram Afif,Qatar,"FW,MF",238,,1,,,0,4,0,0,https://web.archive.org/web/20260717103842/https://fbref.com/en/comps/1/2026/defense/2026-FIFA-World-Cup-Stats
FIFA World Cup,2026,Al-Hashmi Al-Hussain,Qatar,MF,32,,2,,,2,2,0,0,https://web.archive.org/web/20260717103842/https://fbref.com/en/comps/1/2026/defense/2026-FIFA-World-Cup-Stats
FIFA World Cup,2026,Almoez Ali,Qatar,FW,19,,0,,,0,0,0,0,https://web.archive.org/web/20260717103842/https://fbref.com/en/comps/1/2026/defense/2026-FIFA-World-Cup-Stats
FIFA World Cup,2026,Assim Madibo,Qatar,MF,131,,1,,,2,1,0,1,https://web.archive.org/web/20260717103842/https://fbref.com/en/comps/1/2026/defense/2026-FIFA-World-Cup-Stats
FIFA World Cup,2026,Ayoub Al-Oui,Qatar,DF,149,,0,,,1,0,0,0,https://web.archive.org/web/20260717103842/https://fbref.com/en/comps/1/2026/defense/2026-FIFA-World-Cup-Stats
FIFA World Cup,2026,Boualem Khoukhi,Qatar,DF,270,,3,,,2,1,0,0,https://web.archive.org/web/20260717103842/https://fbref.com/en/comps/1/2026/defense/2026-FIFA-World-Cup-Stats
FIFA World Cup,2026,Edmilson Junior,Qatar,"MF,FW",210,,1,,,4,2,0,0,https://web.archive.org/web/20260717103842/https://fbref.com/en/comps/1/2026/defense/2026-FIFA-World-Cup-Stats
FIFA World Cup,2026,Hassan Al-Haydos,Qatar,MF,57,,0,,,1,1,0,0,https://web.archive.org/web/20260717103842/https://fbref.com/en/comps/1/2026/defense/2026-FIFA-World-Cup-Stats
FIFA World Cup,2026,Homam Ahmed,Qatar,DF,122,,1,,,4,0,0,1,https://web.archive.org/web/20260717103842/https://fbref.com/en/comps/1/2026/defense/2026-FIFA-World-Cup-Stats
FIFA World Cup,2026,Issa Laye,Qatar,"MF,DF",270,,1,,,0,3,0,0,https://web.archive.org/web/20260717103842/https://fbref.com/en/comps/1/2026/defense/2026-FIFA-World-Cup-Stats
FIFA World Cup,2026,Jassem Gaber,Qatar,MF,149,,2,,,7,0,1,0,https://web.archive.org/web/20260717103842/https://fbref.com/en/comps/1/2026/defense/2026-FIFA-World-Cup-Stats
FIFA World Cup,2026,Karim Boudiaf,Qatar,MF,102,,0,,,0,2,0,0,https://web.archive.org/web/20260717103842/https://fbref.com/en/comps/1/2026/defense/2026-FIFA-World-Cup-Stats
FIFA World Cup,2026,Lucas Mendes,Qatar,DF,4,,0,,,0,0,0,0,https://web.archive.org/web/20260717103842/https://fbref.com/en/comps/1/2026/defense/2026-FIFA-World-Cup-Stats
FIFA World Cup,2026,Mahmoud Abunada,Qatar,GK,270,,0,,,1,1,1,0,https://web.archive.org/web/20260717103842/https://fbref.com/en/comps/1/2026/defense/2026-FIFA-World-Cup-Stats
FIFA World Cup,2026,Mohamed Manai,Qatar,DF,69,,0,,,3,0,0,0,https://web.archive.org/web/20260717103842/https://fbref.com/en/comps/1/2026/defense/2026-FIFA-World-Cup-Stats
FIFA World Cup,2026,Ró-Ró,Qatar,DF,270,,4,,,1,7,0,0,https://web.archive.org/web/20260717103842/https://fbref.com/en/comps/1/2026/defense/2026-FIFA-World-Cup-Stats
FIFA World Cup,2026,Sultan Al-Brake,Qatar,DF,141,,1,,,2,0,0,0,https://web.archive.org/web/20260717103842/https://fbref.com/en/comps/1/2026/defense/2026-FIFA-World-Cup-Stats
FIFA World Cup,2026,Yusuf Abdurisag,Qatar,FW,98,,2,,,1,2,0,0,https://web.archive.org/web/20260717103842/https://fbref.com/en/comps/1/2026/defense/2026-FIFA-World-Cup-Stats
FIFA World Cup,2026,Abdulelah Al-Amri,Saudi Arabia,DF,239,,2,,,1,0,1,0,https://web.archive.org/web/20260717103842/https://fbref.com/en/comps/1/2026/defense/2026-FIFA-World-Cup-Stats
FIFA World Cup,2026,Abdullah Al-Hamdan,Saudi Arabia,FW,71,,0,,,2,0,0,0,https://web.archive.org/web/20260717103842/https://fbref.com/en/comps/1/2026/defense/2026-FIFA-World-Cup-Stats
FIFA World Cup,2026,Abdullah Al-Khaibari,Saudi Arabia,MF,180,,1,,,0,2,0,0,https://web.archive.org/web/20260717103842/https://fbref.com/en/comps/1/2026/defense/2026-FIFA-World-Cup-Stats
FIFA World Cup,2026,Alaa Al Hejji,Saudi Arabia,MF,32,,0,,,0,0,0,0,https://web.archive.org/web/20260717103842/https://fbref.com/en/comps/1/2026/defense/2026-FIFA-World-Cup-Stats
FIFA World Cup,2026,Ali Lajami,Saudi Arabia,DF,149,,2,,,0,2,0,0,https://web.archive.org/web/20260717103842/https://fbref.com/en/comps/1/2026/defense/2026-FIFA-World-Cup-Stats
FIFA World Cup,2026,Firas Al-Buraikan,Saudi Arabia,FW,238,,0,,,2,3,1,0,https://web.archive.org/web/20260717103842/https://fbref.com/en/comps/1/2026/defense/2026-FIFA-World-Cup-Stats
FIFA World Cup,2026,Hassan Al Tambakti,Saudi Arabia,DF,212,,3,,,0,1,0,0,https://web.archive.org/web/20260717103842/https://fbref.com/en/comps/1/2026/defense/2026-FIFA-World-Cup-Stats
FIFA World Cup,2026,Khalid Al Ghannam,Saudi Arabia,MF,1,,0,,,0,0,0,0,https://web.archive.org/web/20260717103842/https://fbref.com/en/comps/1/2026/defense/2026-FIFA-World-Cup-Stats
FIFA World Cup,2026,Mohamed Kanno,Saudi Arabia,MF,225,,4,,,5,0,1,0,https://web.archive.org/web/20260717103842/https://fbref.com/en/comps/1/2026/defense/2026-FIFA-World-Cup-Stats
FIFA World Cup,2026,Mohammed Abu Al-Shamat,Saudi Arabia,MF,136,,3,,,2,1,0,0,https://web.archive.org/web/20260717103842/https://fbref.com/en/comps/1/2026/defense/2026-FIFA-World-Cup-Stats
FIFA World Cup,2026,Mohammed Al-Owais,Saudi Arabia,GK,270,,0,,,0,1,0,0,https://web.archive.org/web/20260717103842/https://fbref.com/en/comps/1/2026/defense/2026-FIFA-World-Cup-Stats
FIFA World Cup,2026,Moteb Al-Harbi,Saudi Arabia,DF,188,,1,,,0,4,0,0,https://web.archive.org/web/20260717103842/https://fbref.com/en/comps/1/2026/defense/2026-FIFA-World-Cup-Stats
FIFA World Cup,2026,Musab Al Juwayr,Saudi Arabia,"MF,FW",152,,3,,,1,1,0,0,https://web.archive.org/web/20260717103842/https://fbref.com/en/comps/1/2026/defense/2026-FIFA-World-Cup-Stats
FIFA World Cup,2026,Nasser Al-Dawsari,Saudi Arabia,MF,207,,4,,,7,2,1,0,https://web.archive.org/web/20260717103842/https://fbref.com/en/comps/1/2026/defense/2026-FIFA-World-Cup-Stats
FIFA World Cup,2026,Nawaf Boushal,Saudi Arabia,DF,91,,0,,,1,1,0,0,https://web.archive.org/web/20260717103842/https://fbref.com/en/comps/1/2026/defense/2026-FIFA-World-Cup-Stats
FIFA World Cup,2026,Salem Al-Dawsari,Saudi Arabia,MF,245,,1,,,3,4,1,0,https://web.archive.org/web/20260717103842/https://fbref.com/en/comps/1/2026/defense/2026-FIFA-World-Cup-Stats
FIFA World Cup,2026,Saud Abdulhamid,Saudi Arabia,DF,269,,9,,,4,2,1,0,https://web.archive.org/web/20260717103842/https://fbref.com/en/comps/1/2026/defense/2026-FIFA-World-Cup-Stats
FIFA World Cup,2026,Sultan Mendash,Saudi Arabia,MF,65,,3,,,1,2,0,0,https://web.archive.org/web/20260717103842/https://fbref.com/en/comps/1/2026/defense/2026-FIFA-World-Cup-Stats
FIFA World Cup,2026,Aaron Hickey,Scotland,DF,74,,0,,,2,4,1,0,https://web.archive.org/web/20260717103842/https://fbref.com/en/comps/1/2026/defense/2026-FIFA-World-Cup-Stats
FIFA World Cup,2026,Andy Robertson,Scotland,DF,225,,1,,,3,1,1,0,https://web.archive.org/web/20260717103842/https://fbref.com/en/comps/1/2026/defense/2026-FIFA-World-Cup-Stats
FIFA World Cup,2026,Angus Gunn,Scotland,GK,270,,1,,,0,0,0,0,https://web.archive.org/web/20260717103842/https://fbref.com/en/comps/1/2026/defense/2026-FIFA-World-Cup-Stats
FIFA World Cup,2026,Anthony Ralston,Scotland,DF,11,,0,,,2,0,0,0,https://web.archive.org/web/20260717103842/https://fbref.com/en/comps/1/2026/defense/2026-FIFA-World-Cup-Stats
FIFA World Cup,2026,Ben Gannon-Doak,Scotland,MF,186,,1,,,3,1,0,0,https://web.archive.org/web/20260717103842/https://fbref.com/en/comps/1/2026/defense/2026-FIFA-World-Cup-Stats
FIFA World Cup,2026,Ché Adams,Scotland,FW,145,,1,,,4,2,0,0,https://web.archive.org/web/20260717103842/https://fbref.com/en/comps/1/2026/defense/2026-FIFA-World-Cup-Stats
FIFA World Cup,2026,Findlay Curtis,Scotland,MF,9,,0,,,1,0,1,0,https://web.archive.org/web/20260717103842/https://fbref.com/en/comps/1/2026/defense/2026-FIFA-World-Cup-Stats
FIFA World Cup,2026,Grant Hanley,Scotland,DF,180,,2,,,1,0,0,0,https://web.archive.org/web/20260717103842/https://fbref.com/en/comps/1/2026/defense/2026-FIFA-World-Cup-Stats
FIFA World Cup,2026,Jack Hendry,Scotland,DF,270,,2,,,1,3,0,0,https://web.archive.org/web/20260717103842/https://fbref.com/en/comps/1/2026/defense/2026-FIFA-World-Cup-Stats
FIFA World Cup,2026,John McGinn,Scotland,MF,259,,0,,,2,11,0,0,https://web.archive.org/web/20260717103842/https://fbref.com/en/comps/1/2026/defense/2026-FIFA-World-Cup-Stats
FIFA World Cup,2026,Kenny McLean,Scotland,MF,118,,1,,,1,1,1,0,https://web.archive.org/web/20260717103842/https://fbref.com/en/comps/1/2026/defense/2026-FIFA-World-Cup-Stats
FIFA World Cup,2026,Kieran Tierney,Scotland,MF,104,,1,,,3,2,0,0,https://web.archive.org/web/20260717103842/https://fbref.com/en/comps/1/2026/defense/2026-FIFA-World-Cup-Stats
FIFA World Cup,2026,Lawrence Shankland,Scotland,FW,171,,1,,,5,3,0,0,https://web.archive.org/web/20260717103842/https://fbref.com/en/comps/1/2026/defense/2026-FIFA-World-Cup-Stats
FIFA World Cup,2026,Lewis Ferguson,Scotland,MF,270,,7,,,5,10,0,0,https://web.archive.org/web/20260717103842/https://fbref.com/en/comps/1/2026/defense/2026-FIFA-World-Cup-Stats
FIFA World Cup,2026,Lyndon Dykes,Scotland,"FW,MF",36,,0,,,2,0,0,0,https://web.archive.org/web/20260717103842/https://fbref.com/en/comps/1/2026/defense/2026-FIFA-World-Cup-Stats
FIFA World Cup,2026,Nathan Patterson,Scotland,DF,185,,2,,,2,0,0,0,https://web.archive.org/web/20260717103842/https://fbref.com/en/comps/1/2026/defense/2026-FIFA-World-Cup-Stats
FIFA World Cup,2026,Ross Stewart,Scotland,FW,2,,0,,,0,0,0,0,https://web.archive.org/web/20260717103842/https://fbref.com/en/comps/1/2026/defense/2026-FIFA-World-Cup-Stats
FIFA World Cup,2026,Ryan Christie,Scotland,MF,95,,3,,,2,1,1,0,https://web.archive.org/web/20260717103842/https://fbref.com/en/comps/1/2026/defense/2026-FIFA-World-Cup-Stats
FIFA World Cup,2026,Scott McKenna,Scotland,DF,90,,0,,,0,0,0,0,https://web.archive.org/web/20260717103842/https://fbref.com/en/comps/1/2026/defense/2026-FIFA-World-Cup-Stats
FIFA World Cup,2026,Scott McTominay,Scotland,MF,270,,2,,,3,0,0,0,https://web.archive.org/web/20260717103842/https://fbref.com/en/comps/1/2026/defense/2026-FIFA-World-Cup-Stats
FIFA World Cup,2026,Abdoulaye Seck,Senegal,DF,57,,0,,,1,1,1,0,https://web.archive.org/web/20260717103842/https://fbref.com/en/comps/1/2026/defense/2026-FIFA-World-Cup-Stats
FIFA World Cup,2026,Assane Diao,Senegal,MF,10,,1,,,0,0,0,0,https://web.archive.org/web/20260717103842/https://fbref.com/en/comps/1/2026/defense/2026-FIFA-World-Cup-Stats
FIFA World Cup,2026,Bamba Dieng,Senegal,FW,8,,0,,,0,0,0,0,https://web.archive.org/web/20260717103842/https://fbref.com/en/comps/1/2026/defense/2026-FIFA-World-Cup-Stats
FIFA World Cup,2026,Bara Sapoko Ndiaye,Senegal,MF,26,,0,,,0,2,0,0,https://web.archive.org/web/20260717103842/https://fbref.com/en/comps/1/2026/defense/2026-FIFA-World-Cup-Stats
FIFA World Cup,2026,El Hadji Malick Diouf,Senegal,DF,171,,1,,,2,0,0,0,https://web.archive.org/web/20260717103842/https://fbref.com/en/comps/1/2026/defense/2026-FIFA-World-Cup-Stats
FIFA World Cup,2026,Habib Diarra,Senegal,MF,143,,2,,,2,2,0,0,https://web.archive.org/web/20260717103842/https://fbref.com/en/comps/1/2026/defense/2026-FIFA-World-Cup-Stats
FIFA World Cup,2026,Ibrahim Mbaye,Senegal,MF,157,,0,,,0,2,0,0,https://web.archive.org/web/20260717103842/https://fbref.com/en/comps/1/2026/defense/2026-FIFA-World-Cup-Stats
FIFA World Cup,2026,Idrissa Gueye,Senegal,MF,361,,4,,,2,2,0,0,https://web.archive.org/web/20260717103842/https://fbref.com/en/comps/1/2026/defense/2026-FIFA-World-Cup-Stats
FIFA World Cup,2026,Iliman Ndiaye,Senegal,FW,114,,0,,,2,1,0,0,https://web.archive.org/web/20260717103842/https://fbref.com/en/comps/1/2026/defense/2026-FIFA-World-Cup-Stats
FIFA World Cup,2026,Ismail Jakobs,Senegal,DF,219,,2,,,2,0,0,0,https://web.archive.org/web/20260717103842/https://fbref.com/en/comps/1/2026/defense/2026-FIFA-World-Cup-Stats
FIFA World Cup,2026,Ismaila Sarr,Senegal,"MF,FW",364,,1,,,1,9,0,0,https://web.archive.org/web/20260717103842/https://fbref.com/en/comps/1/2026/defense/2026-FIFA-World-Cup-Stats
FIFA World Cup,2026,Kalidou Koulibaly,Senegal,DF,161,,1,,,0,0,0,0,https://web.archive.org/web/20260717103842/https://fbref.com/en/comps/1/2026/defense/2026-FIFA-World-Cup-Stats
FIFA World Cup,2026,Krépin Diatta,Senegal,DF,390,,10,,,4,6,0,0,https://web.archive.org/web/20260717103842/https://fbref.com/en/comps/1/2026/defense/2026-FIFA-World-Cup-Stats
FIFA World Cup,2026,Lamine Camara,Senegal,MF,248,,1,,,5,3,1,0,https://web.archive.org/web/20260717103842/https://fbref.com/en/comps/1/2026/defense/2026-FIFA-World-Cup-Stats
FIFA World Cup,2026,Mory Diaw,Senegal,GK,238,,0,,,0,2,0,0,https://web.archive.org/web/20260717103842/https://fbref.com/en/comps/1/2026/defense/2026-FIFA-World-Cup-Stats
FIFA World Cup,2026,Moussa Niakhaté,Senegal,DF,390,,1,,,3,6,0,0,https://web.archive.org/web/20260717103842/https://fbref.com/en/comps/1/2026/defense/2026-FIFA-World-Cup-Stats
FIFA World Cup,2026,Nicolas Jackson,Senegal,FW,234,,2,,,2,0,0,0,https://web.archive.org/web/20260717103842/https://fbref.com/en/comps/1/2026/defense/2026-FIFA-World-Cup-Stats
FIFA World Cup,2026,Pape Gueye,Senegal,MF,234,,1,,,4,2,1,0,https://web.archive.org/web/20260717103842/https://fbref.com/en/comps/1/2026/defense/2026-FIFA-World-Cup-Stats
FIFA World Cup,2026,Pape Matar Sarr,Senegal,MF,67,,0,,,1,0,0,0,https://web.archive.org/web/20260717103842/https://fbref.com/en/comps/1/2026/defense/2026-FIFA-World-Cup-Stats
FIFA World Cup,2026,Pathé Ciss,Senegal,DF,184,,0,,,1,0,0,0,https://web.archive.org/web/20260717103842/https://fbref.com/en/comps/1/2026/defense/2026-FIFA-World-Cup-Stats
FIFA World Cup,2026,Sadio Mané,Senegal,"MF,FW",362,,2,,,4,10,0,0,https://web.archive.org/web/20260717103842/https://fbref.com/en/comps/1/2026/defense/2026-FIFA-World-Cup-Stats
FIFA World Cup,2026,Édouard Mendy,Senegal,GK,152,,0,,,0,0,0,0,https://web.archive.org/web/20260717103842/https://fbref.com/en/comps/1/2026/defense/2026-FIFA-World-Cup-Stats
FIFA World Cup,2026,Aubrey Modiba,South Africa,DF,346,,5,,,4,6,1,0,https://web.archive.org/web/20260717103842/https://fbref.com/en/comps/1/2026/defense/2026-FIFA-World-Cup-Stats
FIFA World Cup,2026,Evidence Makgopa,South Africa,FW,215,,1,,,1,1,0,0,https://web.archive.org/web/20260717103842/https://fbref.com/en/comps/1/2026/defense/2026-FIFA-World-Cup-Stats
FIFA World Cup,2026,Ime Okon,South Africa,DF,360,,2,,,1,0,0,0,https://web.archive.org/web/20260717103842/https://fbref.com/en/comps/1/2026/defense/2026-FIFA-World-Cup-Stats
FIFA World Cup,2026,Iqraam Rayners,South Africa,FW,161,,0,,,1,1,0,0,https://web.archive.org/web/20260717103842/https://fbref.com/en/comps/1/2026/defense/2026-FIFA-World-Cup-Stats
FIFA World Cup,2026,Jayden Adams,South Africa,MF,116,,0,,,0,0,0,0,https://web.archive.org/web/20260717103842/https://fbref.com/en/comps/1/2026/defense/2026-FIFA-World-Cup-Stats
FIFA World Cup,2026,Kamogelo Sebelebele,South Africa,"DF,MF",7,,0,,,1,0,0,0,https://web.archive.org/web/20260717103842/https://fbref.com/en/comps/1/2026/defense/2026-FIFA-World-Cup-Stats
FIFA World Cup,2026,Khuliso Mudau,South Africa,DF,360,,8,,,4,10,0,0,https://web.archive.org/web/20260717103842/https://fbref.com/en/comps/1/2026/defense/2026-FIFA-World-Cup-Stats
FIFA World Cup,2026,Lyle Foster,South Africa,FW,55,,0,,,0,1,0,0,https://web.archive.org/web/20260717103842/https://fbref.com/en/comps/1/2026/defense/2026-FIFA-World-Cup-Stats
FIFA World Cup,2026,Mbekezeli Mbokazi,South Africa,DF,360,,5,,,3,5,0,0,https://web.archive.org/web/20260717103842/https://fbref.com/en/comps/1/2026/defense/2026-FIFA-World-Cup-Stats
FIFA World Cup,2026,Nkosinathi Sibisi,South Africa,DF,90,,0,,,1,0,1,0,https://web.archive.org/web/20260717103842/https://fbref.com/en/comps/1/2026/defense/2026-FIFA-World-Cup-Stats
FIFA World Cup,2026,Oswin Appollis,South Africa,"MF,FW",255,,3,,,1,2,0,0,https://web.archive.org/web/20260717103842/https://fbref.com/en/comps/1/2026/defense/2026-FIFA-World-Cup-Stats
FIFA World Cup,2026,Relebohile Mofokeng,South Africa,MF,169,,2,,,3,2,0,0,https://web.archive.org/web/20260717103842/https://fbref.com/en/comps/1/2026/defense/2026-FIFA-World-Cup-Stats
FIFA World Cup,2026,Ronwen Williams,South Africa,GK,360,,0,,,0,0,0,0,https://web.archive.org/web/20260717103842/https://fbref.com/en/comps/1/2026/defense/2026-FIFA-World-Cup-Stats
FIFA World Cup,2026,Sphephelo Sithole,South Africa,MF,229,,5,,,5,1,0,1,https://web.archive.org/web/20260717103842/https://fbref.com/en/comps/1/2026/defense/2026-FIFA-World-Cup-Stats
FIFA World Cup,2026,Teboho Mokoena,South Africa,MF,270,,3,,,3,6,2,0,https://web.archive.org/web/20260717103842/https://fbref.com/en/comps/1/2026/defense/2026-FIFA-World-Cup-Stats
FIFA World Cup,2026,Thalente Mbatha,South Africa,MF,260,,2,,,4,0,1,0,https://web.archive.org/web/20260717103842/https://fbref.com/en/comps/1/2026/defense/2026-FIFA-World-Cup-Stats
FIFA World Cup,2026,Thapelo Maseko,South Africa,"MF,FW",242,,1,,,4,10,0,0,https://web.archive.org/web/20260717103842/https://fbref.com/en/comps/1/2026/defense/2026-FIFA-World-Cup-Stats
FIFA World Cup,2026,Themba Zwane,South Africa,"FW,MF",23,,0,,,1,0,0,1,https://web.archive.org/web/20260717103842/https://fbref.com/en/comps/1/2026/defense/2026-FIFA-World-Cup-Stats
FIFA World Cup,2026,Tshepang Moremi,South Africa,MF,34,,1,,,1,1,0,0,https://web.archive.org/web/20260717103842/https://fbref.com/en/comps/1/2026/defense/2026-FIFA-World-Cup-Stats
FIFA World Cup,2026,Cho Gue-sung,South Korea,FW,31,,0,,,1,0,1,0,https://web.archive.org/web/20260717103842/https://fbref.com/en/comps/1/2026/defense/2026-FIFA-World-Cup-Stats
FIFA World Cup,2026,Eom Ji-sung,South Korea,MF,42,,2,,,0,1,0,0,https://web.archive.org/web/20260717103842/https://fbref.com/en/comps/1/2026/defense/2026-FIFA-World-Cup-Stats
FIFA World Cup,2026,Hwang Hee-chan,South Korea,FW,108,,1,,,1,2,0,0,https://web.archive.org/web/20260717103842/https://fbref.com/en/comps/1/2026/defense/2026-FIFA-World-Cup-Stats
FIFA World Cup,2026,Hwang In-beom,South Korea,MF,263,,2,,,1,1,0,0,https://web.archive.org/web/20260717103842/https://fbref.com/en/comps/1/2026/defense/2026-FIFA-World-Cup-Stats
FIFA World Cup,2026,Jens Castrop,South Korea,MF,45,,0,,,3,0,0,0,https://web.archive.org/web/20260717103842/https://fbref.com/en/comps/1/2026/defense/2026-FIFA-World-Cup-Stats
FIFA World Cup,2026,Kim Jin-gyu,South Korea,MF,52,,1,,,0,1,0,0,https://web.archive.org/web/20260717103842/https://fbref.com/en/comps/1/2026/defense/2026-FIFA-World-Cup-Stats
FIFA World Cup,2026,Kim Min-jae,South Korea,DF,245,,2,,,2,1,0,0,https://web.archive.org/web/20260717103842/https://fbref.com/en/comps/1/2026/defense/2026-FIFA-World-Cup-Stats
FIFA World Cup,2026,Kim Moon-hwan,South Korea,MF,70,,1,,,0,0,0,0,https://web.archive.org/web/20260717103842/https://fbref.com/en/comps/1/2026/defense/2026-FIFA-World-Cup-Stats
FIFA World Cup,2026,Kim Seung-gyu,South Korea,GK,270,,0,,,0,0,0,0,https://web.archive.org/web/20260717103842/https://fbref.com/en/comps/1/2026/defense/2026-FIFA-World-Cup-Stats
FIFA World Cup,2026,Lee Gi-hyuk,South Korea,DF,270,,4,,,2,1,1,0,https://web.archive.org/web/20260717103842/https://fbref.com/en/comps/1/2026/defense/2026-FIFA-World-Cup-Stats
FIFA World Cup,2026,Lee Han-beom,South Korea,DF,270,,2,,,7,2,0,0,https://web.archive.org/web/20260717103842/https://fbref.com/en/comps/1/2026/defense/2026-FIFA-World-Cup-Stats
FIFA World Cup,2026,Lee Jae-sung,South Korea,FW,117,,3,,,1,4,0,0,https://web.archive.org/web/20260717103842/https://fbref.com/en/comps/1/2026/defense/2026-FIFA-World-Cup-Stats
FIFA World Cup,2026,Lee Kang-in,South Korea,FW,270,,0,,,1,7,1,0,https://web.archive.org/web/20260717103842/https://fbref.com/en/comps/1/2026/defense/2026-FIFA-World-Cup-Stats
FIFA World Cup,2026,Lee Tae-seok,South Korea,MF,113,,3,,,3,1,0,0,https://web.archive.org/web/20260717103842/https://fbref.com/en/comps/1/2026/defense/2026-FIFA-World-Cup-Stats
FIFA World Cup,2026,Oh Hyeon-gyu,South Korea,FW,129,,0,,,0,1,0,0,https://web.archive.org/web/20260717103842/https://fbref.com/en/comps/1/2026/defense/2026-FIFA-World-Cup-Stats
FIFA World Cup,2026,Paik Seung-ho,South Korea,MF,204,,0,,,1,2,1,0,https://web.archive.org/web/20260717103842/https://fbref.com/en/comps/1/2026/defense/2026-FIFA-World-Cup-Stats
FIFA World Cup,2026,Park Jinseob,South Korea,"DF,MF",32,,0,,,0,1,0,0,https://web.archive.org/web/20260717103842/https://fbref.com/en/comps/1/2026/defense/2026-FIFA-World-Cup-Stats
FIFA World Cup,2026,Seol Young-woo,South Korea,MF,250,,0,,,1,2,0,0,https://web.archive.org/web/20260717103842/https://fbref.com/en/comps/1/2026/defense/2026-FIFA-World-Cup-Stats
FIFA World Cup,2026,Son Heung-min,South Korea,FW,169,,1,,,0,4,0,0,https://web.archive.org/web/20260717103842/https://fbref.com/en/comps/1/2026/defense/2026-FIFA-World-Cup-Stats
FIFA World Cup,2026,Yang Hyun-jun,South Korea,"FW,MF",20,,1,,,1,0,0,0,https://web.archive.org/web/20260717103842/https://fbref.com/en/comps/1/2026/defense/2026-FIFA-World-Cup-Stats
FIFA World Cup,2026,Aymeric Laporte,Spain,DF,629,,3,,,4,2,1,0,https://web.archive.org/web/20260717103842/https://fbref.com/en/comps/1/2026/defense/2026-FIFA-World-Cup-Stats
FIFA World Cup,2026,Borja Iglesias,Spain,FW,1,,0,,,0,0,0,0,https://web.archive.org/web/20260717103842/https://fbref.com/en/comps/1/2026/defense/2026-FIFA-World-Cup-Stats
FIFA World Cup,2026,Dani Olmo,Spain,MF,417,,5,,,5,8,0,0,https://web.archive.org/web/20260717103842/https://fbref.com/en/comps/1/2026/defense/2026-FIFA-World-Cup-Stats
FIFA World Cup,2026,Fabián Ruiz Peña,Spain,MF,260,,3,,,1,3,0,0,https://web.archive.org/web/20260717103842/https://fbref.com/en/comps/1/2026/defense/2026-FIFA-World-Cup-Stats
FIFA World Cup,2026,Ferrán Torres,Spain,FW,229,,0,,,5,2,1,0,https://web.archive.org/web/20260717103842/https://fbref.com/en/comps/1/2026/defense/2026-FIFA-World-Cup-Stats
FIFA World Cup,2026,Gavi,Spain,FW,76,,2,,,2,1,0,0,https://web.archive.org/web/20260717103842/https://fbref.com/en/comps/1/2026/defense/2026-FIFA-World-Cup-Stats
FIFA World Cup,2026,Lamine Yamal,Spain,"MF,FW",494,,6,,,12,8,0,0,https://web.archive.org/web/20260717103842/https://fbref.com/en/comps/1/2026/defense/2026-FIFA-World-Cup-Stats
FIFA World Cup,2026,Marc Cucurella,Spain,DF,630,,4,,,7,3,1,0,https://web.archive.org/web/20260717103842/https://fbref.com/en/comps/1/2026/defense/2026-FIFA-World-Cup-Stats
FIFA World Cup,2026,Marc Pubill,Spain,DF,1,,0,,,0,0,0,0,https://web.archive.org/web/20260717103842/https://fbref.com/en/comps/1/2026/defense/2026-FIFA-World-Cup-Stats
FIFA World Cup,2026,Marcos Llorente,Spain,DF,187,,6,,,2,1,0,0,https://web.archive.org/web/20260717103842/https://fbref.com/en/comps/1/2026/defense/2026-FIFA-World-Cup-Stats
FIFA World Cup,2026,Mikel Merino,Spain,MF,153,,2,,,5,5,0,0,https://web.archive.org/web/20260717103842/https://fbref.com/en/comps/1/2026/defense/2026-FIFA-World-Cup-Stats
FIFA World Cup,2026,Mikel Oyarzabal,Spain,FW,540,,4,,,3,4,0,0,https://web.archive.org/web/20260717103842/https://fbref.com/en/comps/1/2026/defense/2026-FIFA-World-Cup-Stats
FIFA World Cup,2026,Nico Williams,Spain,MF,67,,1,,,0,1,0,0,https://web.archive.org/web/20260717103842/https://fbref.com/en/comps/1/2026/defense/2026-FIFA-World-Cup-Stats
FIFA World Cup,2026,Pau Cubarsí,Spain,DF,630,,3,,,4,2,1,0,https://web.archive.org/web/20260717103842/https://fbref.com/en/comps/1/2026/defense/2026-FIFA-World-Cup-Stats
FIFA World Cup,2026,Pedri,Spain,MF,440,,7,,,3,5,1,0,https://web.archive.org/web/20260717103842/https://fbref.com/en/comps/1/2026/defense/2026-FIFA-World-Cup-Stats
FIFA World Cup,2026,Pedro Porro,Spain,DF,443,,9,,,7,6,0,0,https://web.archive.org/web/20260717103842/https://fbref.com/en/comps/1/2026/defense/2026-FIFA-World-Cup-Stats
FIFA World Cup,2026,Rodri,Spain,MF,626,,17,,,9,6,0,0,https://web.archive.org/web/20260717103842/https://fbref.com/en/comps/1/2026/defense/2026-FIFA-World-Cup-Stats
FIFA World Cup,2026,Unai Simón,Spain,GK,630,,0,,,0,3,0,0,https://web.archive.org/web/20260717103842/https://fbref.com/en/comps/1/2026/defense/2026-FIFA-World-Cup-Stats
FIFA World Cup,2026,Yéremy Pino,Spain,"FW,MF",70,,0,,,2,0,0,0,https://web.archive.org/web/20260717103842/https://fbref.com/en/comps/1/2026/defense/2026-FIFA-World-Cup-Stats
FIFA World Cup,2026,Álex Baena,Spain,"MF,FW",407,,5,,,9,6,1,0,https://web.archive.org/web/20260717103842/https://fbref.com/en/comps/1/2026/defense/2026-FIFA-World-Cup-Stats
FIFA World Cup,2026,Alexander Bernhardsson,Sweden,MF,217,,2,,,2,4,0,0,https://web.archive.org/web/20260717103842/https://fbref.com/en/comps/1/2026/defense/2026-FIFA-World-Cup-Stats
FIFA World Cup,2026,Alexander Isak,Sweden,FW,357,,2,,,4,1,0,0,https://web.archive.org/web/20260717103842/https://fbref.com/en/comps/1/2026/defense/2026-FIFA-World-Cup-Stats
FIFA World Cup,2026,Anthony Elanga,Sweden,"MF,FW",217,,0,,,0,7,0,0,https://web.archive.org/web/20260717103842/https://fbref.com/en/comps/1/2026/defense/2026-FIFA-World-Cup-Stats
FIFA World Cup,2026,Benjamin Nygren,Sweden,MF,130,,0,,,3,0,0,0,https://web.archive.org/web/20260717103842/https://fbref.com/en/comps/1/2026/defense/2026-FIFA-World-Cup-Stats
FIFA World Cup,2026,Besfort Zeneli,Sweden,MF,60,,0,,,1,0,0,0,https://web.archive.org/web/20260717103842/https://fbref.com/en/comps/1/2026/defense/2026-FIFA-World-Cup-Stats
FIFA World Cup,2026,Carl Starfelt,Sweden,DF,4,,0,,,0,0,0,0,https://web.archive.org/web/20260717103842/https://fbref.com/en/comps/1/2026/defense/2026-FIFA-World-Cup-Stats
FIFA World Cup,2026,Daniel Svensson,Sweden,DF,98,,2,,,0,0,0,0,https://web.archive.org/web/20260717103842/https://fbref.com/en/comps/1/2026/defense/2026-FIFA-World-Cup-Stats
FIFA World Cup,2026,Elliot Stroud,Sweden,MF,166,,0,,,3,1,0,0,https://web.archive.org/web/20260717103842/https://fbref.com/en/comps/1/2026/defense/2026-FIFA-World-Cup-Stats
FIFA World Cup,2026,Gabriel Gudmundsson,Sweden,"MF,DF",330,,3,,,5,7,1,0,https://web.archive.org/web/20260717103842/https://fbref.com/en/comps/1/2026/defense/2026-FIFA-World-Cup-Stats
FIFA World Cup,2026,Gustaf Lagerbielke,Sweden,DF,360,,5,,,1,3,0,0,https://web.archive.org/web/20260717103842/https://fbref.com/en/comps/1/2026/defense/2026-FIFA-World-Cup-Stats
FIFA World Cup,2026,Gustaf Nilsson,Sweden,FW,2,,0,,,0,0,0,0,https://web.archive.org/web/20260717103842/https://fbref.com/en/comps/1/2026/defense/2026-FIFA-World-Cup-Stats
FIFA World Cup,2026,Isak Hien,Sweden,DF,216,,3,,,3,3,1,0,https://web.archive.org/web/20260717103842/https://fbref.com/en/comps/1/2026/defense/2026-FIFA-World-Cup-Stats
FIFA World Cup,2026,Jacob Widell Zetterström,Sweden,GK,180,,0,,,0,0,0,0,https://web.archive.org/web/20260717103842/https://fbref.com/en/comps/1/2026/defense/2026-FIFA-World-Cup-Stats
FIFA World Cup,2026,Jesper Karlström,Sweden,MF,138,,3,,,3,0,0,0,https://web.archive.org/web/20260717103842/https://fbref.com/en/comps/1/2026/defense/2026-FIFA-World-Cup-Stats
FIFA World Cup,2026,Ken Sema,Sweden,"FW,MF",16,,1,,,0,1,0,0,https://web.archive.org/web/20260717103842/https://fbref.com/en/comps/1/2026/defense/2026-FIFA-World-Cup-Stats
FIFA World Cup,2026,Kristoffer Nordfeldt,Sweden,GK,180,,0,,,0,0,0,0,https://web.archive.org/web/20260717103842/https://fbref.com/en/comps/1/2026/defense/2026-FIFA-World-Cup-Stats
FIFA World Cup,2026,Lucas Bergvall,Sweden,MF,181,,2,,,7,4,1,0,https://web.archive.org/web/20260717103842/https://fbref.com/en/comps/1/2026/defense/2026-FIFA-World-Cup-Stats
FIFA World Cup,2026,Mattias Svanberg,Sweden,MF,16,,1,,,0,1,0,0,https://web.archive.org/web/20260717103842/https://fbref.com/en/comps/1/2026/defense/2026-FIFA-World-Cup-Stats
FIFA World Cup,2026,Taha Ali,Sweden,"FW,MF",37,,0,,,0,2,0,0,https://web.archive.org/web/20260717103842/https://fbref.com/en/comps/1/2026/defense/2026-FIFA-World-Cup-Stats
FIFA World Cup,2026,Victor Lindelöf,Sweden,"DF,MF",356,,1,,,3,0,0,0,https://web.archive.org/web/20260717103842/https://fbref.com/en/comps/1/2026/defense/2026-FIFA-World-Cup-Stats
FIFA World Cup,2026,Viktor Gyökeres,Sweden,FW,360,,1,,,4,7,1,0,https://web.archive.org/web/20260717103842/https://fbref.com/en/comps/1/2026/defense/2026-FIFA-World-Cup-Stats
FIFA World Cup,2026,Yasin Ayari,Sweden,MF,339,,4,,,4,8,1,0,https://web.archive.org/web/20260717103842/https://fbref.com/en/comps/1/2026/defense/2026-FIFA-World-Cup-Stats
FIFA World Cup,2026,Ardon Jashari,Switzerland,MF,72,,0,,,2,1,0,0,https://web.archive.org/web/20260717103842/https://fbref.com/en/comps/1/2026/defense/2026-FIFA-World-Cup-Stats
FIFA World Cup,2026,Breel Embolo,Switzerland,FW,501,,0,,,9,11,2,1,https://web.archive.org/web/20260717103842/https://fbref.com/en/comps/1/2026/defense/2026-FIFA-World-Cup-Stats
FIFA World Cup,2026,Cedric Itten,Switzerland,"FW,MF",42,,0,,,4,2,0,0,https://web.archive.org/web/20260717103842/https://fbref.com/en/comps/1/2026/defense/2026-FIFA-World-Cup-Stats
FIFA World Cup,2026,Christian Fassnacht,Switzerland,"FW,MF",6,,1,,,0,0,0,0,https://web.archive.org/web/20260717103842/https://fbref.com/en/comps/1/2026/defense/2026-FIFA-World-Cup-Stats
FIFA World Cup,2026,Dan Ndoye,Switzerland,"MF,FW",406,,5,,,5,16,0,0,https://web.archive.org/web/20260717103842/https://fbref.com/en/comps/1/2026/defense/2026-FIFA-World-Cup-Stats
FIFA World Cup,2026,Denis Zakaria,Switzerland,DF,357,,5,,,4,0,2,0,https://web.archive.org/web/20260717103842/https://fbref.com/en/comps/1/2026/defense/2026-FIFA-World-Cup-Stats
FIFA World Cup,2026,Djibril Sow,Switzerland,MF,253,,1,,,5,4,0,0,https://web.archive.org/web/20260717103842/https://fbref.com/en/comps/1/2026/defense/2026-FIFA-World-Cup-Stats
FIFA World Cup,2026,Eray Cömert,Switzerland,DF,31,,0,,,0,0,0,0,https://web.archive.org/web/20260717103842/https://fbref.com/en/comps/1/2026/defense/2026-FIFA-World-Cup-Stats
FIFA World Cup,2026,Fabian Rieder,Switzerland,"MF,FW",302,,3,,,3,6,0,0,https://web.archive.org/web/20260717103842/https://fbref.com/en/comps/1/2026/defense/2026-FIFA-World-Cup-Stats
FIFA World Cup,2026,Granit Xhaka,Switzerland,MF,600,,4,,,4,12,2,0,https://web.archive.org/web/20260717103842/https://fbref.com/en/comps/1/2026/defense/2026-FIFA-World-Cup-Stats
FIFA World Cup,2026,Gregor Kobel,Switzerland,GK,600,,0,,,0,3,0,0,https://web.archive.org/web/20260717103842/https://fbref.com/en/comps/1/2026/defense/2026-FIFA-World-Cup-Stats
FIFA World Cup,2026,Johan Manzambi,Switzerland,"MF,FW",199,,0,,,3,3,0,0,https://web.archive.org/web/20260717103842/https://fbref.com/en/comps/1/2026/defense/2026-FIFA-World-Cup-Stats
FIFA World Cup,2026,Luca Jaquez,Switzerland,DF,78,,0,,,3,1,0,0,https://web.archive.org/web/20260717103842/https://fbref.com/en/comps/1/2026/defense/2026-FIFA-World-Cup-Stats
FIFA World Cup,2026,Manuel Akanji,Switzerland,DF,600,,9,,,4,4,0,0,https://web.archive.org/web/20260717103842/https://fbref.com/en/comps/1/2026/defense/2026-FIFA-World-Cup-Stats
FIFA World Cup,2026,Michel Aebischer,Switzerland,"MF,FW",156,,1,,,3,2,0,0,https://web.archive.org/web/20260717103842/https://fbref.com/en/comps/1/2026/defense/2026-FIFA-World-Cup-Stats
FIFA World Cup,2026,Miro Muheim,Switzerland,"DF,MF",87,,1,,,1,3,1,0,https://web.archive.org/web/20260717103842/https://fbref.com/en/comps/1/2026/defense/2026-FIFA-World-Cup-Stats
FIFA World Cup,2026,Nico Elvedi,Switzerland,DF,600,,2,,,5,6,1,0,https://web.archive.org/web/20260717103842/https://fbref.com/en/comps/1/2026/defense/2026-FIFA-World-Cup-Stats
FIFA World Cup,2026,Noah Okafor,Switzerland,"FW,MF",20,,1,,,0,0,0,0,https://web.archive.org/web/20260717103842/https://fbref.com/en/comps/1/2026/defense/2026-FIFA-World-Cup-Stats
FIFA World Cup,2026,Remo Freuler,Switzerland,MF,592,,5,,,8,3,0,0,https://web.archive.org/web/20260717103842/https://fbref.com/en/comps/1/2026/defense/2026-FIFA-World-Cup-Stats
FIFA World Cup,2026,Ricardo Rodríguez,Switzerland,DF,517,,7,,,11,2,0,0,https://web.archive.org/web/20260717103842/https://fbref.com/en/comps/1/2026/defense/2026-FIFA-World-Cup-Stats
FIFA World Cup,2026,Ruben Vargas,Switzerland,MF,284,,2,,,6,6,0,0,https://web.archive.org/web/20260717103842/https://fbref.com/en/comps/1/2026/defense/2026-FIFA-World-Cup-Stats
FIFA World Cup,2026,Silvan Widmer,Switzerland,DF,175,,4,,,2,0,0,0,https://web.archive.org/web/20260717103842/https://fbref.com/en/comps/1/2026/defense/2026-FIFA-World-Cup-Stats
FIFA World Cup,2026,Zeki Amdouni,Switzerland,"FW,MF",73,,1,,,5,4,0,0,https://web.archive.org/web/20260717103842/https://fbref.com/en/comps/1/2026/defense/2026-FIFA-World-Cup-Stats
FIFA World Cup,2026,Ali Abdi,Tunisia,DF,269,,8,,,4,1,0,0,https://web.archive.org/web/20260717103842/https://fbref.com/en/comps/1/2026/defense/2026-FIFA-World-Cup-Stats
FIFA World Cup,2026,Anis Ben Slimane,Tunisia,"MF,FW",240,,2,,,0,0,0,0,https://web.archive.org/web/20260717103842/https://fbref.com/en/comps/1/2026/defense/2026-FIFA-World-Cup-Stats
FIFA World Cup,2026,Aymen Dahmen,Tunisia,GK,180,,0,,,0,1,0,0,https://web.archive.org/web/20260717103842/https://fbref.com/en/comps/1/2026/defense/2026-FIFA-World-Cup-Stats
FIFA World Cup,2026,Dylan Bronn,Tunisia,DF,45,,0,,,1,0,0,0,https://web.archive.org/web/20260717103842/https://fbref.com/en/comps/1/2026/defense/2026-FIFA-World-Cup-Stats
FIFA World Cup,2026,Elias Achouri,Tunisia,"FW,MF",43,,2,,,0,1,0,0,https://web.archive.org/web/20260717103842/https://fbref.com/en/comps/1/2026/defense/2026-FIFA-World-Cup-Stats
FIFA World Cup,2026,Elias Saad,Tunisia,"MF,FW",116,,1,,,1,3,0,0,https://web.archive.org/web/20260717103842/https://fbref.com/en/comps/1/2026/defense/2026-FIFA-World-Cup-Stats
FIFA World Cup,2026,Ellyes Skhiri,Tunisia,"MF,DF",250,,1,,,0,1,0,0,https://web.archive.org/web/20260717103842/https://fbref.com/en/comps/1/2026/defense/2026-FIFA-World-Cup-Stats
FIFA World Cup,2026,Firas Chaouat,Tunisia,FW,49,,0,,,1,2,0,0,https://web.archive.org/web/20260717103842/https://fbref.com/en/comps/1/2026/defense/2026-FIFA-World-Cup-Stats
FIFA World Cup,2026,Hadj Mahmoud,Tunisia,MF,43,,2,,,2,0,0,0,https://web.archive.org/web/20260717103842/https://fbref.com/en/comps/1/2026/defense/2026-FIFA-World-Cup-Stats
FIFA World Cup,2026,Hannibal Mejbri,Tunisia,MF,270,,4,,,4,15,0,0,https://web.archive.org/web/20260717103842/https://fbref.com/en/comps/1/2026/defense/2026-FIFA-World-Cup-Stats
FIFA World Cup,2026,Hazem Mastouri,Tunisia,FW,89,,0,,,2,2,0,0,https://web.archive.org/web/20260717103842/https://fbref.com/en/comps/1/2026/defense/2026-FIFA-World-Cup-Stats
FIFA World Cup,2026,Ismaël Gharbi,Tunisia,MF,127,,1,,,0,2,0,0,https://web.archive.org/web/20260717103842/https://fbref.com/en/comps/1/2026/defense/2026-FIFA-World-Cup-Stats
FIFA World Cup,2026,Mohamed Amine Ben Hamida,Tunisia,DF,202,,9,,,3,1,0,0,https://web.archive.org/web/20260717103842/https://fbref.com/en/comps/1/2026/defense/2026-FIFA-World-Cup-Stats
FIFA World Cup,2026,Montassar Talbi,Tunisia,DF,270,,2,,,1,1,0,0,https://web.archive.org/web/20260717103842/https://fbref.com/en/comps/1/2026/defense/2026-FIFA-World-Cup-Stats
FIFA World Cup,2026,Mortadha Ben Ouanes,Tunisia,"DF,MF",23,,0,,,0,1,0,0,https://web.archive.org/web/20260717103842/https://fbref.com/en/comps/1/2026/defense/2026-FIFA-World-Cup-Stats
FIFA World Cup,2026,Mouhib Chamakh,Tunisia,GK,90,,0,,,0,0,0,0,https://web.archive.org/web/20260717103842/https://fbref.com/en/comps/1/2026/defense/2026-FIFA-World-Cup-Stats
FIFA World Cup,2026,Omar Rekik,Tunisia,DF,180,,2,,,0,1,0,0,https://web.archive.org/web/20260717103842/https://fbref.com/en/comps/1/2026/defense/2026-FIFA-World-Cup-Stats
FIFA World Cup,2026,Rani Khedira,Tunisia,MF,149,,1,,,3,0,1,0,https://web.archive.org/web/20260717103842/https://fbref.com/en/comps/1/2026/defense/2026-FIFA-World-Cup-Stats
FIFA World Cup,2026,Sebastian Tounekti,Tunisia,FW,84,,0,,,1,0,0,0,https://web.archive.org/web/20260717103842/https://fbref.com/en/comps/1/2026/defense/2026-FIFA-World-Cup-Stats
FIFA World Cup,2026,Yan Valery,Tunisia,DF,251,,1,,,4,0,0,0,https://web.archive.org/web/20260717103842/https://fbref.com/en/comps/1/2026/defense/2026-FIFA-World-Cup-Stats
FIFA World Cup,2026,Abdülkerim Bardakcı,Turkey,DF,265,,5,,,1,3,0,0,https://web.archive.org/web/20260717103842/https://fbref.com/en/comps/1/2026/defense/2026-FIFA-World-Cup-Stats
FIFA World Cup,2026,Arda Güler,Turkey,MF,270,,3,,,3,10,0,0,https://web.archive.org/web/20260717103842/https://fbref.com/en/comps/1/2026/defense/2026-FIFA-World-Cup-Stats
FIFA World Cup,2026,Barış Alper Yılmaz,Turkey,"MF,FW",179,,0,,,4,1,0,0,https://web.archive.org/web/20260717103842/https://fbref.com/en/comps/1/2026/defense/2026-FIFA-World-Cup-Stats
FIFA World Cup,2026,Can Uzun,Turkey,MF,38,,0,,,0,1,0,0,https://web.archive.org/web/20260717103842/https://fbref.com/en/comps/1/2026/defense/2026-FIFA-World-Cup-Stats
FIFA World Cup,2026,Deniz Gül,Turkey,FW,37,,0,,,2,0,0,0,https://web.archive.org/web/20260717103842/https://fbref.com/en/comps/1/2026/defense/2026-FIFA-World-Cup-Stats
FIFA World Cup,2026,Eren Elmalı,Turkey,DF,111,,1,,,2,1,1,0,https://web.archive.org/web/20260717103842/https://fbref.com/en/comps/1/2026/defense/2026-FIFA-World-Cup-Stats
FIFA World Cup,2026,Ferdi Kadioglu,Turkey,DF,159,,2,,,0,3,0,0,https://web.archive.org/web/20260717103842/https://fbref.com/en/comps/1/2026/defense/2026-FIFA-World-Cup-Stats
FIFA World Cup,2026,Hakan Çalhanoğlu,Turkey,MF,180,,3,,,2,1,0,0,https://web.archive.org/web/20260717103842/https://fbref.com/en/comps/1/2026/defense/2026-FIFA-World-Cup-Stats
FIFA World Cup,2026,Kaan Ayhan,Turkey,"DF,MF",3,,0,,,0,0,0,0,https://web.archive.org/web/20260717103842/https://fbref.com/en/comps/1/2026/defense/2026-FIFA-World-Cup-Stats
FIFA World Cup,2026,Kenan Yıldız,Turkey,MF,218,,2,,,2,4,0,0,https://web.archive.org/web/20260717103842/https://fbref.com/en/comps/1/2026/defense/2026-FIFA-World-Cup-Stats
FIFA World Cup,2026,Kerem Aktürkoğlu,Turkey,FW,129,,1,,,0,2,0,0,https://web.archive.org/web/20260717103842/https://fbref.com/en/comps/1/2026/defense/2026-FIFA-World-Cup-Stats
FIFA World Cup,2026,Merih Demiral,Turkey,DF,180,,1,,,2,1,0,0,https://web.archive.org/web/20260717103842/https://fbref.com/en/comps/1/2026/defense/2026-FIFA-World-Cup-Stats
FIFA World Cup,2026,Mert Müldür,Turkey,DF,101,,2,,,1,2,0,0,https://web.archive.org/web/20260717103842/https://fbref.com/en/comps/1/2026/defense/2026-FIFA-World-Cup-Stats
FIFA World Cup,2026,Orkun Kökçü,Turkey,MF,153,,1,,,2,4,0,0,https://web.archive.org/web/20260717103842/https://fbref.com/en/comps/1/2026/defense/2026-FIFA-World-Cup-Stats
FIFA World Cup,2026,Ozan Kabak,Turkey,DF,90,,2,,,3,0,0,0,https://web.archive.org/web/20260717103842/https://fbref.com/en/comps/1/2026/defense/2026-FIFA-World-Cup-Stats
FIFA World Cup,2026,Oğuz Aydın,Turkey,DF,89,,6,,,0,2,0,0,https://web.archive.org/web/20260717103842/https://fbref.com/en/comps/1/2026/defense/2026-FIFA-World-Cup-Stats
FIFA World Cup,2026,Salih Özcan,Turkey,MF,100,,1,,,2,2,0,0,https://web.archive.org/web/20260717103842/https://fbref.com/en/comps/1/2026/defense/2026-FIFA-World-Cup-Stats
FIFA World Cup,2026,Uğurcan Çakır,Turkey,GK,270,,0,,,0,0,0,0,https://web.archive.org/web/20260717103842/https://fbref.com/en/comps/1/2026/defense/2026-FIFA-World-Cup-Stats
FIFA World Cup,2026,Yunus Akgün,Turkey,MF,88,,0,,,2,1,1,0,https://web.archive.org/web/20260717103842/https://fbref.com/en/comps/1/2026/defense/2026-FIFA-World-Cup-Stats
FIFA World Cup,2026,Zeki Çelik,Turkey,DF,163,,3,,,1,0,0,0,https://web.archive.org/web/20260717103842/https://fbref.com/en/comps/1/2026/defense/2026-FIFA-World-Cup-Stats
FIFA World Cup,2026,Çağlar Söyüncü,Turkey,DF,7,,0,,,0,0,0,0,https://web.archive.org/web/20260717103842/https://fbref.com/en/comps/1/2026/defense/2026-FIFA-World-Cup-Stats
FIFA World Cup,2026,İrfan Can Kahveci,Turkey,MF,1,,1,,,0,0,0,0,https://web.archive.org/web/20260717103842/https://fbref.com/en/comps/1/2026/defense/2026-FIFA-World-Cup-Stats
FIFA World Cup,2026,İsmail Yüksek,Turkey,MF,139,,5,,,2,0,0,0,https://web.archive.org/web/20260717103842/https://fbref.com/en/comps/1/2026/defense/2026-FIFA-World-Cup-Stats
FIFA World Cup,2026,Alejandro Zendejas,United States,"FW,MF",14,,1,,,1,0,0,0,https://web.archive.org/web/20260717103842/https://fbref.com/en/comps/1/2026/defense/2026-FIFA-World-Cup-Stats
FIFA World Cup,2026,Alex Freeman,United States,DF,374,,6,,,1,1,0,0,https://web.archive.org/web/20260717103842/https://fbref.com/en/comps/1/2026/defense/2026-FIFA-World-Cup-Stats
FIFA World Cup,2026,Antonee Robinson,United States,"DF,MF",348,,4,,,4,1,1,0,https://web.archive.org/web/20260717103842/https://fbref.com/en/comps/1/2026/defense/2026-FIFA-World-Cup-Stats
FIFA World Cup,2026,Auston Trusty,United States,DF,101,,1,,,2,0,0,0,https://web.archive.org/web/20260717103842/https://fbref.com/en/comps/1/2026/defense/2026-FIFA-World-Cup-Stats
FIFA World Cup,2026,Brenden Aaronson,United States,MF,76,,1,,,2,1,0,0,https://web.archive.org/web/20260717103842/https://fbref.com/en/comps/1/2026/defense/2026-FIFA-World-Cup-Stats
FIFA World Cup,2026,Chris Richards,United States,DF,360,,3,,,8,3,1,0,https://web.archive.org/web/20260717103842/https://fbref.com/en/comps/1/2026/defense/2026-FIFA-World-Cup-Stats
FIFA World Cup,2026,Christian Pulisic,United States,MF,223,,1,,,1,8,0,0,https://web.archive.org/web/20260717103842/https://fbref.com/en/comps/1/2026/defense/2026-FIFA-World-Cup-Stats
FIFA World Cup,2026,Folarin Balogun,United States,FW,312,,0,,,3,8,1,1,https://web.archive.org/web/20260717103842/https://fbref.com/en/comps/1/2026/defense/2026-FIFA-World-Cup-Stats
FIFA World Cup,2026,Gio Reyna,United States,MF,131,,0,,,1,3,0,0,https://web.archive.org/web/20260717103842/https://fbref.com/en/comps/1/2026/defense/2026-FIFA-World-Cup-Stats
FIFA World Cup,2026,Haji Wright,United States,"FW,MF",2,,0,,,0,0,0,0,https://web.archive.org/web/20260717103842/https://fbref.com/en/comps/1/2026/defense/2026-FIFA-World-Cup-Stats
FIFA World Cup,2026,Joe Scally,United States,DF,87,,1,,,0,2,0,0,https://web.archive.org/web/20260717103842/https://fbref.com/en/comps/1/2026/defense/2026-FIFA-World-Cup-Stats
FIFA World Cup,2026,Malik Tillman,United States,MF,356,,7,,,3,13,1,0,https://web.archive.org/web/20260717103842/https://fbref.com/en/comps/1/2026/defense/2026-FIFA-World-Cup-Stats
FIFA World Cup,2026,Mark McKenzie,United States,DF,90,,1,,,1,1,0,0,https://web.archive.org/web/20260717103842/https://fbref.com/en/comps/1/2026/defense/2026-FIFA-World-Cup-Stats
FIFA World Cup,2026,Matt Freese,United States,GK,360,,0,,,0,2,0,0,https://web.archive.org/web/20260717103842/https://fbref.com/en/comps/1/2026/defense/2026-FIFA-World-Cup-Stats
FIFA World Cup,2026,Matt Turner,United States,GK,90,,0,,,0,0,0,0,https://web.archive.org/web/20260717103842/https://fbref.com/en/comps/1/2026/defense/2026-FIFA-World-Cup-Stats
FIFA World Cup,2026,Max Arfsten,United States,MF,1,,0,,,0,0,0,0,https://web.archive.org/web/20260717103842/https://fbref.com/en/comps/1/2026/defense/2026-FIFA-World-Cup-Stats
FIFA World Cup,2026,Miles Robinson,United States,DF,90,,1,,,2,0,0,0,https://web.archive.org/web/20260717103842/https://fbref.com/en/comps/1/2026/defense/2026-FIFA-World-Cup-Stats
FIFA World Cup,2026,Ricardo Pepi,United States,FW,204,,1,,,5,3,0,0,https://web.archive.org/web/20260717103842/https://fbref.com/en/comps/1/2026/defense/2026-FIFA-World-Cup-Stats
FIFA World Cup,2026,Sebastian Berhalter,United States,MF,187,,0,,,5,6,1,0,https://web.archive.org/web/20260717103842/https://fbref.com/en/comps/1/2026/defense/2026-FIFA-World-Cup-Stats
FIFA World Cup,2026,Sergiño Dest,United States,MF,297,,1,,,2,4,0,0,https://web.archive.org/web/20260717103842/https://fbref.com/en/comps/1/2026/defense/2026-FIFA-World-Cup-Stats
FIFA World Cup,2026,Tim Ream,United States,DF,360,,1,,,0,2,0,0,https://web.archive.org/web/20260717103842/https://fbref.com/en/comps/1/2026/defense/2026-FIFA-World-Cup-Stats
FIFA World Cup,2026,Timothy Weah,United States,MF,76,,0,,,2,0,0,0,https://web.archive.org/web/20260717103842/https://fbref.com/en/comps/1/2026/defense/2026-FIFA-World-Cup-Stats
FIFA World Cup,2026,Tyler Adams,United States,MF,341,,5,,,5,6,1,0,https://web.archive.org/web/20260717103842/https://fbref.com/en/comps/1/2026/defense/2026-FIFA-World-Cup-Stats
FIFA World Cup,2026,Weston McKennie,United States,MF,443,,7,,,8,2,1,0,https://web.archive.org/web/20260717103842/https://fbref.com/en/comps/1/2026/defense/2026-FIFA-World-Cup-Stats
FIFA World Cup,2026,Agustín Canobbio,Uruguay,FW,224,,3,,,7,5,0,1,https://web.archive.org/web/20260717103842/https://fbref.com/en/comps/1/2026/defense/2026-FIFA-World-Cup-Stats
FIFA World Cup,2026,Brian Rodríguez,Uruguay,"FW,MF",41,,0,,,0,1,0,0,https://web.archive.org/web/20260717103842/https://fbref.com/en/comps/1/2026/defense/2026-FIFA-World-Cup-Stats
FIFA World Cup,2026,Darwin Núñez,Uruguay,FW,156,,1,,,1,1,0,0,https://web.archive.org/web/20260717103842/https://fbref.com/en/comps/1/2026/defense/2026-FIFA-World-Cup-Stats
FIFA World Cup,2026,Federico Valverde,Uruguay,MF,236,,2,,,1,0,0,0,https://web.archive.org/web/20260717103842/https://fbref.com/en/comps/1/2026/defense/2026-FIFA-World-Cup-Stats
FIFA World Cup,2026,Federico Viñas,Uruguay,FW,192,,2,,,3,3,0,0,https://web.archive.org/web/20260717103842/https://fbref.com/en/comps/1/2026/defense/2026-FIFA-World-Cup-Stats
FIFA World Cup,2026,Fernando Muslera,Uruguay,GK,225,,0,,,0,0,0,0,https://web.archive.org/web/20260717103842/https://fbref.com/en/comps/1/2026/defense/2026-FIFA-World-Cup-Stats
FIFA World Cup,2026,Guillermo Varela,Uruguay,DF,270,,1,,,1,1,1,0,https://web.archive.org/web/20260717103842/https://fbref.com/en/comps/1/2026/defense/2026-FIFA-World-Cup-Stats
FIFA World Cup,2026,Juan Manuel Sanabria,Uruguay,DF,204,,4,,,1,0,1,0,https://web.archive.org/web/20260717103842/https://fbref.com/en/comps/1/2026/defense/2026-FIFA-World-Cup-Stats
FIFA World Cup,2026,Manuel Ugarte,Uruguay,MF,184,,1,,,1,0,0,0,https://web.archive.org/web/20260717103842/https://fbref.com/en/comps/1/2026/defense/2026-FIFA-World-Cup-Stats
FIFA World Cup,2026,Mathías Olivera,Uruguay,DF,270,,4,,,3,0,1,0,https://web.archive.org/web/20260717103842/https://fbref.com/en/comps/1/2026/defense/2026-FIFA-World-Cup-Stats
FIFA World Cup,2026,Matías Viña,Uruguay,DF,45,,0,,,0,1,0,0,https://web.archive.org/web/20260717103842/https://fbref.com/en/comps/1/2026/defense/2026-FIFA-World-Cup-Stats
FIFA World Cup,2026,Maxi Araújo,Uruguay,"FW,MF",250,,0,,,2,7,0,0,https://web.archive.org/web/20260717103842/https://fbref.com/en/comps/1/2026/defense/2026-FIFA-World-Cup-Stats
FIFA World Cup,2026,Nicolás De La Cruz,Uruguay,MF,86,,1,,,2,3,1,0,https://web.archive.org/web/20260717103842/https://fbref.com/en/comps/1/2026/defense/2026-FIFA-World-Cup-Stats
FIFA World Cup,2026,Rodrigo Aguirre,Uruguay,FW,1,,0,,,0,0,0,0,https://web.archive.org/web/20260717103842/https://fbref.com/en/comps/1/2026/defense/2026-FIFA-World-Cup-Stats
FIFA World Cup,2026,Rodrigo Bentancur,Uruguay,MF,270,,5,,,7,5,1,0,https://web.archive.org/web/20260717103842/https://fbref.com/en/comps/1/2026/defense/2026-FIFA-World-Cup-Stats
FIFA World Cup,2026,Sebastián Cáceres,Uruguay,DF,270,,1,,,2,2,0,0,https://web.archive.org/web/20260717103842/https://fbref.com/en/comps/1/2026/defense/2026-FIFA-World-Cup-Stats
FIFA World Cup,2026,Sergio Rochet,Uruguay,GK,45,,0,,,0,0,0,0,https://web.archive.org/web/20260717103842/https://fbref.com/en/comps/1/2026/defense/2026-FIFA-World-Cup-Stats
FIFA World Cup,2026,Abbosbek Fayzullayev,Uzbekistan,MF,220,,6,,,6,4,0,0,https://web.archive.org/web/20260717103842/https://fbref.com/en/comps/1/2026/defense/2026-FIFA-World-Cup-Stats
FIFA World Cup,2026,Abdukodir Khusanov,Uzbekistan,DF,270,,3,,,6,0,2,0,https://web.archive.org/web/20260717103842/https://fbref.com/en/comps/1/2026/defense/2026-FIFA-World-Cup-Stats
FIFA World Cup,2026,Abdulla Abdullaev,Uzbekistan,DF,180,,2,,,5,1,0,0,https://web.archive.org/web/20260717103842/https://fbref.com/en/comps/1/2026/defense/2026-FIFA-World-Cup-Stats
FIFA World Cup,2026,Abduvohid Nematov,Uzbekistan,GK,180,,0,,,0,0,0,0,https://web.archive.org/web/20260717103842/https://fbref.com/en/comps/1/2026/defense/2026-FIFA-World-Cup-Stats
FIFA World Cup,2026,Akmal Mozgovoy,Uzbekistan,MF,216,,0,,,0,3,0,0,https://web.archive.org/web/20260717103842/https://fbref.com/en/comps/1/2026/defense/2026-FIFA-World-Cup-Stats
FIFA World Cup,2026,Aziz Gʻaniyev,Uzbekistan,MF,122,,6,,,2,1,0,0,https://web.archive.org/web/20260717103842/https://fbref.com/en/comps/1/2026/defense/2026-FIFA-World-Cup-Stats
FIFA World Cup,2026,Azizbek Amonov,Uzbekistan,FW,14,,0,,,0,0,0,0,https://web.archive.org/web/20260717103842/https://fbref.com/en/comps/1/2026/defense/2026-FIFA-World-Cup-Stats
FIFA World Cup,2026,Bekhruz Karimov,Uzbekistan,DF,179,,5,,,8,4,0,0,https://web.archive.org/web/20260717103842/https://fbref.com/en/comps/1/2026/defense/2026-FIFA-World-Cup-Stats
FIFA World Cup,2026,Dostonbek Khamdamov,Uzbekistan,MF,103,,4,,,1,0,0,0,https://web.archive.org/web/20260717103842/https://fbref.com/en/comps/1/2026/defense/2026-FIFA-World-Cup-Stats
FIFA World Cup,2026,Eldor Shomurodov,Uzbekistan,FW,269,,4,,,8,4,0,0,https://web.archive.org/web/20260717103842/https://fbref.com/en/comps/1/2026/defense/2026-FIFA-World-Cup-Stats
FIFA World Cup,2026,Farrukh Sayfiev,Uzbekistan,"DF,MF",45,,0,,,0,2,0,0,https://web.archive.org/web/20260717103842/https://fbref.com/en/comps/1/2026/defense/2026-FIFA-World-Cup-Stats
FIFA World Cup,2026,Igor Sergeev,Uzbekistan,FW,28,,0,,,0,0,0,0,https://web.archive.org/web/20260717103842/https://fbref.com/en/comps/1/2026/defense/2026-FIFA-World-Cup-Stats
FIFA World Cup,2026,Jakhongir Urozov,Uzbekistan,DF,95,,0,,,0,0,0,0,https://web.archive.org/web/20260717103842/https://fbref.com/en/comps/1/2026/defense/2026-FIFA-World-Cup-Stats
FIFA World Cup,2026,Jamshid Iskanderov,Uzbekistan,"FW,MF",9,,0,,,0,0,0,0,https://web.archive.org/web/20260717103842/https://fbref.com/en/comps/1/2026/defense/2026-FIFA-World-Cup-Stats
FIFA World Cup,2026,Khojiakbar Alijonov,Uzbekistan,MF,135,,2,,,2,1,0,0,https://web.archive.org/web/20260717103842/https://fbref.com/en/comps/1/2026/defense/2026-FIFA-World-Cup-Stats
FIFA World Cup,2026,Odiljon Hamrobekov,Uzbekistan,MF,77,,0,,,1,1,1,0,https://web.archive.org/web/20260717103842/https://fbref.com/en/comps/1/2026/defense/2026-FIFA-World-Cup-Stats
FIFA World Cup,2026,Oston Urunov,Uzbekistan,MF,63,,0,,,0,0,0,0,https://web.archive.org/web/20260717103842/https://fbref.com/en/comps/1/2026/defense/2026-FIFA-World-Cup-Stats
FIFA World Cup,2026,Otabek Shukurov,Uzbekistan,MF,237,,2,,,2,5,0,0,https://web.archive.org/web/20260717103842/https://fbref.com/en/comps/1/2026/defense/2026-FIFA-World-Cup-Stats
FIFA World Cup,2026,Ruslanbek Jiyanov,Uzbekistan,FW,1,,1,,,0,0,0,0,https://web.archive.org/web/20260717103842/https://fbref.com/en/comps/1/2026/defense/2026-FIFA-World-Cup-Stats
FIFA World Cup,2026,Rustam Ashurmatov,Uzbekistan,DF,256,,2,,,1,0,0,0,https://web.archive.org/web/20260717103842/https://fbref.com/en/comps/1/2026/defense/2026-FIFA-World-Cup-Stats
FIFA World Cup,2026,Sherzod Esanov,Uzbekistan,MF,1,,0,,,0,0,0,0,https://web.archive.org/web/20260717103842/https://fbref.com/en/comps/1/2026/defense/2026-FIFA-World-Cup-Stats
FIFA World Cup,2026,Sherzod Nasrullaev,Uzbekistan,"DF,MF",180,,2,,,3,2,1,0,https://web.archive.org/web/20260717103842/https://fbref.com/en/comps/1/2026/defense/2026-FIFA-World-Cup-Stats
FIFA World Cup,2026,Utkir Yusupov,Uzbekistan,GK,90,,0,,,0,1,0,0,https://web.archive.org/web/20260717103842/https://fbref.com/en/comps/1/2026/defense/2026-FIFA-World-Cup-Stats
Copa América,2019,Franco Armani,Argentina,GK,540,,0,,,1,0,1,0,https://web.archive.org/web/20260717104245/https://fbref.com/en/comps/685/2019/defense/2019-Copa-America-Stats
Copa América,2019,Germán Pezzella,Argentina,DF,456,,6,,,4,2,1,0,https://web.archive.org/web/20260717104245/https://fbref.com/en/comps/685/2019/defense/2019-Copa-America-Stats
Copa América,2019,Giovani Lo Celso,Argentina,MF,370,,9,,,14,8,1,0,https://web.archive.org/web/20260717104245/https://fbref.com/en/comps/685/2019/defense/2019-Copa-America-Stats
Copa América,2019,Guido Pizarro,Argentina,MF,24,,0,,,1,0,0,0,https://web.archive.org/web/20260717104245/https://fbref.com/en/comps/685/2019/defense/2019-Copa-America-Stats
Copa América,2019,Guido Rodríguez,Argentina,MF,66,,0,,,1,1,1,0,https://web.archive.org/web/20260717104245/https://fbref.com/en/comps/685/2019/defense/2019-Copa-America-Stats
Copa América,2019,Juan Foyth,Argentina,DF,354,,13,,,7,3,3,0,https://web.archive.org/web/20260717104245/https://fbref.com/en/comps/685/2019/defense/2019-Copa-America-Stats
Copa América,2019,Lautaro Martínez,Argentina,FW,294,,2,,,8,10,2,0,https://web.archive.org/web/20260717104245/https://fbref.com/en/comps/685/2019/defense/2019-Copa-America-Stats
Copa América,2019,Leandro Paredes,Argentina,MF,540,,8,,,12,16,2,0,https://web.archive.org/web/20260717104245/https://fbref.com/en/comps/685/2019/defense/2019-Copa-America-Stats
Copa América,2019,Lionel Messi,Argentina,FW,486,,5,,,5,18,0,1,https://web.archive.org/web/20260717104245/https://fbref.com/en/comps/685/2019/defense/2019-Copa-America-Stats
Copa América,2019,Marcos Acuña,Argentina,MF,161,,4,,,5,0,2,0,https://web.archive.org/web/20260717104245/https://fbref.com/en/comps/685/2019/defense/2019-Copa-America-Stats
Copa América,2019,Matías Suárez,Argentina,"FW,MF",26,,0,,,2,0,0,0,https://web.archive.org/web/20260717104245/https://fbref.com/en/comps/685/2019/defense/2019-Copa-America-Stats
Copa América,2019,Milton Casco,Argentina,DF,90,,1,,,2,0,0,0,https://web.archive.org/web/20260717104245/https://fbref.com/en/comps/685/2019/defense/2019-Copa-America-Stats
Copa América,2019,Nicolás Otamendi,Argentina,DF,540,,6,,,8,2,1,0,https://web.archive.org/web/20260717104245/https://fbref.com/en/comps/685/2019/defense/2019-Copa-America-Stats
Copa América,2019,Nicolás Tagliafico,Argentina,DF,534,,10,,,14,10,3,0,https://web.archive.org/web/20260717104245/https://fbref.com/en/comps/685/2019/defense/2019-Copa-America-Stats
Copa América,2019,Paulo Dybala,Argentina,FW,93,,2,,,4,3,0,0,https://web.archive.org/web/20260717104245/https://fbref.com/en/comps/685/2019/defense/2019-Copa-America-Stats
Copa América,2019,Ramiro Funes Mori,Argentina,DF,1,,0,,,0,0,0,0,https://web.archive.org/web/20260717104245/https://fbref.com/en/comps/685/2019/defense/2019-Copa-America-Stats
Copa América,2019,Renzo Saravia,Argentina,DF,180,,2,,,3,2,1,0,https://web.archive.org/web/20260717104245/https://fbref.com/en/comps/685/2019/defense/2019-Copa-America-Stats
Copa América,2019,Roberto Pereyra,Argentina,MF,45,,0,,,1,0,0,0,https://web.archive.org/web/20260717104245/https://fbref.com/en/comps/685/2019/defense/2019-Copa-America-Stats
Copa América,2019,Rodrigo De Paul,Argentina,MF,467,,5,,,2,13,0,0,https://web.archive.org/web/20260717104245/https://fbref.com/en/comps/685/2019/defense/2019-Copa-America-Stats
Copa América,2019,Sergio Agüero,Argentina,FW,467,,4,,,11,4,1,0,https://web.archive.org/web/20260717104245/https://fbref.com/en/comps/685/2019/defense/2019-Copa-America-Stats
Copa América,2019,Ángel Di María,Argentina,MF,152,,0,,,1,1,0,0,https://web.archive.org/web/20260717104245/https://fbref.com/en/comps/685/2019/defense/2019-Copa-America-Stats
Copa América,2019,Adrian Jusino,Bolivia,DF,270,,3,,,3,2,0,0,https://web.archive.org/web/20260717104245/https://fbref.com/en/comps/685/2019/defense/2019-Copa-America-Stats
Copa América,2019,Alejandro Chumacero,Bolivia,MF,180,,2,,,1,2,1,0,https://web.archive.org/web/20260717104245/https://fbref.com/en/comps/685/2019/defense/2019-Copa-America-Stats
Copa América,2019,Carlos Lampe,Bolivia,GK,270,,0,,,0,0,0,0,https://web.archive.org/web/20260717104245/https://fbref.com/en/comps/685/2019/defense/2019-Copa-America-Stats
Copa América,2019,Diego Bejarano,Bolivia,DF,270,,4,,,0,5,0,0,https://web.archive.org/web/20260717104245/https://fbref.com/en/comps/685/2019/defense/2019-Copa-America-Stats
Copa América,2019,Diego Wayar,Bolivia,MF,32,,0,,,0,1,0,0,https://web.archive.org/web/20260717104245/https://fbref.com/en/comps/685/2019/defense/2019-Copa-America-Stats
Copa América,2019,Erwin Saavedra,Bolivia,MF,135,,2,,,1,4,0,0,https://web.archive.org/web/20260717104245/https://fbref.com/en/comps/685/2019/defense/2019-Copa-America-Stats
Copa América,2019,Fernando Saucedo,Bolivia,MF,218,,2,,,6,0,1,0,https://web.archive.org/web/20260717104245/https://fbref.com/en/comps/685/2019/defense/2019-Copa-America-Stats
Copa América,2019,Gilbert Álvarez,Bolivia,FW,24,,0,,,1,0,0,0,https://web.archive.org/web/20260717104245/https://fbref.com/en/comps/685/2019/defense/2019-Copa-America-Stats
Copa América,2019,Leonardo Vaca,Bolivia,MF,78,,1,,,0,1,0,0,https://web.archive.org/web/20260717104245/https://fbref.com/en/comps/685/2019/defense/2019-Copa-America-Stats
Copa América,2019,Leonel Justiniano,Bolivia,MF,270,,4,,,9,4,1,0,https://web.archive.org/web/20260717104245/https://fbref.com/en/comps/685/2019/defense/2019-Copa-America-Stats
Copa América,2019,Luis Haquín,Bolivia,DF,270,,4,,,1,1,1,0,https://web.archive.org/web/20260717104245/https://fbref.com/en/comps/685/2019/defense/2019-Copa-America-Stats
Copa América,2019,Marcelo Martins Moreno,Bolivia,FW,257,,2,,,3,3,0,0,https://web.archive.org/web/20260717104245/https://fbref.com/en/comps/685/2019/defense/2019-Copa-America-Stats
Copa América,2019,Marvin Bejarano,Bolivia,DF,251,,3,,,1,5,0,0,https://web.archive.org/web/20260717104245/https://fbref.com/en/comps/685/2019/defense/2019-Copa-America-Stats
Copa América,2019,Paul Arano,Bolivia,MF,90,,0,,,0,1,0,0,https://web.archive.org/web/20260717104245/https://fbref.com/en/comps/685/2019/defense/2019-Copa-America-Stats
Copa América,2019,Ramiro Vaca,Bolivia,MF,106,,2,,,1,0,0,0,https://web.archive.org/web/20260717104245/https://fbref.com/en/comps/685/2019/defense/2019-Copa-America-Stats
Copa América,2019,Raúl Castro,Bolivia,MF,210,,6,,,2,4,1,0,https://web.archive.org/web/20260717104245/https://fbref.com/en/comps/685/2019/defense/2019-Copa-America-Stats
Copa América,2019,Roberto Fernández,Bolivia,DF,39,,0,,,1,2,1,0,https://web.archive.org/web/20260717104245/https://fbref.com/en/comps/685/2019/defense/2019-Copa-America-Stats
Copa América,2019,Alex Sandro,Brazil,DF,289,,8,,,4,7,0,0,https://web.archive.org/web/20260717104245/https://fbref.com/en/comps/685/2019/defense/2019-Copa-America-Stats
Copa América,2019,Alisson,Brazil,GK,570,,0,,,0,0,0,0,https://web.archive.org/web/20260717104245/https://fbref.com/en/comps/685/2019/defense/2019-Copa-America-Stats
Copa América,2019,Allan,Brazil,MF,103,,3,,,4,3,1,0,https://web.archive.org/web/20260717104245/https://fbref.com/en/comps/685/2019/defense/2019-Copa-America-Stats
Copa América,2019,Arthur Melo,Brazil,MF,480,,6,,,9,19,1,0,https://web.archive.org/web/20260717104245/https://fbref.com/en/comps/685/2019/defense/2019-Copa-America-Stats
Copa América,2019,Casemiro,Brazil,MF,395,,9,,,17,7,2,0,https://web.archive.org/web/20260717104245/https://fbref.com/en/comps/685/2019/defense/2019-Copa-America-Stats
Copa América,2019,Dani Alves,Brazil,DF,534,,11,,,11,10,1,0,https://web.archive.org/web/20260717104245/https://fbref.com/en/comps/685/2019/defense/2019-Copa-America-Stats
Copa América,2019,David Neres,Brazil,MF,151,,2,,,3,0,0,0,https://web.archive.org/web/20260717104245/https://fbref.com/en/comps/685/2019/defense/2019-Copa-America-Stats
Copa América,2019,Everton Soares,Brazil,MF,373,,1,,,3,9,0,0,https://web.archive.org/web/20260717104245/https://fbref.com/en/comps/685/2019/defense/2019-Copa-America-Stats
Copa América,2019,Fernandinho,Brazil,MF,124,,6,,,2,1,0,0,https://web.archive.org/web/20260717104245/https://fbref.com/en/comps/685/2019/defense/2019-Copa-America-Stats
Copa América,2019,Filipe Luís,Brazil,DF,281,,8,,,4,3,1,0,https://web.archive.org/web/20260717104245/https://fbref.com/en/comps/685/2019/defense/2019-Copa-America-Stats
Copa América,2019,Gabriel Jesus,Brazil,MF,429,,2,,,10,12,2,1,https://web.archive.org/web/20260717104245/https://fbref.com/en/comps/685/2019/defense/2019-Copa-America-Stats
Copa América,2019,Lucas Paquetá,Brazil,MF,36,,0,,,2,1,0,0,https://web.archive.org/web/20260717104245/https://fbref.com/en/comps/685/2019/defense/2019-Copa-America-Stats
Copa América,2019,Marquinhos,Brazil,DF,543,,3,,,5,2,0,0,https://web.archive.org/web/20260717104245/https://fbref.com/en/comps/685/2019/defense/2019-Copa-America-Stats
Copa América,2019,Miranda,Brazil,DF,27,,0,,,0,0,0,0,https://web.archive.org/web/20260717104245/https://fbref.com/en/comps/685/2019/defense/2019-Copa-America-Stats
Copa América,2019,Philippe Coutinho,Brazil,MF,542,,11,,,8,12,1,0,https://web.archive.org/web/20260717104245/https://fbref.com/en/comps/685/2019/defense/2019-Copa-America-Stats
Copa América,2019,Richarlison,Brazil,MF,144,,1,,,6,9,1,0,https://web.archive.org/web/20260717104245/https://fbref.com/en/comps/685/2019/defense/2019-Copa-America-Stats
Copa América,2019,Roberto Firmino,Brazil,FW,528,,8,,,10,5,1,0,https://web.archive.org/web/20260717104245/https://fbref.com/en/comps/685/2019/defense/2019-Copa-America-Stats
Copa América,2019,Thiago Silva,Brazil,DF,570,,3,,,4,4,2,0,https://web.archive.org/web/20260717104245/https://fbref.com/en/comps/685/2019/defense/2019-Copa-America-Stats
Copa América,2019,Willian,Brazil,"FW,MF",116,,4,,,0,0,0,0,https://web.archive.org/web/20260717104245/https://fbref.com/en/comps/685/2019/defense/2019-Copa-America-Stats
Copa América,2019,Éder Militão,Brazil,"DF,MF",14,,0,,,0,0,0,0,https://web.archive.org/web/20260717104245/https://fbref.com/en/comps/685/2019/defense/2019-Copa-America-Stats
Copa América,2019,Alexis Sánchez,Chile,FW,492,,5,,,10,18,0,0,https://web.archive.org/web/20260717104245/https://fbref.com/en/comps/685/2019/defense/2019-Copa-America-Stats
Copa América,2019,Arturo Vidal,Chile,MF,466,,11,,,16,12,3,0,https://web.archive.org/web/20260717104245/https://fbref.com/en/comps/685/2019/defense/2019-Copa-America-Stats
Copa América,2019,Charles Aránguiz,Chile,MF,562,,7,,,10,16,1,0,https://web.archive.org/web/20260717104245/https://fbref.com/en/comps/685/2019/defense/2019-Copa-America-Stats
Copa América,2019,Eduardo Vargas,Chile,FW,551,,1,,,9,8,0,0,https://web.archive.org/web/20260717104245/https://fbref.com/en/comps/685/2019/defense/2019-Copa-America-Stats
Copa América,2019,Erick Pulgar,Chile,MF,570,,9,,,19,3,2,0,https://web.archive.org/web/20260717104245/https://fbref.com/en/comps/685/2019/defense/2019-Copa-America-Stats
Copa América,2019,Esteban Pavez,Chile,MF,46,,0,,,0,0,0,0,https://web.archive.org/web/20260717104245/https://fbref.com/en/comps/685/2019/defense/2019-Copa-America-Stats
Copa América,2019,Gabriel Arias,Chile,GK,570,,1,,,2,2,1,0,https://web.archive.org/web/20260717104245/https://fbref.com/en/comps/685/2019/defense/2019-Copa-America-Stats
Copa América,2019,Gary Medel,Chile,DF,480,,5,,,1,3,0,1,https://web.archive.org/web/20260717104245/https://fbref.com/en/comps/685/2019/defense/2019-Copa-America-Stats
Copa América,2019,Gonzalo Jara,Chile,DF,139,,2,,,1,1,0,0,https://web.archive.org/web/20260717104245/https://fbref.com/en/comps/685/2019/defense/2019-Copa-America-Stats
Copa América,2019,Guillermo Maripán,Chile,DF,519,,8,,,8,5,0,0,https://web.archive.org/web/20260717104245/https://fbref.com/en/comps/685/2019/defense/2019-Copa-America-Stats
Copa América,2019,Igor Lichnovsky,Chile,DF,36,,0,,,2,1,0,0,https://web.archive.org/web/20260717104245/https://fbref.com/en/comps/685/2019/defense/2019-Copa-America-Stats
Copa América,2019,Jean Beausejour,Chile,"DF,MF",480,,5,,,8,9,2,0,https://web.archive.org/web/20260717104245/https://fbref.com/en/comps/685/2019/defense/2019-Copa-America-Stats
Copa América,2019,José Pedro Fuenzalida,Chile,FW,267,,1,,,2,5,0,0,https://web.archive.org/web/20260717104245/https://fbref.com/en/comps/685/2019/defense/2019-Copa-America-Stats
Copa América,2019,Junior Fernándes,Chile,"FW,MF",92,,0,,,3,1,0,0,https://web.archive.org/web/20260717104245/https://fbref.com/en/comps/685/2019/defense/2019-Copa-America-Stats
Copa América,2019,Mauricio Isla,Chile,"DF,MF",480,,12,,,11,8,1,0,https://web.archive.org/web/20260717104245/https://fbref.com/en/comps/685/2019/defense/2019-Copa-America-Stats
Copa América,2019,Nicolás Castillo,Chile,FW,11,,0,,,0,0,0,0,https://web.archive.org/web/20260717104245/https://fbref.com/en/comps/685/2019/defense/2019-Copa-America-Stats
Copa América,2019,Pablo Hernández,Chile,MF,108,,0,,,1,3,0,0,https://web.archive.org/web/20260717104245/https://fbref.com/en/comps/685/2019/defense/2019-Copa-America-Stats
Copa América,2019,Paulo Díaz,Chile,"MF,DF",201,,2,,,5,7,0,0,https://web.archive.org/web/20260717104245/https://fbref.com/en/comps/685/2019/defense/2019-Copa-America-Stats
Copa América,2019,Ángelo Sagal,Chile,"FW,MF",45,,0,,,2,2,1,0,https://web.archive.org/web/20260717104245/https://fbref.com/en/comps/685/2019/defense/2019-Copa-America-Stats
Copa América,2019,Óscar Opazo,Chile,MF,101,,2,,,2,2,1,0,https://web.archive.org/web/20260717104245/https://fbref.com/en/comps/685/2019/defense/2019-Copa-America-Stats
Copa América,2019,Cristian Borja,Colombia,DF,90,,0,,,2,4,1,0,https://web.archive.org/web/20260717104245/https://fbref.com/en/comps/685/2019/defense/2019-Copa-America-Stats
Copa América,2019,Cristián Zapata,Colombia,DF,90,,1,,,1,2,0,0,https://web.archive.org/web/20260717104245/https://fbref.com/en/comps/685/2019/defense/2019-Copa-America-Stats
Copa América,2019,David Ospina,Colombia,GK,300,,0,,,0,0,0,0,https://web.archive.org/web/20260717104245/https://fbref.com/en/comps/685/2019/defense/2019-Copa-America-Stats
Copa América,2019,Davinson Sánchez,Colombia,DF,300,,1,,,3,1,0,0,https://web.archive.org/web/20260717104245/https://fbref.com/en/comps/685/2019/defense/2019-Copa-America-Stats
Copa América,2019,Duván Zapata,Colombia,FW,169,,1,,,6,1,1,0,https://web.archive.org/web/20260717104245/https://fbref.com/en/comps/685/2019/defense/2019-Copa-America-Stats
Copa América,2019,Edwin Cardona,Colombia,MF,138,,3,,,3,2,0,0,https://web.archive.org/web/20260717104245/https://fbref.com/en/comps/685/2019/defense/2019-Copa-America-Stats
Copa América,2019,Gustavo Cuellar,Colombia,MF,90,,1,,,1,1,0,0,https://web.archive.org/web/20260717104245/https://fbref.com/en/comps/685/2019/defense/2019-Copa-America-Stats
Copa América,2019,James Rodríguez,Colombia,FW,333,,2,,,3,5,1,0,https://web.archive.org/web/20260717104245/https://fbref.com/en/comps/685/2019/defense/2019-Copa-America-Stats
Copa América,2019,Jefferson Lerma,Colombia,MF,117,,1,,,4,1,1,0,https://web.archive.org/web/20260717104245/https://fbref.com/en/comps/685/2019/defense/2019-Copa-America-Stats
Copa América,2019,Jhon Lucumí,Colombia,DF,90,,1,,,1,0,1,0,https://web.archive.org/web/20260717104245/https://fbref.com/en/comps/685/2019/defense/2019-Copa-America-Stats
Copa América,2019,Juan Cuadrado,Colombia,"MF,FW",303,,7,,,14,14,2,0,https://web.archive.org/web/20260717104245/https://fbref.com/en/comps/685/2019/defense/2019-Copa-America-Stats
Copa América,2019,Luis Fernando Díaz,Colombia,FW,146,,1,,,1,2,0,0,https://web.archive.org/web/20260717104245/https://fbref.com/en/comps/685/2019/defense/2019-Copa-America-Stats
Copa América,2019,Luis Muriel,Colombia,FW,13,,1,,,0,0,0,0,https://web.archive.org/web/20260717104245/https://fbref.com/en/comps/685/2019/defense/2019-Copa-America-Stats
Copa América,2019,Mateus Uribe,Colombia,MF,246,,1,,,3,1,1,0,https://web.archive.org/web/20260717104245/https://fbref.com/en/comps/685/2019/defense/2019-Copa-America-Stats
Copa América,2019,Radamel Falcao,Colombia,FW,248,,2,,,2,8,1,0,https://web.archive.org/web/20260717104245/https://fbref.com/en/comps/685/2019/defense/2019-Copa-America-Stats
Copa América,2019,Roger Martínez,Colombia,FW,231,,2,,,4,1,0,0,https://web.archive.org/web/20260717104245/https://fbref.com/en/comps/685/2019/defense/2019-Copa-America-Stats
Copa América,2019,Santiago Arias,Colombia,DF,135,,0,,,1,4,0,0,https://web.archive.org/web/20260717104245/https://fbref.com/en/comps/685/2019/defense/2019-Copa-America-Stats
Copa América,2019,Stefan Medina,Colombia,DF,255,,2,,,4,2,1,0,https://web.archive.org/web/20260717104245/https://fbref.com/en/comps/685/2019/defense/2019-Copa-America-Stats
Copa América,2019,William Tesillo,Colombia,DF,300,,3,,,2,3,0,0,https://web.archive.org/web/20260717104245/https://fbref.com/en/comps/685/2019/defense/2019-Copa-America-Stats
Copa América,2019,Wílmar Barrios,Colombia,MF,306,,2,,,3,3,0,0,https://web.archive.org/web/20260717104245/https://fbref.com/en/comps/685/2019/defense/2019-Copa-America-Stats
Copa América,2019,Yerry Mina,Colombia,DF,300,,3,,,2,2,0,0,https://web.archive.org/web/20260717104245/https://fbref.com/en/comps/685/2019/defense/2019-Copa-America-Stats
Copa América,2019,Álvaro David Montero,Colombia,GK,90,,0,,,0,0,0,0,https://web.archive.org/web/20260717104245/https://fbref.com/en/comps/685/2019/defense/2019-Copa-America-Stats
Copa América,2019,Alexander Domínguez,Ecuador,GK,270,,0,,,0,0,0,0,https://web.archive.org/web/20260717104245/https://fbref.com/en/comps/685/2019/defense/2019-Copa-America-Stats
Copa América,2019,Andrés Chicaiza,Ecuador,MF,17,,0,,,1,1,1,0,https://web.archive.org/web/20260717104245/https://fbref.com/en/comps/685/2019/defense/2019-Copa-America-Stats
Copa América,2019,Antonio Valencia,Ecuador,MF,129,,0,,,3,0,1,0,https://web.archive.org/web/20260717104245/https://fbref.com/en/comps/685/2019/defense/2019-Copa-America-Stats
Copa América,2019,Arturo Mina,Ecuador,DF,180,,0,,,3,2,0,0,https://web.archive.org/web/20260717104245/https://fbref.com/en/comps/685/2019/defense/2019-Copa-America-Stats
Copa América,2019,Ayrton Preciado,Ecuador,MF,99,,1,,,2,3,0,0,https://web.archive.org/web/20260717104245/https://fbref.com/en/comps/685/2019/defense/2019-Copa-America-Stats
Copa América,2019,Beder Caicedo,Ecuador,DF,90,,2,,,0,1,0,0,https://web.archive.org/web/20260717104245/https://fbref.com/en/comps/685/2019/defense/2019-Copa-America-Stats
Copa América,2019,Carlos Garcés,Ecuador,FW,22,,0,,,0,0,0,0,https://web.archive.org/web/20260717104245/https://fbref.com/en/comps/685/2019/defense/2019-Copa-America-Stats
Copa América,2019,Carlos Gruezo,Ecuador,MF,180,,2,,,5,4,1,0,https://web.archive.org/web/20260717104245/https://fbref.com/en/comps/685/2019/defense/2019-Copa-America-Stats
Copa América,2019,Cristian Ramírez,Ecuador,DF,180,,2,,,2,1,0,0,https://web.archive.org/web/20260717104245/https://fbref.com/en/comps/685/2019/defense/2019-Copa-America-Stats
Copa América,2019,Enner Valencia,Ecuador,FW,270,,2,,,6,9,0,0,https://web.archive.org/web/20260717104245/https://fbref.com/en/comps/685/2019/defense/2019-Copa-America-Stats
Copa América,2019,Gabriel Achilier,Ecuador,DF,178,,3,,,2,2,0,1,https://web.archive.org/web/20260717104245/https://fbref.com/en/comps/685/2019/defense/2019-Copa-America-Stats
Copa América,2019,Jefferson Intriago,Ecuador,MF,90,,1,,,0,1,0,0,https://web.archive.org/web/20260717104245/https://fbref.com/en/comps/685/2019/defense/2019-Copa-America-Stats
Copa América,2019,Jefferson Orejuela,Ecuador,MF,270,,2,,,4,5,0,0,https://web.archive.org/web/20260717104245/https://fbref.com/en/comps/685/2019/defense/2019-Copa-America-Stats
Copa América,2019,Jhegson Méndez,Ecuador,MF,104,,1,,,6,1,1,0,https://web.archive.org/web/20260717104245/https://fbref.com/en/comps/685/2019/defense/2019-Copa-America-Stats
Copa América,2019,José Quintero,Ecuador,DF,23,,0,,,1,0,0,1,https://web.archive.org/web/20260717104245/https://fbref.com/en/comps/685/2019/defense/2019-Copa-America-Stats
Copa América,2019,Pedro Pablo Velasco,Ecuador,DF,242,,1,,,2,5,1,0,https://web.archive.org/web/20260717104245/https://fbref.com/en/comps/685/2019/defense/2019-Copa-America-Stats
Copa América,2019,Robert Arboleda,Ecuador,DF,180,,3,,,5,0,2,0,https://web.archive.org/web/20260717104245/https://fbref.com/en/comps/685/2019/defense/2019-Copa-America-Stats
Copa América,2019,Romario Ibarra,Ecuador,MF,195,,4,,,3,5,0,0,https://web.archive.org/web/20260717104245/https://fbref.com/en/comps/685/2019/defense/2019-Copa-America-Stats
Copa América,2019,Ángel Mena,Ecuador,MF,182,,2,,,3,8,1,0,https://web.archive.org/web/20260717104245/https://fbref.com/en/comps/685/2019/defense/2019-Copa-America-Stats
Copa América,2019,Ayase Ueda,Japan,FW,127,,0,,,0,3,0,0,https://web.archive.org/web/20260717104245/https://fbref.com/en/comps/685/2019/defense/2019-Copa-America-Stats
Copa América,2019,Daiki Sugioka,Japan,DF,270,,4,,,8,5,0,0,https://web.archive.org/web/20260717104245/https://fbref.com/en/comps/685/2019/defense/2019-Copa-America-Stats
Copa América,2019,Daizen Maeda,Japan,MF,68,,0,,,1,2,0,0,https://web.archive.org/web/20260717104245/https://fbref.com/en/comps/685/2019/defense/2019-Copa-America-Stats
Copa América,2019,Eiji Kawashima,Japan,GK,180,,0,,,0,0,0,0,https://web.archive.org/web/20260717104245/https://fbref.com/en/comps/685/2019/defense/2019-Copa-America-Stats
Copa América,2019,Gaku Shibasaki,Japan,MF,270,,3,,,5,4,0,0,https://web.archive.org/web/20260717104245/https://fbref.com/en/comps/685/2019/defense/2019-Copa-America-Stats
Copa América,2019,Hiroki Abe,Japan,FW,100,,0,,,2,1,0,0,https://web.archive.org/web/20260717104245/https://fbref.com/en/comps/685/2019/defense/2019-Copa-America-Stats
Copa América,2019,Keisuke Ōsako,Japan,GK,90,,0,,,0,0,0,0,https://web.archive.org/web/20260717104245/https://fbref.com/en/comps/685/2019/defense/2019-Copa-America-Stats
Copa América,2019,Ko Itakura,Japan,MF,177,,5,,,6,4,0,0,https://web.archive.org/web/20260717104245/https://fbref.com/en/comps/685/2019/defense/2019-Copa-America-Stats
Copa América,2019,Koji Miyoshi,Japan,MF,188,,2,,,2,1,0,0,https://web.archive.org/web/20260717104245/https://fbref.com/en/comps/685/2019/defense/2019-Copa-America-Stats
Copa América,2019,Naomichi Ueda,Japan,DF,270,,3,,,2,1,1,0,https://web.archive.org/web/20260717104245/https://fbref.com/en/comps/685/2019/defense/2019-Copa-America-Stats
Copa América,2019,Shinji Okazaki,Japan,FW,167,,1,,,5,5,0,0,https://web.archive.org/web/20260717104245/https://fbref.com/en/comps/685/2019/defense/2019-Copa-America-Stats
Copa América,2019,Shoya Nakajima,Japan,MF,245,,1,,,7,8,1,0,https://web.archive.org/web/20260717104245/https://fbref.com/en/comps/685/2019/defense/2019-Copa-America-Stats
Copa América,2019,Takefusa Kubo,Japan,FW,188,,1,,,2,3,0,0,https://web.archive.org/web/20260717104245/https://fbref.com/en/comps/685/2019/defense/2019-Copa-America-Stats
Copa América,2019,Takehiro Tomiyasu,Japan,DF,270,,1,,,5,1,1,0,https://web.archive.org/web/20260717104245/https://fbref.com/en/comps/685/2019/defense/2019-Copa-America-Stats
Copa América,2019,Teruki Hara,Japan,DF,90,,2,,,2,1,1,0,https://web.archive.org/web/20260717104245/https://fbref.com/en/comps/685/2019/defense/2019-Copa-America-Stats
Copa América,2019,Tomoki Iwata,Japan,DF,176,,1,,,2,0,0,0,https://web.archive.org/web/20260717104245/https://fbref.com/en/comps/685/2019/defense/2019-Copa-America-Stats
Copa América,2019,Yugo Tatsuta,Japan,DF,4,,0,,,0,0,0,0,https://web.archive.org/web/20260717104245/https://fbref.com/en/comps/685/2019/defense/2019-Copa-America-Stats
Copa América,2019,Yuta Nakayama,Japan,MF,90,,0,,,3,0,1,0,https://web.archive.org/web/20260717104245/https://fbref.com/en/comps/685/2019/defense/2019-Copa-America-Stats
Copa América,2019,Bruno Valdez,Paraguay,DF,150,,2,,,1,3,0,0,https://web.archive.org/web/20260717104245/https://fbref.com/en/comps/685/2019/defense/2019-Copa-America-Stats
Copa América,2019,Cecilio Domínguez,Paraguay,MF,127,,1,,,3,2,0,0,https://web.archive.org/web/20260717104245/https://fbref.com/en/comps/685/2019/defense/2019-Copa-America-Stats
Copa América,2019,Celso Ortiz,Paraguay,MF,214,,3,,,1,3,0,0,https://web.archive.org/web/20260717104245/https://fbref.com/en/comps/685/2019/defense/2019-Copa-America-Stats
Copa América,2019,Derlis González,Paraguay,"MF,FW",335,,0,,,11,14,0,0,https://web.archive.org/web/20260717104245/https://fbref.com/en/comps/685/2019/defense/2019-Copa-America-Stats
Copa América,2019,Fabián Balbuena,Paraguay,DF,147,,0,,,2,0,1,1,https://web.archive.org/web/20260717104245/https://fbref.com/en/comps/685/2019/defense/2019-Copa-America-Stats
Copa América,2019,Federico Santander,Paraguay,FW,71,,0,,,2,0,0,0,https://web.archive.org/web/20260717104245/https://fbref.com/en/comps/685/2019/defense/2019-Copa-America-Stats
Copa América,2019,Gatito Fernández,Paraguay,GK,390,,0,,,0,0,0,0,https://web.archive.org/web/20260717104245/https://fbref.com/en/comps/685/2019/defense/2019-Copa-America-Stats
Copa América,2019,Gustavo Gómez,Paraguay,DF,300,,1,,,6,6,1,0,https://web.archive.org/web/20260717104245/https://fbref.com/en/comps/685/2019/defense/2019-Copa-America-Stats
Copa América,2019,Hernán Pérez,Paraguay,MF,118,,4,,,4,3,1,0,https://web.archive.org/web/20260717104245/https://fbref.com/en/comps/685/2019/defense/2019-Copa-America-Stats
Copa América,2019,Iván Piris,Paraguay,DF,300,,6,,,8,4,2,0,https://web.archive.org/web/20260717104245/https://fbref.com/en/comps/685/2019/defense/2019-Copa-America-Stats
Copa América,2019,Juan Escobar,Paraguay,DF,44,,2,,,1,0,0,0,https://web.archive.org/web/20260717104245/https://fbref.com/en/comps/685/2019/defense/2019-Copa-America-Stats
Copa América,2019,Juan Iturbe,Paraguay,"FW,MF",36,,1,,,1,2,0,0,https://web.archive.org/web/20260717104245/https://fbref.com/en/comps/685/2019/defense/2019-Copa-America-Stats
Copa América,2019,Juan Rodrigo Rojas,Paraguay,MF,277,,6,,,6,2,1,0,https://web.archive.org/web/20260717104245/https://fbref.com/en/comps/685/2019/defense/2019-Copa-America-Stats
Copa América,2019,Júnior Alonso,Paraguay,DF,390,,4,,,6,2,1,0,https://web.archive.org/web/20260717104245/https://fbref.com/en/comps/685/2019/defense/2019-Copa-America-Stats
Copa América,2019,Matías Rojas,Paraguay,MF,135,,1,,,3,2,0,0,https://web.archive.org/web/20260717104245/https://fbref.com/en/comps/685/2019/defense/2019-Copa-America-Stats
Copa América,2019,Miguel Almirón,Paraguay,MF,386,,3,,,5,9,0,0,https://web.archive.org/web/20260717104245/https://fbref.com/en/comps/685/2019/defense/2019-Copa-America-Stats
Copa América,2019,Richard Sánchez,Paraguay,MF,269,,6,,,3,3,0,0,https://web.archive.org/web/20260717104245/https://fbref.com/en/comps/685/2019/defense/2019-Copa-America-Stats
Copa América,2019,Santiago Arzamendia,Paraguay,"DF,MF",330,,5,,,4,4,2,0,https://web.archive.org/web/20260717104245/https://fbref.com/en/comps/685/2019/defense/2019-Copa-America-Stats
Copa América,2019,Óscar Cardozo,Paraguay,FW,180,,0,,,1,1,0,0,https://web.archive.org/web/20260717104245/https://fbref.com/en/comps/685/2019/defense/2019-Copa-America-Stats
Copa América,2019,Óscar Romero,Paraguay,"FW,MF",28,,0,,,1,4,0,0,https://web.archive.org/web/20260717104245/https://fbref.com/en/comps/685/2019/defense/2019-Copa-America-Stats
Copa América,2019,André Carrillo,Peru,MF,232,,6,,,10,2,1,0,https://web.archive.org/web/20260717104245/https://fbref.com/en/comps/685/2019/defense/2019-Copa-America-Stats
Copa América,2019,Andy Polo,Peru,MF,229,,2,,,1,4,0,0,https://web.archive.org/web/20260717104245/https://fbref.com/en/comps/685/2019/defense/2019-Copa-America-Stats
Copa América,2019,Carlos Zambrano,Peru,DF,474,,6,,,7,9,3,0,https://web.archive.org/web/20260717104245/https://fbref.com/en/comps/685/2019/defense/2019-Copa-America-Stats
Copa América,2019,Christian Cueva,Peru,MF,442,,5,,,11,10,1,0,https://web.archive.org/web/20260717104245/https://fbref.com/en/comps/685/2019/defense/2019-Copa-America-Stats
Copa América,2019,Christofer Gonzáles,Peru,MF,220,,4,,,10,4,0,0,https://web.archive.org/web/20260717104245/https://fbref.com/en/comps/685/2019/defense/2019-Copa-America-Stats
Copa América,2019,Edison Flores,Peru,MF,361,,2,,,2,3,0,0,https://web.archive.org/web/20260717104245/https://fbref.com/en/comps/685/2019/defense/2019-Copa-America-Stats
Copa América,2019,Jefferson Farfán,Peru,MF,270,,3,,,6,4,0,0,https://web.archive.org/web/20260717104245/https://fbref.com/en/comps/685/2019/defense/2019-Copa-America-Stats
Copa América,2019,Josepmir Ballón,Peru,MF,35,,0,,,0,0,0,0,https://web.archive.org/web/20260717104245/https://fbref.com/en/comps/685/2019/defense/2019-Copa-America-Stats
Copa América,2019,Luis Abram,Peru,DF,570,,2,,,3,1,0,0,https://web.archive.org/web/20260717104245/https://fbref.com/en/comps/685/2019/defense/2019-Copa-America-Stats
Copa América,2019,Luis Advíncula,Peru,DF,570,,10,,,17,15,3,0,https://web.archive.org/web/20260717104245/https://fbref.com/en/comps/685/2019/defense/2019-Copa-America-Stats
Copa América,2019,Miguel Araujo,Peru,DF,96,,2,,,1,1,0,0,https://web.archive.org/web/20260717104245/https://fbref.com/en/comps/685/2019/defense/2019-Copa-America-Stats
Copa América,2019,Miguel Trauco,Peru,DF,570,,7,,,4,3,0,0,https://web.archive.org/web/20260717104245/https://fbref.com/en/comps/685/2019/defense/2019-Copa-America-Stats
Copa América,2019,Paolo Guerrero,Peru,FW,533,,0,,,13,12,1,0,https://web.archive.org/web/20260717104245/https://fbref.com/en/comps/685/2019/defense/2019-Copa-America-Stats
Copa América,2019,Pedro Gallese,Peru,GK,570,,0,,,1,1,0,0,https://web.archive.org/web/20260717104245/https://fbref.com/en/comps/685/2019/defense/2019-Copa-America-Stats
Copa América,2019,Raúl Ruidíaz,Peru,FW,49,,0,,,3,0,0,0,https://web.archive.org/web/20260717104245/https://fbref.com/en/comps/685/2019/defense/2019-Copa-America-Stats
Copa América,2019,Renato Tapia,Peru,MF,561,,13,,,12,7,2,0,https://web.archive.org/web/20260717104245/https://fbref.com/en/comps/685/2019/defense/2019-Copa-America-Stats
Copa América,2019,Yoshimar Yotún,Peru,MF,488,,6,,,8,12,1,0,https://web.archive.org/web/20260717104245/https://fbref.com/en/comps/685/2019/defense/2019-Copa-America-Stats
Copa América,2019,Abdelkarim Hassan,Qatar,"MF,DF",180,,2,,,4,3,2,0,https://web.archive.org/web/20260717104245/https://fbref.com/en/comps/685/2019/defense/2019-Copa-America-Stats
Copa América,2019,Abdulaziz Hatem,Qatar,MF,242,,0,,,1,2,0,0,https://web.archive.org/web/20260717104245/https://fbref.com/en/comps/685/2019/defense/2019-Copa-America-Stats
Copa América,2019,Abdullah Abdulsalam,Qatar,MF,14,,0,,,1,0,1,0,https://web.archive.org/web/20260717104245/https://fbref.com/en/comps/685/2019/defense/2019-Copa-America-Stats
Copa América,2019,Ahmed Moein,Qatar,MF,7,,0,,,0,0,0,0,https://web.archive.org/web/20260717104245/https://fbref.com/en/comps/685/2019/defense/2019-Copa-America-Stats
Copa América,2019,Akram Afif,Qatar,"FW,MF",270,,1,,,2,8,1,0,https://web.archive.org/web/20260717104245/https://fbref.com/en/comps/685/2019/defense/2019-Copa-America-Stats
Copa América,2019,Almoez Ali,Qatar,FW,270,,1,,,6,1,1,0,https://web.archive.org/web/20260717104245/https://fbref.com/en/comps/685/2019/defense/2019-Copa-America-Stats
Copa América,2019,Assim Madibo,Qatar,MF,180,,4,,,3,1,2,0,https://web.archive.org/web/20260717104245/https://fbref.com/en/comps/685/2019/defense/2019-Copa-America-Stats
Copa América,2019,Bassam Al Rawi,Qatar,DF,270,,4,,,3,1,0,0,https://web.archive.org/web/20260717104245/https://fbref.com/en/comps/685/2019/defense/2019-Copa-America-Stats
Copa América,2019,Boualem Khoukhi,Qatar,"DF,MF",270,,3,,,1,8,1,0,https://web.archive.org/web/20260717104245/https://fbref.com/en/comps/685/2019/defense/2019-Copa-America-Stats
Copa América,2019,Hamid Ismaeil,Qatar,DF,6,,0,,,0,1,0,0,https://web.archive.org/web/20260717104245/https://fbref.com/en/comps/685/2019/defense/2019-Copa-America-Stats
Copa América,2019,Hassan Al-Haydos,Qatar,MF,263,,2,,,1,1,0,0,https://web.archive.org/web/20260717104245/https://fbref.com/en/comps/685/2019/defense/2019-Copa-America-Stats
Copa América,2019,Karim Boudiaf,Qatar,MF,118,,3,,,5,1,1,0,https://web.archive.org/web/20260717104245/https://fbref.com/en/comps/685/2019/defense/2019-Copa-America-Stats
Copa América,2019,Ró-Ró,Qatar,"DF,MF",264,,5,,,7,5,1,0,https://web.archive.org/web/20260717104245/https://fbref.com/en/comps/685/2019/defense/2019-Copa-America-Stats
Copa América,2019,Saad Al Sheeb,Qatar,GK,270,,0,,,0,1,0,0,https://web.archive.org/web/20260717104245/https://fbref.com/en/comps/685/2019/defense/2019-Copa-America-Stats
Copa América,2019,Salem Al Hajri,Qatar,DF,76,,1,,,0,1,0,0,https://web.archive.org/web/20260717104245/https://fbref.com/en/comps/685/2019/defense/2019-Copa-America-Stats
Copa América,2019,Tarek Salman,Qatar,DF,270,,2,,,4,1,1,0,https://web.archive.org/web/20260717104245/https://fbref.com/en/comps/685/2019/defense/2019-Copa-America-Stats
Copa América,2019,Cristhian Stuani,Uruguay,"FW,MF",31,,0,,,0,0,0,0,https://web.archive.org/web/20260717104245/https://fbref.com/en/comps/685/2019/defense/2019-Copa-America-Stats
Copa América,2019,Diego Godín,Uruguay,DF,390,,3,,,5,4,1,0,https://web.archive.org/web/20260717104245/https://fbref.com/en/comps/685/2019/defense/2019-Copa-America-Stats
Copa América,2019,Diego Laxalt,Uruguay,DF,117,,1,,,3,2,0,0,https://web.archive.org/web/20260717104245/https://fbref.com/en/comps/685/2019/defense/2019-Copa-America-Stats
Copa América,2019,Edinson Cavani,Uruguay,FW,390,,4,,,4,8,0,0,https://web.archive.org/web/20260717104245/https://fbref.com/en/comps/685/2019/defense/2019-Copa-America-Stats
Copa América,2019,Federico Valverde,Uruguay,MF,206,,2,,,1,1,1,0,https://web.archive.org/web/20260717104245/https://fbref.com/en/comps/685/2019/defense/2019-Copa-America-Stats
Copa América,2019,Fernando Muslera,Uruguay,GK,390,,1,,,0,1,0,0,https://web.archive.org/web/20260717104245/https://fbref.com/en/comps/685/2019/defense/2019-Copa-America-Stats
Copa América,2019,Gastón Pereiro,Uruguay,"FW,MF",27,,0,,,0,0,0,0,https://web.archive.org/web/20260717104245/https://fbref.com/en/comps/685/2019/defense/2019-Copa-America-Stats
Copa América,2019,Giorgian De Arrascaeta,Uruguay,MF,226,,4,,,2,13,0,0,https://web.archive.org/web/20260717104245/https://fbref.com/en/comps/685/2019/defense/2019-Copa-America-Stats
Copa América,2019,Giovanni González,Uruguay,DF,273,,4,,,1,2,1,0,https://web.archive.org/web/20260717104245/https://fbref.com/en/comps/685/2019/defense/2019-Copa-America-Stats
Copa América,2019,Jonathan Rodríguez,Uruguay,FW,15,,0,,,0,2,0,0,https://web.archive.org/web/20260717104245/https://fbref.com/en/comps/685/2019/defense/2019-Copa-America-Stats
Copa América,2019,José María Giménez,Uruguay,DF,390,,7,,,4,5,1,0,https://web.archive.org/web/20260717104245/https://fbref.com/en/comps/685/2019/defense/2019-Copa-America-Stats
Copa América,2019,Lucas Torreira,Uruguay,MF,170,,4,,,3,6,0,0,https://web.archive.org/web/20260717104245/https://fbref.com/en/comps/685/2019/defense/2019-Copa-America-Stats
Copa América,2019,Luis Suárez,Uruguay,FW,390,,1,,,4,6,0,0,https://web.archive.org/web/20260717104245/https://fbref.com/en/comps/685/2019/defense/2019-Copa-America-Stats
Copa América,2019,Martín Cáceres,Uruguay,DF,390,,5,,,5,2,0,0,https://web.archive.org/web/20260717104245/https://fbref.com/en/comps/685/2019/defense/2019-Copa-America-Stats
Copa América,2019,Matías Vecino,Uruguay,MF,80,,1,,,2,2,0,0,https://web.archive.org/web/20260717104245/https://fbref.com/en/comps/685/2019/defense/2019-Copa-America-Stats
Copa América,2019,Nahitan Nández,Uruguay,MF,223,,2,,,6,5,0,0,https://web.archive.org/web/20260717104245/https://fbref.com/en/comps/685/2019/defense/2019-Copa-America-Stats
Copa América,2019,Nicolás Lodeiro,Uruguay,MF,191,,3,,,6,3,1,0,https://web.archive.org/web/20260717104245/https://fbref.com/en/comps/685/2019/defense/2019-Copa-America-Stats
Copa América,2019,Rodrigo Bentancur,Uruguay,MF,390,,7,,,12,4,0,0,https://web.archive.org/web/20260717104245/https://fbref.com/en/comps/685/2019/defense/2019-Copa-America-Stats
Copa América,2019,Sebastián Coates,Uruguay,DF,1,,0,,,0,0,0,0,https://web.archive.org/web/20260717104245/https://fbref.com/en/comps/685/2019/defense/2019-Copa-America-Stats
Copa América,2019,Arquímedes Figuera,Venezuela,MF,15,,0,,,1,0,1,0,https://web.archive.org/web/20260717104245/https://fbref.com/en/comps/685/2019/defense/2019-Copa-America-Stats
Copa América,2019,Darwin Machís,Venezuela,MF,239,,3,,,5,2,0,0,https://web.archive.org/web/20260717104245/https://fbref.com/en/comps/685/2019/defense/2019-Copa-America-Stats
Copa América,2019,Jefferson Savarino,Venezuela,MF,158,,0,,,4,2,0,0,https://web.archive.org/web/20260717104245/https://fbref.com/en/comps/685/2019/defense/2019-Copa-America-Stats
Copa América,2019,Jhon Chancellor,Venezuela,DF,270,,1,,,3,1,0,0,https://web.archive.org/web/20260717104245/https://fbref.com/en/comps/685/2019/defense/2019-Copa-America-Stats
Copa América,2019,Jhon Murillo,Venezuela,MF,268,,1,,,5,5,1,0,https://web.archive.org/web/20260717104245/https://fbref.com/en/comps/685/2019/defense/2019-Copa-America-Stats
Copa América,2019,Josef Martínez,Venezuela,FW,44,,1,,,1,3,0,0,https://web.archive.org/web/20260717104245/https://fbref.com/en/comps/685/2019/defense/2019-Copa-America-Stats
Copa América,2019,Juanpi,Venezuela,MF,58,,1,,,0,3,0,0,https://web.archive.org/web/20260717104245/https://fbref.com/en/comps/685/2019/defense/2019-Copa-America-Stats
Copa América,2019,Junior Moreno,Venezuela,MF,347,,4,,,2,3,0,0,https://web.archive.org/web/20260717104245/https://fbref.com/en/comps/685/2019/defense/2019-Copa-America-Stats
Copa América,2019,Luis Mago,Venezuela,DF,219,,5,,,4,0,2,1,https://web.archive.org/web/20260717104245/https://fbref.com/en/comps/685/2019/defense/2019-Copa-America-Stats
Copa América,2019,Luis Manuel Seijas,Venezuela,MF,8,,0,,,0,0,0,0,https://web.archive.org/web/20260717104245/https://fbref.com/en/comps/685/2019/defense/2019-Copa-America-Stats
Copa América,2019,Mikel Villanueva,Venezuela,DF,180,,2,,,3,2,0,0,https://web.archive.org/web/20260717104245/https://fbref.com/en/comps/685/2019/defense/2019-Copa-America-Stats
Copa América,2019,Roberto Rosales,Venezuela,DF,352,,5,,,4,3,0,0,https://web.archive.org/web/20260717104245/https://fbref.com/en/comps/685/2019/defense/2019-Copa-America-Stats
Copa América,2019,Ronald Hernández,Venezuela,DF,283,,5,,,4,2,0,0,https://web.archive.org/web/20260717104245/https://fbref.com/en/comps/685/2019/defense/2019-Copa-America-Stats
Copa América,2019,Salomón Rondón,Venezuela,FW,349,,2,,,10,3,1,0,https://web.archive.org/web/20260717104245/https://fbref.com/en/comps/685/2019/defense/2019-Copa-America-Stats
Copa América,2019,Tomás Rincón,Venezuela,MF,360,,1,,,6,10,1,0,https://web.archive.org/web/20260717104245/https://fbref.com/en/comps/685/2019/defense/2019-Copa-America-Stats
Copa América,2019,Wuilker Faríñez,Venezuela,GK,360,,0,,,0,1,0,0,https://web.archive.org/web/20260717104245/https://fbref.com/en/comps/685/2019/defense/2019-Copa-America-Stats
Copa América,2019,Yangel Herrera,Venezuela,MF,245,,5,,,6,7,2,0,https://web.archive.org/web/20260717104245/https://fbref.com/en/comps/685/2019/defense/2019-Copa-America-Stats
Copa América,2019,Yeferson Soteldo,Venezuela,"FW,MF",99,,0,,,1,1,1,0,https://web.archive.org/web/20260717104245/https://fbref.com/en/comps/685/2019/defense/2019-Copa-America-Stats
Copa América,2019,Yordan Osorio,Venezuela,DF,90,,0,,,1,0,0,0,https://web.archive.org/web/20260717104245/https://fbref.com/en/comps/685/2019/defense/2019-Copa-America-Stats
Copa América,2021,Cristian Romero,Argentina,DF,258,,3,,,3,3,0,0,https://web.archive.org/web/20260717104544/https://fbref.com/en/comps/685/2021/defense/2021-Copa-America-Stats
Copa América,2021,Emiliano Martínez,Argentina,GK,570,,0,,,0,1,1,0,https://web.archive.org/web/20260717104544/https://fbref.com/en/comps/685/2021/defense/2021-Copa-America-Stats
Copa América,2021,Exequiel Palacios,Argentina,MF,144,,1,,,2,5,0,0,https://web.archive.org/web/20260717104544/https://fbref.com/en/comps/685/2021/defense/2021-Copa-America-Stats
Copa América,2021,Franco Armani,Argentina,GK,90,,0,,,0,0,0,0,https://web.archive.org/web/20260717104544/https://fbref.com/en/comps/685/2021/defense/2021-Copa-America-Stats
Copa América,2021,Germán Pezzella,Argentina,DF,403,,1,,,2,2,1,0,https://web.archive.org/web/20260717104544/https://fbref.com/en/comps/685/2021/defense/2021-Copa-America-Stats
Copa América,2021,Giovani Lo Celso,Argentina,MF,331,,4,,,7,8,3,0,https://web.archive.org/web/20260717104544/https://fbref.com/en/comps/685/2021/defense/2021-Copa-America-Stats
Copa América,2021,Gonzalo Montiel,Argentina,DF,339,,7,,,6,2,2,0,https://web.archive.org/web/20260717104544/https://fbref.com/en/comps/685/2021/defense/2021-Copa-America-Stats
Copa América,2021,Guido Rodríguez,Argentina,MF,427,,8,,,9,6,1,0,https://web.archive.org/web/20260717104544/https://fbref.com/en/comps/685/2021/defense/2021-Copa-America-Stats
Copa América,2021,Joaquín Correa,Argentina,"FW,MF",82,,0,,,2,2,1,0,https://web.archive.org/web/20260717104544/https://fbref.com/en/comps/685/2021/defense/2021-Copa-America-Stats
Copa América,2021,Julián Álvarez,Argentina,"MF,FW",35,,1,,,0,1,0,0,https://web.archive.org/web/20260717104544/https://fbref.com/en/comps/685/2021/defense/2021-Copa-America-Stats
Copa América,2021,Lautaro Martínez,Argentina,FW,445,,2,,,12,6,1,0,https://web.archive.org/web/20260717104544/https://fbref.com/en/comps/685/2021/defense/2021-Copa-America-Stats
Copa América,2021,Leandro Paredes,Argentina,MF,355,,6,,,7,8,2,0,https://web.archive.org/web/20260717104544/https://fbref.com/en/comps/685/2021/defense/2021-Copa-America-Stats
Copa América,2021,Lionel Messi,Argentina,"FW,MF",660,,5,,,3,23,0,0,https://web.archive.org/web/20260717104544/https://fbref.com/en/comps/685/2021/defense/2021-Copa-America-Stats
Copa América,2021,Lisandro Martínez,Argentina,DF,90,,0,,,0,1,0,0,https://web.archive.org/web/20260717104544/https://fbref.com/en/comps/685/2021/defense/2021-Copa-America-Stats
Copa América,2021,Lucas Martínez Quarta,Argentina,DF,90,,2,,,2,0,1,0,https://web.archive.org/web/20260717104544/https://fbref.com/en/comps/685/2021/defense/2021-Copa-America-Stats
Copa América,2021,Marcos Acuña,Argentina,"DF,MF",360,,4,,,9,9,1,0,https://web.archive.org/web/20260717104544/https://fbref.com/en/comps/685/2021/defense/2021-Copa-America-Stats
Copa América,2021,Nahuel Molina,Argentina,DF,321,,5,,,3,3,0,0,https://web.archive.org/web/20260717104544/https://fbref.com/en/comps/685/2021/defense/2021-Copa-America-Stats
Copa América,2021,Nicolás Domínguez,Argentina,MF,30,,0,,,0,1,0,0,https://web.archive.org/web/20260717104544/https://fbref.com/en/comps/685/2021/defense/2021-Copa-America-Stats
Copa América,2021,Nicolás González,Argentina,FW,308,,4,,,6,7,1,0,https://web.archive.org/web/20260717104544/https://fbref.com/en/comps/685/2021/defense/2021-Copa-America-Stats
Copa América,2021,Nicolás Otamendi,Argentina,DF,480,,4,,,9,7,2,0,https://web.archive.org/web/20260717104544/https://fbref.com/en/comps/685/2021/defense/2021-Copa-America-Stats
Copa América,2021,Nicolás Tagliafico,Argentina,DF,336,,2,,,4,5,0,0,https://web.archive.org/web/20260717104544/https://fbref.com/en/comps/685/2021/defense/2021-Copa-America-Stats
Copa América,2021,Papu Gómez,Argentina,FW,126,,3,,,0,1,0,0,https://web.archive.org/web/20260717104544/https://fbref.com/en/comps/685/2021/defense/2021-Copa-America-Stats
Copa América,2021,Rodrigo De Paul,Argentina,MF,498,,6,,,10,16,1,0,https://web.archive.org/web/20260717104544/https://fbref.com/en/comps/685/2021/defense/2021-Copa-America-Stats
Copa América,2021,Sergio Agüero,Argentina,FW,132,,3,,,0,3,0,0,https://web.archive.org/web/20260717104544/https://fbref.com/en/comps/685/2021/defense/2021-Copa-America-Stats
Copa América,2021,Ángel Correa,Argentina,FW,73,,1,,,0,2,0,0,https://web.archive.org/web/20260717104544/https://fbref.com/en/comps/685/2021/defense/2021-Copa-America-Stats
Copa América,2021,Ángel Di María,Argentina,"MF,FW",277,,3,,,2,7,0,0,https://web.archive.org/web/20260717104544/https://fbref.com/en/comps/685/2021/defense/2021-Copa-America-Stats
Copa América,2021,Adrian Jusino,Bolivia,DF,360,,2,,,0,0,0,0,https://web.archive.org/web/20260717104544/https://fbref.com/en/comps/685/2021/defense/2021-Copa-America-Stats
Copa América,2021,Boris Cespedes,Bolivia,MF,105,,0,,,1,1,0,0,https://web.archive.org/web/20260717104544/https://fbref.com/en/comps/685/2021/defense/2021-Copa-America-Stats
Copa América,2021,Carlos Lampe,Bolivia,GK,270,,1,,,0,1,0,0,https://web.archive.org/web/20260717104544/https://fbref.com/en/comps/685/2021/defense/2021-Copa-America-Stats
Copa América,2021,Danny Bejarano,Bolivia,MF,91,,2,,,0,2,0,0,https://web.archive.org/web/20260717104544/https://fbref.com/en/comps/685/2021/defense/2021-Copa-America-Stats
Copa América,2021,Diego Bejarano,Bolivia,DF,270,,2,,,6,1,2,0,https://web.archive.org/web/20260717104544/https://fbref.com/en/comps/685/2021/defense/2021-Copa-America-Stats
Copa América,2021,Diego Wayar,Bolivia,MF,37,,1,,,0,1,1,0,https://web.archive.org/web/20260717104544/https://fbref.com/en/comps/685/2021/defense/2021-Copa-America-Stats
Copa América,2021,Enrique Flores,Bolivia,"DF,MF",75,,0,,,2,1,1,0,https://web.archive.org/web/20260717104544/https://fbref.com/en/comps/685/2021/defense/2021-Copa-America-Stats
Copa América,2021,Erwin Saavedra,Bolivia,"MF,DF",314,,2,,,3,4,0,0,https://web.archive.org/web/20260717104544/https://fbref.com/en/comps/685/2021/defense/2021-Copa-America-Stats
Copa América,2021,Erwin Sánchez,Bolivia,MF,39,,1,,,1,1,1,0,https://web.archive.org/web/20260717104544/https://fbref.com/en/comps/685/2021/defense/2021-Copa-America-Stats
Copa América,2021,Gilbert Álvarez,Bolivia,FW,218,,0,,,2,3,0,0,https://web.archive.org/web/20260717104544/https://fbref.com/en/comps/685/2021/defense/2021-Copa-America-Stats
Copa América,2021,Henry Vaca,Bolivia,FW,75,,3,,,2,3,1,0,https://web.archive.org/web/20260717104544/https://fbref.com/en/comps/685/2021/defense/2021-Copa-America-Stats
Copa América,2021,Jairo Quinteros,Bolivia,DF,270,,2,,,0,2,0,0,https://web.archive.org/web/20260717104544/https://fbref.com/en/comps/685/2021/defense/2021-Copa-America-Stats
Copa América,2021,Jaume Cuéllar,Bolivia,FW,44,,0,,,3,2,2,1,https://web.archive.org/web/20260717104544/https://fbref.com/en/comps/685/2021/defense/2021-Copa-America-Stats
Copa América,2021,Jeyson Chura,Bolivia,"FW,MF",168,,1,,,2,1,1,0,https://web.archive.org/web/20260717104544/https://fbref.com/en/comps/685/2021/defense/2021-Copa-America-Stats
Copa América,2021,José Sagredo,Bolivia,DF,120,,0,,,0,2,0,0,https://web.archive.org/web/20260717104544/https://fbref.com/en/comps/685/2021/defense/2021-Copa-America-Stats
Copa América,2021,Juan Carlos Arce,Bolivia,MF,157,,1,,,1,2,0,0,https://web.archive.org/web/20260717104544/https://fbref.com/en/comps/685/2021/defense/2021-Copa-America-Stats
Copa América,2021,Leonel Justiniano,Bolivia,MF,343,,4,,,4,2,0,0,https://web.archive.org/web/20260717104544/https://fbref.com/en/comps/685/2021/defense/2021-Copa-America-Stats
Copa América,2021,Luis Haquín,Bolivia,DF,90,,1,,,0,0,0,0,https://web.archive.org/web/20260717104544/https://fbref.com/en/comps/685/2021/defense/2021-Copa-America-Stats
Copa América,2021,Marcelo Martins Moreno,Bolivia,FW,30,,0,,,0,0,0,0,https://web.archive.org/web/20260717104544/https://fbref.com/en/comps/685/2021/defense/2021-Copa-America-Stats
Copa América,2021,Moisés Villarroel Angulo,Bolivia,MF,52,,0,,,1,1,0,0,https://web.archive.org/web/20260717104544/https://fbref.com/en/comps/685/2021/defense/2021-Copa-America-Stats
Copa América,2021,Ramiro Vaca,Bolivia,MF,269,,1,,,3,0,1,0,https://web.archive.org/web/20260717104544/https://fbref.com/en/comps/685/2021/defense/2021-Copa-America-Stats
Copa América,2021,Roberto Fernández Toro,Bolivia,DF,288,,3,,,2,2,0,0,https://web.archive.org/web/20260717104544/https://fbref.com/en/comps/685/2021/defense/2021-Copa-America-Stats
Copa América,2021,Rodrigo Ramallo,Bolivia,FW,139,,1,,,3,4,1,0,https://web.archive.org/web/20260717104544/https://fbref.com/en/comps/685/2021/defense/2021-Copa-America-Stats
Copa América,2021,Rubén Cordano,Bolivia,GK,90,,0,,,0,0,0,0,https://web.archive.org/web/20260717104544/https://fbref.com/en/comps/685/2021/defense/2021-Copa-America-Stats
Copa América,2021,Alex Sandro,Brazil,DF,182,,4,,,4,0,1,0,https://web.archive.org/web/20260717104544/https://fbref.com/en/comps/685/2021/defense/2021-Copa-America-Stats
Copa América,2021,Alisson,Brazil,GK,180,,0,,,0,0,0,0,https://web.archive.org/web/20260717104544/https://fbref.com/en/comps/685/2021/defense/2021-Copa-America-Stats
Copa América,2021,Casemiro,Brazil,MF,478,,9,,,10,1,0,0,https://web.archive.org/web/20260717104544/https://fbref.com/en/comps/685/2021/defense/2021-Copa-America-Stats
Copa América,2021,Danilo,Brazil,DF,575,,4,,,3,3,0,0,https://web.archive.org/web/20260717104544/https://fbref.com/en/comps/685/2021/defense/2021-Copa-America-Stats
Copa América,2021,Douglas Luiz,Brazil,MF,63,,1,,,1,1,0,0,https://web.archive.org/web/20260717104544/https://fbref.com/en/comps/685/2021/defense/2021-Copa-America-Stats
Copa América,2021,Ederson Moraes,Brazil,GK,360,,1,,,0,1,1,0,https://web.archive.org/web/20260717104544/https://fbref.com/en/comps/685/2021/defense/2021-Copa-America-Stats
Copa América,2021,Emerson,Brazil,DF,112,,3,,,1,3,0,0,https://web.archive.org/web/20260717104544/https://fbref.com/en/comps/685/2021/defense/2021-Copa-America-Stats
Copa América,2021,Everton Ribeiro,Brazil,"MF,FW",169,,0,,,4,3,1,0,https://web.archive.org/web/20260717104544/https://fbref.com/en/comps/685/2021/defense/2021-Copa-America-Stats
Copa América,2021,Everton Soares,Brazil,"FW,MF",268,,3,,,3,2,0,0,https://web.archive.org/web/20260717104544/https://fbref.com/en/comps/685/2021/defense/2021-Copa-America-Stats
Copa América,2021,Fabinho,Brazil,MF,192,,5,,,1,3,0,0,https://web.archive.org/web/20260717104544/https://fbref.com/en/comps/685/2021/defense/2021-Copa-America-Stats
Copa América,2021,Fred,Brazil,MF,460,,9,,,5,4,1,0,https://web.archive.org/web/20260717104544/https://fbref.com/en/comps/685/2021/defense/2021-Copa-America-Stats
Copa América,2021,Gabriel Barbosa,Brazil,FW,190,,2,,,2,1,1,0,https://web.archive.org/web/20260717104544/https://fbref.com/en/comps/685/2021/defense/2021-Copa-America-Stats
Copa América,2021,Gabriel Jesus,Brazil,"FW,MF",278,,2,,,11,5,1,1,https://web.archive.org/web/20260717104544/https://fbref.com/en/comps/685/2021/defense/2021-Copa-America-Stats
Copa América,2021,Lucas Paquetá,Brazil,"MF,FW",354,,11,,,9,11,1,0,https://web.archive.org/web/20260717104544/https://fbref.com/en/comps/685/2021/defense/2021-Copa-America-Stats
Copa América,2021,Marquinhos,Brazil,DF,540,,2,,,3,4,1,0,https://web.archive.org/web/20260717104544/https://fbref.com/en/comps/685/2021/defense/2021-Copa-America-Stats
Copa América,2021,Neymar,Brazil,FW,540,,2,,,11,30,1,0,https://web.archive.org/web/20260717104544/https://fbref.com/en/comps/685/2021/defense/2021-Copa-America-Stats
Copa América,2021,Renan Lodi,Brazil,DF,384,,4,,,9,6,2,0,https://web.archive.org/web/20260717104544/https://fbref.com/en/comps/685/2021/defense/2021-Copa-America-Stats
Copa América,2021,Richarlison,Brazil,"FW,MF",461,,5,,,6,18,0,0,https://web.archive.org/web/20260717104544/https://fbref.com/en/comps/685/2021/defense/2021-Copa-America-Stats
Copa América,2021,Roberto Firmino,Brazil,"MF,FW",216,,2,,,4,1,0,0,https://web.archive.org/web/20260717104544/https://fbref.com/en/comps/685/2021/defense/2021-Copa-America-Stats
Copa América,2021,Thiago Silva,Brazil,DF,450,,0,,,0,2,0,0,https://web.archive.org/web/20260717104544/https://fbref.com/en/comps/685/2021/defense/2021-Copa-America-Stats
Copa América,2021,Vinicius Júnior,Brazil,"MF,FW",68,,2,,,3,3,1,0,https://web.archive.org/web/20260717104544/https://fbref.com/en/comps/685/2021/defense/2021-Copa-America-Stats
Copa América,2021,Wéverton,Brazil,GK,90,,0,,,0,0,0,0,https://web.archive.org/web/20260717104544/https://fbref.com/en/comps/685/2021/defense/2021-Copa-America-Stats
Copa América,2021,Éder Militão,Brazil,DF,277,,1,,,2,3,0,0,https://web.archive.org/web/20260717104544/https://fbref.com/en/comps/685/2021/defense/2021-Copa-America-Stats
Copa América,2021,Alexis Sánchez,Chile,FW,45,,0,,,0,1,0,0,https://web.archive.org/web/20260717104544/https://fbref.com/en/comps/685/2021/defense/2021-Copa-America-Stats
Copa América,2021,Arturo Vidal,Chile,MF,400,,2,,,14,6,2,0,https://web.archive.org/web/20260717104544/https://fbref.com/en/comps/685/2021/defense/2021-Copa-America-Stats
Copa América,2021,Ben Brereton,Chile,FW,300,,1,,,3,7,1,0,https://web.archive.org/web/20260717104544/https://fbref.com/en/comps/685/2021/defense/2021-Copa-America-Stats
Copa América,2021,Carlos Palacios,Chile,FW,103,,2,,,4,0,1,0,https://web.archive.org/web/20260717104544/https://fbref.com/en/comps/685/2021/defense/2021-Copa-America-Stats
Copa América,2021,Charles Aránguiz,Chile,MF,447,,3,,,8,10,0,0,https://web.archive.org/web/20260717104544/https://fbref.com/en/comps/685/2021/defense/2021-Copa-America-Stats
Copa América,2021,Claudio Bravo,Chile,GK,450,,0,,,0,0,1,0,https://web.archive.org/web/20260717104544/https://fbref.com/en/comps/685/2021/defense/2021-Copa-America-Stats
Copa América,2021,César Pinares,Chile,"FW,MF",107,,0,,,0,4,0,0,https://web.archive.org/web/20260717104544/https://fbref.com/en/comps/685/2021/defense/2021-Copa-America-Stats
Copa América,2021,Diego Valencia,Chile,FW,3,,0,,,0,0,0,0,https://web.archive.org/web/20260717104544/https://fbref.com/en/comps/685/2021/defense/2021-Copa-America-Stats
Copa América,2021,Eduardo Vargas,Chile,FW,401,,1,,,7,8,0,0,https://web.archive.org/web/20260717104544/https://fbref.com/en/comps/685/2021/defense/2021-Copa-America-Stats
Copa América,2021,Enzo Roco,Chile,DF,83,,1,,,2,2,0,0,https://web.archive.org/web/20260717104544/https://fbref.com/en/comps/685/2021/defense/2021-Copa-America-Stats
Copa América,2021,Erick Pulgar,Chile,MF,345,,3,,,2,3,1,0,https://web.archive.org/web/20260717104544/https://fbref.com/en/comps/685/2021/defense/2021-Copa-America-Stats
Copa América,2021,Eugenio Mena,Chile,DF,450,,6,,,5,5,0,0,https://web.archive.org/web/20260717104544/https://fbref.com/en/comps/685/2021/defense/2021-Copa-America-Stats
Copa América,2021,Francisco Sierralta,Chile,DF,270,,3,,,5,5,2,0,https://web.archive.org/web/20260717104544/https://fbref.com/en/comps/685/2021/defense/2021-Copa-America-Stats
Copa América,2021,Gary Medel,Chile,DF,420,,3,,,3,3,1,0,https://web.archive.org/web/20260717104544/https://fbref.com/en/comps/685/2021/defense/2021-Copa-America-Stats
Copa América,2021,Guillermo Maripán,Chile,DF,217,,1,,,3,0,1,0,https://web.archive.org/web/20260717104544/https://fbref.com/en/comps/685/2021/defense/2021-Copa-America-Stats
Copa América,2021,Jean Meneses,Chile,FW,248,,2,,,3,2,0,0,https://web.archive.org/web/20260717104544/https://fbref.com/en/comps/685/2021/defense/2021-Copa-America-Stats
Copa América,2021,Luciano Arriagada,Chile,FW,22,,0,,,1,0,0,0,https://web.archive.org/web/20260717104544/https://fbref.com/en/comps/685/2021/defense/2021-Copa-America-Stats
Copa América,2021,Mauricio Isla,Chile,DF,450,,5,,,2,4,1,0,https://web.archive.org/web/20260717104544/https://fbref.com/en/comps/685/2021/defense/2021-Copa-America-Stats
Copa América,2021,Pablo Aránguiz,Chile,MF,7,,0,,,0,0,0,0,https://web.archive.org/web/20260717104544/https://fbref.com/en/comps/685/2021/defense/2021-Copa-America-Stats
Copa América,2021,Pablo Galdames Millán,Chile,MF,24,,1,,,0,0,0,0,https://web.archive.org/web/20260717104544/https://fbref.com/en/comps/685/2021/defense/2021-Copa-America-Stats
Copa América,2021,Sebastián Vegas,Chile,DF,63,,1,,,0,1,0,0,https://web.archive.org/web/20260717104544/https://fbref.com/en/comps/685/2021/defense/2021-Copa-America-Stats
Copa América,2021,Tomás Alarcón,Chile,MF,95,,1,,,4,0,0,0,https://web.archive.org/web/20260717104544/https://fbref.com/en/comps/685/2021/defense/2021-Copa-America-Stats
Copa América,2021,Alfredo Morelos,Colombia,MF,10,,0,,,0,0,0,0,https://web.archive.org/web/20260717104544/https://fbref.com/en/comps/685/2021/defense/2021-Copa-America-Stats
Copa América,2021,Camilo Vargas,Colombia,GK,90,,0,,,0,0,0,0,https://web.archive.org/web/20260717104544/https://fbref.com/en/comps/685/2021/defense/2021-Copa-America-Stats
Copa América,2021,Daniel Muñoz,Colombia,"DF,MF",480,,6,,,16,5,2,0,https://web.archive.org/web/20260717104544/https://fbref.com/en/comps/685/2021/defense/2021-Copa-America-Stats
Copa América,2021,David Ospina,Colombia,GK,570,,0,,,0,2,1,0,https://web.archive.org/web/20260717104544/https://fbref.com/en/comps/685/2021/defense/2021-Copa-America-Stats
Copa América,2021,Davinson Sánchez,Colombia,DF,525,,4,,,5,3,0,0,https://web.archive.org/web/20260717104544/https://fbref.com/en/comps/685/2021/defense/2021-Copa-America-Stats
Copa América,2021,Duván Zapata,Colombia,FW,428,,1,,,6,8,0,0,https://web.archive.org/web/20260717104544/https://fbref.com/en/comps/685/2021/defense/2021-Copa-America-Stats
Copa América,2021,Edwin Cardona,Colombia,"MF,FW",331,,2,,,7,3,2,0,https://web.archive.org/web/20260717104544/https://fbref.com/en/comps/685/2021/defense/2021-Copa-America-Stats
Copa América,2021,Frank Fabra,Colombia,DF,75,,0,,,1,0,1,0,https://web.archive.org/web/20260717104544/https://fbref.com/en/comps/685/2021/defense/2021-Copa-America-Stats
Copa América,2021,Gustavo Cuellar,Colombia,MF,284,,9,,,4,0,1,0,https://web.archive.org/web/20260717104544/https://fbref.com/en/comps/685/2021/defense/2021-Copa-America-Stats
Copa América,2021,Jaminton Campaz,Colombia,"MF,FW",29,,0,,,1,0,0,0,https://web.archive.org/web/20260717104544/https://fbref.com/en/comps/685/2021/defense/2021-Copa-America-Stats
Copa América,2021,Juan Cuadrado,Colombia,"MF,FW",570,,9,,,15,23,3,0,https://web.archive.org/web/20260717104544/https://fbref.com/en/comps/685/2021/defense/2021-Copa-America-Stats
Copa América,2021,Luis Díaz,Colombia,"MF,FW",417,,1,,,2,10,0,1,https://web.archive.org/web/20260717104544/https://fbref.com/en/comps/685/2021/defense/2021-Copa-America-Stats
Copa América,2021,Luis Muriel,Colombia,FW,158,,0,,,1,1,0,0,https://web.archive.org/web/20260717104544/https://fbref.com/en/comps/685/2021/defense/2021-Copa-America-Stats
Copa América,2021,Mateus Uribe,Colombia,MF,240,,4,,,3,3,2,0,https://web.archive.org/web/20260717104544/https://fbref.com/en/comps/685/2021/defense/2021-Copa-America-Stats
Copa América,2021,Miguel Borja,Colombia,FW,296,,0,,,6,7,2,0,https://web.archive.org/web/20260717104544/https://fbref.com/en/comps/685/2021/defense/2021-Copa-America-Stats
Copa América,2021,Rafael Borré,Colombia,"FW,MF",292,,5,,,10,3,1,0,https://web.archive.org/web/20260717104544/https://fbref.com/en/comps/685/2021/defense/2021-Copa-America-Stats
Copa América,2021,Sebastián Pérez,Colombia,MF,89,,1,,,2,0,0,0,https://web.archive.org/web/20260717104544/https://fbref.com/en/comps/685/2021/defense/2021-Copa-America-Stats
Copa América,2021,Stefan Medina,Colombia,DF,170,,5,,,6,1,0,0,https://web.archive.org/web/20260717104544/https://fbref.com/en/comps/685/2021/defense/2021-Copa-America-Stats
Copa América,2021,William Tesillo,Colombia,DF,541,,13,,,10,3,0,0,https://web.archive.org/web/20260717104544/https://fbref.com/en/comps/685/2021/defense/2021-Copa-America-Stats
Copa América,2021,Wílmar Barrios,Colombia,MF,659,,18,,,14,13,3,0,https://web.archive.org/web/20260717104544/https://fbref.com/en/comps/685/2021/defense/2021-Copa-America-Stats
Copa América,2021,Yairo Moreno,Colombia,DF,44,,2,,,1,0,0,0,https://web.archive.org/web/20260717104544/https://fbref.com/en/comps/685/2021/defense/2021-Copa-America-Stats
Copa América,2021,Yerry Mina,Colombia,DF,624,,3,,,10,4,0,0,https://web.archive.org/web/20260717104544/https://fbref.com/en/comps/685/2021/defense/2021-Copa-America-Stats
Copa América,2021,Yimmi Chará,Colombia,"FW,MF",165,,1,,,2,1,0,0,https://web.archive.org/web/20260717104544/https://fbref.com/en/comps/685/2021/defense/2021-Copa-America-Stats
Copa América,2021,Óscar Murillo,Colombia,DF,172,,3,,,1,0,1,0,https://web.archive.org/web/20260717104544/https://fbref.com/en/comps/685/2021/defense/2021-Copa-America-Stats
Copa América,2021,Alan Franco,Ecuador,MF,248,,2,,,2,1,1,0,https://web.archive.org/web/20260717104544/https://fbref.com/en/comps/685/2021/defense/2021-Copa-America-Stats
Copa América,2021,Ayrton Preciado,Ecuador,MF,281,,3,,,5,0,0,0,https://web.archive.org/web/20260717104544/https://fbref.com/en/comps/685/2021/defense/2021-Copa-America-Stats
Copa América,2021,Carlos Gruezo,Ecuador,MF,45,,2,,,0,1,0,0,https://web.archive.org/web/20260717104544/https://fbref.com/en/comps/685/2021/defense/2021-Copa-America-Stats
Copa América,2021,Christian Noboa,Ecuador,MF,34,,2,,,1,0,0,0,https://web.archive.org/web/20260717104544/https://fbref.com/en/comps/685/2021/defense/2021-Copa-America-Stats
Copa América,2021,Damián Díaz,Ecuador,"FW,MF",74,,1,,,0,0,0,0,https://web.archive.org/web/20260717104544/https://fbref.com/en/comps/685/2021/defense/2021-Copa-America-Stats
Copa América,2021,Diego Palacios,Ecuador,"MF,FW",116,,2,,,1,0,0,0,https://web.archive.org/web/20260717104544/https://fbref.com/en/comps/685/2021/defense/2021-Copa-America-Stats
Copa América,2021,Enner Valencia,Ecuador,FW,344,,1,,,8,7,2,0,https://web.archive.org/web/20260717104544/https://fbref.com/en/comps/685/2021/defense/2021-Copa-America-Stats
Copa América,2021,Fidel Martínez,Ecuador,"MF,FW",62,,0,,,1,2,0,0,https://web.archive.org/web/20260717104544/https://fbref.com/en/comps/685/2021/defense/2021-Copa-America-Stats
Copa América,2021,Gonzalo Plata,Ecuador,"MF,FW",155,,2,,,1,5,0,0,https://web.archive.org/web/20260717104544/https://fbref.com/en/comps/685/2021/defense/2021-Copa-America-Stats
Copa América,2021,Hernán Galíndez,Ecuador,GK,270,,0,,,0,0,0,0,https://web.archive.org/web/20260717104544/https://fbref.com/en/comps/685/2021/defense/2021-Copa-America-Stats
Copa América,2021,Jhegson Méndez,Ecuador,MF,416,,7,,,6,1,0,0,https://web.archive.org/web/20260717104544/https://fbref.com/en/comps/685/2021/defense/2021-Copa-America-Stats
Copa América,2021,Jordy Caicedo,Ecuador,FW,31,,0,,,1,1,0,0,https://web.archive.org/web/20260717104544/https://fbref.com/en/comps/685/2021/defense/2021-Copa-America-Stats
Copa América,2021,Leonardo Campana,Ecuador,FW,169,,1,,,5,2,0,0,https://web.archive.org/web/20260717104544/https://fbref.com/en/comps/685/2021/defense/2021-Copa-America-Stats
Copa América,2021,Mario Pineida,Ecuador,DF,7,,0,,,0,0,0,0,https://web.archive.org/web/20260717104544/https://fbref.com/en/comps/685/2021/defense/2021-Copa-America-Stats
Copa América,2021,Michael Estrada,Ecuador,FW,140,,0,,,0,3,0,0,https://web.archive.org/web/20260717104544/https://fbref.com/en/comps/685/2021/defense/2021-Copa-America-Stats
Copa América,2021,Moisés Caicedo,Ecuador,MF,296,,3,,,6,2,1,0,https://web.archive.org/web/20260717104544/https://fbref.com/en/comps/685/2021/defense/2021-Copa-America-Stats
Copa América,2021,Pedro Ortíz,Ecuador,GK,180,,0,,,0,1,0,0,https://web.archive.org/web/20260717104544/https://fbref.com/en/comps/685/2021/defense/2021-Copa-America-Stats
Copa América,2021,Pervis Estupiñán,Ecuador,DF,450,,6,,,19,8,2,0,https://web.archive.org/web/20260717104544/https://fbref.com/en/comps/685/2021/defense/2021-Copa-America-Stats
Copa América,2021,Piero Hincapié,Ecuador,DF,449,,7,,,8,5,1,1,https://web.archive.org/web/20260717104544/https://fbref.com/en/comps/685/2021/defense/2021-Copa-America-Stats
Copa América,2021,Robert Arboleda,Ecuador,DF,450,,3,,,2,1,0,0,https://web.archive.org/web/20260717104544/https://fbref.com/en/comps/685/2021/defense/2021-Copa-America-Stats
Copa América,2021,Ángel Mena,Ecuador,"MF,FW",290,,2,,,3,9,0,0,https://web.archive.org/web/20260717104544/https://fbref.com/en/comps/685/2021/defense/2021-Copa-America-Stats
Copa América,2021,Ángelo Preciado,Ecuador,DF,442,,6,,,7,7,2,0,https://web.archive.org/web/20260717104544/https://fbref.com/en/comps/685/2021/defense/2021-Copa-America-Stats
Copa América,2021,Alberto Espínola,Paraguay,DF,446,,14,,,8,7,2,0,https://web.archive.org/web/20260717104544/https://fbref.com/en/comps/685/2021/defense/2021-Copa-America-Stats
Copa América,2021,Andrés Cubas,Paraguay,MF,87,,2,,,1,1,0,0,https://web.archive.org/web/20260717104544/https://fbref.com/en/comps/685/2021/defense/2021-Copa-America-Stats
Copa América,2021,Antonio Bareiro,Paraguay,FW,14,,0,,,0,0,0,0,https://web.archive.org/web/20260717104544/https://fbref.com/en/comps/685/2021/defense/2021-Copa-America-Stats
Copa América,2021,Antony Silva,Paraguay,GK,480,,0,,,0,0,0,0,https://web.archive.org/web/20260717104544/https://fbref.com/en/comps/685/2021/defense/2021-Copa-America-Stats
Copa América,2021,Braian Samudio,Paraguay,"MF,FW",190,,2,,,3,1,0,0,https://web.archive.org/web/20260717104544/https://fbref.com/en/comps/685/2021/defense/2021-Copa-America-Stats
Copa América,2021,Carlos González,Paraguay,FW,214,,0,,,2,6,0,0,https://web.archive.org/web/20260717104544/https://fbref.com/en/comps/685/2021/defense/2021-Copa-America-Stats
Copa América,2021,Gabriel Ávalos,Paraguay,FW,266,,0,,,6,5,0,0,https://web.archive.org/web/20260717104544/https://fbref.com/en/comps/685/2021/defense/2021-Copa-America-Stats
Copa América,2021,Gastón Giménez,Paraguay,MF,80,,2,,,2,1,0,0,https://web.archive.org/web/20260717104544/https://fbref.com/en/comps/685/2021/defense/2021-Copa-America-Stats
Copa América,2021,Gustavo Gómez,Paraguay,DF,314,,2,,,7,3,3,1,https://web.archive.org/web/20260717104544/https://fbref.com/en/comps/685/2021/defense/2021-Copa-America-Stats
Copa América,2021,Héctor David Martínez,Paraguay,DF,261,,3,,,1,2,1,0,https://web.archive.org/web/20260717104544/https://fbref.com/en/comps/685/2021/defense/2021-Copa-America-Stats
Copa América,2021,Julio Enciso,Paraguay,"MF,FW",42,,0,,,1,2,0,0,https://web.archive.org/web/20260717104544/https://fbref.com/en/comps/685/2021/defense/2021-Copa-America-Stats
Copa América,2021,Júnior Alonso,Paraguay,DF,480,,5,,,9,1,1,0,https://web.archive.org/web/20260717104544/https://fbref.com/en/comps/685/2021/defense/2021-Copa-America-Stats
Copa América,2021,Kaku,Paraguay,"MF,FW",151,,0,,,0,0,0,0,https://web.archive.org/web/20260717104544/https://fbref.com/en/comps/685/2021/defense/2021-Copa-America-Stats
Copa América,2021,Mathías Villasanti,Paraguay,MF,303,,4,,,7,4,1,0,https://web.archive.org/web/20260717104544/https://fbref.com/en/comps/685/2021/defense/2021-Copa-America-Stats
Copa América,2021,Miguel Almirón,Paraguay,"FW,MF",288,,2,,,5,7,0,0,https://web.archive.org/web/20260717104544/https://fbref.com/en/comps/685/2021/defense/2021-Copa-America-Stats
Copa América,2021,Omar Alderete,Paraguay,DF,97,,0,,,1,0,1,0,https://web.archive.org/web/20260717104544/https://fbref.com/en/comps/685/2021/defense/2021-Copa-America-Stats
Copa América,2021,Richard Sánchez,Paraguay,"MF,FW",153,,2,,,1,2,0,0,https://web.archive.org/web/20260717104544/https://fbref.com/en/comps/685/2021/defense/2021-Copa-America-Stats
Copa América,2021,Robert Piris Da Motta,Paraguay,MF,180,,2,,,5,3,0,0,https://web.archive.org/web/20260717104544/https://fbref.com/en/comps/685/2021/defense/2021-Copa-America-Stats
Copa América,2021,Robert Rojas,Paraguay,DF,165,,1,,,1,1,0,0,https://web.archive.org/web/20260717104544/https://fbref.com/en/comps/685/2021/defense/2021-Copa-America-Stats
Copa América,2021,Santiago Arzamendia,Paraguay,"DF,MF",328,,0,,,6,0,1,0,https://web.archive.org/web/20260717104544/https://fbref.com/en/comps/685/2021/defense/2021-Copa-America-Stats
Copa América,2021,Ángel Cardozo,Paraguay,MF,153,,4,,,4,3,0,0,https://web.archive.org/web/20260717104544/https://fbref.com/en/comps/685/2021/defense/2021-Copa-America-Stats
Copa América,2021,Ángel Romero,Paraguay,"MF,FW",415,,5,,,6,5,0,0,https://web.archive.org/web/20260717104544/https://fbref.com/en/comps/685/2021/defense/2021-Copa-America-Stats
Copa América,2021,Óscar Romero,Paraguay,"FW,MF",97,,2,,,2,3,0,0,https://web.archive.org/web/20260717104544/https://fbref.com/en/comps/685/2021/defense/2021-Copa-America-Stats
Copa América,2021,Aldo Corzo,Peru,DF,600,,9,,,7,4,0,0,https://web.archive.org/web/20260717104544/https://fbref.com/en/comps/685/2021/defense/2021-Copa-America-Stats
Copa América,2021,Alexander Callens,Peru,DF,386,,4,,,6,1,0,0,https://web.archive.org/web/20260717104544/https://fbref.com/en/comps/685/2021/defense/2021-Copa-America-Stats
Copa América,2021,Alexis Arias,Peru,MF,17,,0,,,3,0,0,0,https://web.archive.org/web/20260717104544/https://fbref.com/en/comps/685/2021/defense/2021-Copa-America-Stats
Copa América,2021,Anderson Santamaría,Peru,DF,300,,5,,,1,1,1,0,https://web.archive.org/web/20260717104544/https://fbref.com/en/comps/685/2021/defense/2021-Copa-America-Stats
Copa América,2021,André Carrillo,Peru,"FW,MF",516,,2,,,13,5,4,1,https://web.archive.org/web/20260717104544/https://fbref.com/en/comps/685/2021/defense/2021-Copa-America-Stats
Copa América,2021,Christian Cueva,Peru,"FW,MF",597,,8,,,5,27,2,0,https://web.archive.org/web/20260717104544/https://fbref.com/en/comps/685/2021/defense/2021-Copa-America-Stats
Copa América,2021,Christian Ramos,Peru,DF,435,,2,,,8,2,2,0,https://web.archive.org/web/20260717104544/https://fbref.com/en/comps/685/2021/defense/2021-Copa-America-Stats
Copa América,2021,Gerald Távara,Peru,MF,19,,0,,,1,0,1,0,https://web.archive.org/web/20260717104544/https://fbref.com/en/comps/685/2021/defense/2021-Copa-America-Stats
Copa América,2021,Gianluca Lapadula,Peru,FW,607,,2,,,10,9,0,0,https://web.archive.org/web/20260717104544/https://fbref.com/en/comps/685/2021/defense/2021-Copa-America-Stats
Copa América,2021,Jhilmar Lora,Peru,DF,60,,3,,,0,2,0,0,https://web.archive.org/web/20260717104544/https://fbref.com/en/comps/685/2021/defense/2021-Copa-America-Stats
Copa América,2021,Luis Abram,Peru,DF,154,,0,,,1,0,0,0,https://web.archive.org/web/20260717104544/https://fbref.com/en/comps/685/2021/defense/2021-Copa-America-Stats
Copa América,2021,Luis Iberico,Peru,MF,25,,1,,,2,0,0,0,https://web.archive.org/web/20260717104544/https://fbref.com/en/comps/685/2021/defense/2021-Copa-America-Stats
Copa América,2021,Marcos López,Peru,DF,315,,2,,,4,6,1,0,https://web.archive.org/web/20260717104544/https://fbref.com/en/comps/685/2021/defense/2021-Copa-America-Stats
Copa América,2021,Miguel Araujo,Peru,DF,95,,0,,,0,0,0,0,https://web.archive.org/web/20260717104544/https://fbref.com/en/comps/685/2021/defense/2021-Copa-America-Stats
Copa América,2021,Miguel Trauco,Peru,DF,345,,6,,,3,2,0,0,https://web.archive.org/web/20260717104544/https://fbref.com/en/comps/685/2021/defense/2021-Copa-America-Stats
Copa América,2021,Pedro Gallese,Peru,GK,660,,0,,,1,2,1,0,https://web.archive.org/web/20260717104544/https://fbref.com/en/comps/685/2021/defense/2021-Copa-America-Stats
Copa América,2021,Raziel García,Peru,"FW,MF",86,,3,,,0,0,0,0,https://web.archive.org/web/20260717104544/https://fbref.com/en/comps/685/2021/defense/2021-Copa-America-Stats
Copa América,2021,Renato Tapia,Peru,MF,573,,7,,,7,13,0,0,https://web.archive.org/web/20260717104544/https://fbref.com/en/comps/685/2021/defense/2021-Copa-America-Stats
Copa América,2021,Santiago Ormeño,Peru,"FW,MF",113,,0,,,5,0,0,0,https://web.archive.org/web/20260717104544/https://fbref.com/en/comps/685/2021/defense/2021-Copa-America-Stats
Copa América,2021,Sergio Peña,Peru,MF,541,,7,,,8,7,0,0,https://web.archive.org/web/20260717104544/https://fbref.com/en/comps/685/2021/defense/2021-Copa-America-Stats
Copa América,2021,Wilder Cartagena,Peru,MF,106,,3,,,1,4,0,0,https://web.archive.org/web/20260717104544/https://fbref.com/en/comps/685/2021/defense/2021-Copa-America-Stats
Copa América,2021,Yoshimar Yotún,Peru,MF,642,,12,,,9,14,2,0,https://web.archive.org/web/20260717104544/https://fbref.com/en/comps/685/2021/defense/2021-Copa-America-Stats
Copa América,2021,Álex Valera,Peru,FW,32,,0,,,0,0,0,0,https://web.archive.org/web/20260717104544/https://fbref.com/en/comps/685/2021/defense/2021-Copa-America-Stats
Copa América,2021,Brian Ocampo,Uruguay,MF,26,,1,,,3,0,1,0,https://web.archive.org/web/20260717104544/https://fbref.com/en/comps/685/2021/defense/2021-Copa-America-Stats
Copa América,2021,Diego Godín,Uruguay,DF,405,,2,,,3,5,1,0,https://web.archive.org/web/20260717104544/https://fbref.com/en/comps/685/2021/defense/2021-Copa-America-Stats
Copa América,2021,Edinson Cavani,Uruguay,FW,427,,1,,,5,7,0,0,https://web.archive.org/web/20260717104544/https://fbref.com/en/comps/685/2021/defense/2021-Copa-America-Stats
Copa América,2021,Facundo Torres,Uruguay,MF,117,,2,,,3,6,0,0,https://web.archive.org/web/20260717104544/https://fbref.com/en/comps/685/2021/defense/2021-Copa-America-Stats
Copa América,2021,Federico Valverde,Uruguay,MF,417,,7,,,1,4,1,0,https://web.archive.org/web/20260717104544/https://fbref.com/en/comps/685/2021/defense/2021-Copa-America-Stats
Copa América,2021,Fernando Gorriarán,Uruguay,MF,7,,1,,,0,0,0,0,https://web.archive.org/web/20260717104544/https://fbref.com/en/comps/685/2021/defense/2021-Copa-America-Stats
Copa América,2021,Fernando Muslera,Uruguay,GK,450,,0,,,0,1,0,0,https://web.archive.org/web/20260717104544/https://fbref.com/en/comps/685/2021/defense/2021-Copa-America-Stats
Copa América,2021,Giorgian de Arrascaeta,Uruguay,MF,264,,3,,,3,5,0,0,https://web.archive.org/web/20260717104544/https://fbref.com/en/comps/685/2021/defense/2021-Copa-America-Stats
Copa América,2021,Giovanni González,Uruguay,DF,117,,1,,,0,0,0,0,https://web.archive.org/web/20260717104544/https://fbref.com/en/comps/685/2021/defense/2021-Copa-America-Stats
Copa América,2021,Jonathan Rodríguez,Uruguay,DF,6,,0,,,0,0,0,0,https://web.archive.org/web/20260717104544/https://fbref.com/en/comps/685/2021/defense/2021-Copa-America-Stats
Copa América,2021,José María Giménez,Uruguay,DF,450,,4,,,9,6,0,0,https://web.archive.org/web/20260717104544/https://fbref.com/en/comps/685/2021/defense/2021-Copa-America-Stats
Copa América,2021,Lucas Torreira,Uruguay,MF,88,,2,,,2,2,1,0,https://web.archive.org/web/20260717104544/https://fbref.com/en/comps/685/2021/defense/2021-Copa-America-Stats
Copa América,2021,Luis Suárez,Uruguay,FW,380,,3,,,3,8,0,0,https://web.archive.org/web/20260717104544/https://fbref.com/en/comps/685/2021/defense/2021-Copa-America-Stats
Copa América,2021,Martín Cáceres,Uruguay,DF,90,,1,,,0,1,0,0,https://web.archive.org/web/20260717104544/https://fbref.com/en/comps/685/2021/defense/2021-Copa-America-Stats
Copa América,2021,Matías Vecino,Uruguay,MF,343,,7,,,8,5,0,0,https://web.archive.org/web/20260717104544/https://fbref.com/en/comps/685/2021/defense/2021-Copa-America-Stats
Copa América,2021,Matías Viña,Uruguay,DF,444,,2,,,5,4,0,0,https://web.archive.org/web/20260717104544/https://fbref.com/en/comps/685/2021/defense/2021-Copa-America-Stats
Copa América,2021,Maxi Gómez,Uruguay,FW,3,,0,,,0,0,0,0,https://web.archive.org/web/20260717104544/https://fbref.com/en/comps/685/2021/defense/2021-Copa-America-Stats
Copa América,2021,Nahitan Nández,Uruguay,"DF,MF",357,,1,,,7,5,0,0,https://web.archive.org/web/20260717104544/https://fbref.com/en/comps/685/2021/defense/2021-Copa-America-Stats
Copa América,2021,Nicolás De La Cruz,Uruguay,MF,259,,2,,,6,2,0,0,https://web.archive.org/web/20260717104544/https://fbref.com/en/comps/685/2021/defense/2021-Copa-America-Stats
Copa América,2021,Rodrigo Bentancur,Uruguay,MF,255,,7,,,6,3,0,0,https://web.archive.org/web/20260717104544/https://fbref.com/en/comps/685/2021/defense/2021-Copa-America-Stats
Copa América,2021,Sebastián Coates,Uruguay,DF,45,,2,,,0,0,0,0,https://web.archive.org/web/20260717104544/https://fbref.com/en/comps/685/2021/defense/2021-Copa-America-Stats
Copa América,2021,Adrián Martínez,Venezuela,DF,270,,4,,,1,4,0,0,https://web.archive.org/web/20260717104544/https://fbref.com/en/comps/685/2021/defense/2021-Copa-America-Stats
Copa América,2021,Alexander González,Venezuela,DF,289,,7,,,4,2,0,0,https://web.archive.org/web/20260717104544/https://fbref.com/en/comps/685/2021/defense/2021-Copa-America-Stats
Copa América,2021,Bernaldo Manzano,Venezuela,MF,143,,0,,,4,1,1,0,https://web.archive.org/web/20260717104544/https://fbref.com/en/comps/685/2021/defense/2021-Copa-America-Stats
Copa América,2021,Cristian Cásseres Jr.,Venezuela,MF,310,,1,,,8,7,0,0,https://web.archive.org/web/20260717104544/https://fbref.com/en/comps/685/2021/defense/2021-Copa-America-Stats
Copa América,2021,Edson Castillo,Venezuela,MF,167,,8,,,2,5,0,0,https://web.archive.org/web/20260717104544/https://fbref.com/en/comps/685/2021/defense/2021-Copa-America-Stats
Copa América,2021,Fernando Aristeguieta,Venezuela,FW,214,,1,,,6,3,1,0,https://web.archive.org/web/20260717104544/https://fbref.com/en/comps/685/2021/defense/2021-Copa-America-Stats
Copa América,2021,Francisco La Mantía,Venezuela,DF,180,,0,,,1,1,1,0,https://web.archive.org/web/20260717104544/https://fbref.com/en/comps/685/2021/defense/2021-Copa-America-Stats
Copa América,2021,Jan Carlos Hurtado,Venezuela,"FW,MF",27,,0,,,2,0,0,0,https://web.archive.org/web/20260717104544/https://fbref.com/en/comps/685/2021/defense/2021-Copa-America-Stats
Copa América,2021,Jefferson Savarino,Venezuela,MF,58,,0,,,0,0,0,0,https://web.archive.org/web/20260717104544/https://fbref.com/en/comps/685/2021/defense/2021-Copa-America-Stats
Copa América,2021,Joel Graterol,Venezuela,GK,90,,0,,,0,1,0,0,https://web.archive.org/web/20260717104544/https://fbref.com/en/comps/685/2021/defense/2021-Copa-America-Stats
Copa América,2021,José Andrés Martínez,Venezuela,MF,288,,5,,,6,7,1,0,https://web.archive.org/web/20260717104544/https://fbref.com/en/comps/685/2021/defense/2021-Copa-America-Stats
Copa América,2021,José Manuel Velázquez,Venezuela,DF,90,,0,,,0,0,0,0,https://web.archive.org/web/20260717104544/https://fbref.com/en/comps/685/2021/defense/2021-Copa-America-Stats
Copa América,2021,Junior Moreno,Venezuela,MF,351,,4,,,4,3,0,0,https://web.archive.org/web/20260717104544/https://fbref.com/en/comps/685/2021/defense/2021-Copa-America-Stats
Copa América,2021,Luis Mago,Venezuela,DF,360,,7,,,3,3,1,0,https://web.archive.org/web/20260717104544/https://fbref.com/en/comps/685/2021/defense/2021-Copa-America-Stats
Copa América,2021,Mikel Villanueva,Venezuela,DF,90,,0,,,0,1,0,0,https://web.archive.org/web/20260717104544/https://fbref.com/en/comps/685/2021/defense/2021-Copa-America-Stats
Copa América,2021,Nahuel Ferraresi,Venezuela,DF,90,,3,,,1,1,0,0,https://web.archive.org/web/20260717104544/https://fbref.com/en/comps/685/2021/defense/2021-Copa-America-Stats
Copa América,2021,Richard Celis,Venezuela,MF,23,,0,,,3,1,0,0,https://web.archive.org/web/20260717104544/https://fbref.com/en/comps/685/2021/defense/2021-Copa-America-Stats
Copa América,2021,Roberto Rosales,Venezuela,DF,68,,3,,,0,0,0,0,https://web.archive.org/web/20260717104544/https://fbref.com/en/comps/685/2021/defense/2021-Copa-America-Stats
Copa América,2021,Ronald Hernández,Venezuela,DF,107,,1,,,1,1,1,0,https://web.archive.org/web/20260717104544/https://fbref.com/en/comps/685/2021/defense/2021-Copa-America-Stats
Copa América,2021,Rómulo Otero,Venezuela,MF,32,,0,,,1,2,0,0,https://web.archive.org/web/20260717104544/https://fbref.com/en/comps/685/2021/defense/2021-Copa-America-Stats
Copa América,2021,Sergio Córdova,Venezuela,FW,133,,1,,,2,0,0,0,https://web.archive.org/web/20260717104544/https://fbref.com/en/comps/685/2021/defense/2021-Copa-America-Stats
Copa América,2021,Wuilker Faríñez,Venezuela,GK,270,,0,,,0,0,0,0,https://web.archive.org/web/20260717104544/https://fbref.com/en/comps/685/2021/defense/2021-Copa-America-Stats
Copa América,2021,Yangel Herrera,Venezuela,MF,32,,0,,,0,0,1,0,https://web.archive.org/web/20260717104544/https://fbref.com/en/comps/685/2021/defense/2021-Copa-America-Stats
Copa América,2021,Yeferson Soteldo,Venezuela,MF,22,,0,,,0,0,0,0,https://web.archive.org/web/20260717104544/https://fbref.com/en/comps/685/2021/defense/2021-Copa-America-Stats
Copa América,2021,Yohan Cumana,Venezuela,DF,256,,2,,,3,4,1,0,https://web.archive.org/web/20260717104544/https://fbref.com/en/comps/685/2021/defense/2021-Copa-America-Stats
Copa América,2024,Alejandro Garnacho,Argentina,FW,65,2,1,1,0,0,2,0,0,https://web.archive.org/web/20250714170127/https://fbref.com/en/comps/685/defense/Copa-America-Stats
Copa América,2024,Alexis Mac Allister,Argentina,MF,443,13,7,15,6,7,8,1,0,https://web.archive.org/web/20250714170127/https://fbref.com/en/comps/685/defense/Copa-America-Stats
Copa América,2024,Cristian Romero,Argentina,DF,480,24,15,12,1,3,3,0,0,https://web.archive.org/web/20250714170127/https://fbref.com/en/comps/685/defense/Copa-America-Stats
Copa América,2024,Emiliano Martínez,Argentina,GK,570,0,0,0,0,0,1,0,0,https://web.archive.org/web/20250714170127/https://fbref.com/en/comps/685/defense/Copa-America-Stats
Copa América,2024,Enzo Fernández,Argentina,MF,351,5,2,7,4,3,5,0,0,https://web.archive.org/web/20250714170127/https://fbref.com/en/comps/685/defense/Copa-America-Stats
Copa América,2024,Exequiel Palacios,Argentina,MF,103,3,2,2,0,1,4,0,0,https://web.archive.org/web/20250714170127/https://fbref.com/en/comps/685/defense/Copa-America-Stats
Copa América,2024,Germán Pezzella,Argentina,DF,82,1,0,3,2,0,0,0,0,https://web.archive.org/web/20250714170127/https://fbref.com/en/comps/685/defense/Copa-America-Stats
Copa América,2024,Giovani Lo Celso,Argentina,MF,152,5,5,1,1,2,4,2,0,https://web.archive.org/web/20250714170127/https://fbref.com/en/comps/685/defense/Copa-America-Stats
Copa América,2024,Gonzalo Montiel,Argentina,DF,242,4,2,3,2,1,2,0,0,https://web.archive.org/web/20250714170127/https://fbref.com/en/comps/685/defense/Copa-America-Stats
Copa América,2024,Guido Rodríguez,Argentina,MF,14,1,1,1,0,1,0,0,0,https://web.archive.org/web/20250714170127/https://fbref.com/en/comps/685/defense/Copa-America-Stats
Copa América,2024,Julián Álvarez,Argentina,FW,346,3,3,8,6,5,2,0,0,https://web.archive.org/web/20250714170127/https://fbref.com/en/comps/685/defense/Copa-America-Stats
Copa América,2024,Lautaro Martínez,Argentina,FW,224,3,2,1,0,8,5,0,0,https://web.archive.org/web/20250714170127/https://fbref.com/en/comps/685/defense/Copa-America-Stats
Copa América,2024,Leandro Paredes,Argentina,MF,176,8,5,7,3,4,6,1,0,https://web.archive.org/web/20250714170127/https://fbref.com/en/comps/685/defense/Copa-America-Stats
Copa América,2024,Lionel Messi,Argentina,FW,425,0,0,5,5,1,8,0,0,https://web.archive.org/web/20250714170127/https://fbref.com/en/comps/685/defense/Copa-America-Stats
Copa América,2024,Lisandro Martínez,Argentina,DF,467,6,4,3,2,4,2,0,0,https://web.archive.org/web/20250714170127/https://fbref.com/en/comps/685/defense/Copa-America-Stats
Copa América,2024,Lucas Martínez Quarta,Argentina,DF,8,0,0,0,0,0,0,0,0,https://web.archive.org/web/20250714170127/https://fbref.com/en/comps/685/defense/Copa-America-Stats
Copa América,2024,Marcos Acuña,Argentina,DF,96,2,1,1,0,2,1,0,0,https://web.archive.org/web/20250714170127/https://fbref.com/en/comps/685/defense/Copa-America-Stats
Copa América,2024,Nahuel Molina,Argentina,DF,328,9,8,12,7,1,1,1,0,https://web.archive.org/web/20250714170127/https://fbref.com/en/comps/685/defense/Copa-America-Stats
Copa América,2024,Nicolás González,Argentina,"MF,FW",255,4,2,5,3,5,2,1,0,https://web.archive.org/web/20250714170127/https://fbref.com/en/comps/685/defense/Copa-America-Stats
Copa América,2024,Nicolás Otamendi,Argentina,DF,148,1,1,2,1,0,0,0,0,https://web.archive.org/web/20250714170127/https://fbref.com/en/comps/685/defense/Copa-America-Stats
Copa América,2024,Nicolás Tagliafico,Argentina,DF,447,5,4,1,0,4,8,1,0,https://web.archive.org/web/20250714170127/https://fbref.com/en/comps/685/defense/Copa-America-Stats
Copa América,2024,Rodrigo De Paul,Argentina,MF,480,11,8,13,6,7,11,1,0,https://web.archive.org/web/20250714170127/https://fbref.com/en/comps/685/defense/Copa-America-Stats
Copa América,2024,Valentin Carboni,Argentina,FW,14,0,0,0,0,2,0,0,0,https://web.archive.org/web/20250714170127/https://fbref.com/en/comps/685/defense/Copa-America-Stats
Copa América,2024,Ángel Di María,Argentina,"MF,FW",354,5,4,5,3,0,6,0,0,https://web.archive.org/web/20250714170127/https://fbref.com/en/comps/685/defense/Copa-America-Stats
Copa América,2024,Adalid Terrazas,Bolivia,"MF,FW",37,1,1,4,3,1,0,1,0,https://web.archive.org/web/20250714170127/https://fbref.com/en/comps/685/defense/Copa-America-Stats
Copa América,2024,Boris Cespedes,Bolivia,MF,152,2,1,1,0,1,1,0,0,https://web.archive.org/web/20250714170127/https://fbref.com/en/comps/685/defense/Copa-America-Stats
Copa América,2024,Bruno Miranda,Bolivia,"FW,DF",94,0,0,0,0,0,1,0,0,https://web.archive.org/web/20250714170127/https://fbref.com/en/comps/685/defense/Copa-America-Stats
Copa América,2024,Carmelo Algarañaz,Bolivia,FW,195,2,1,0,0,6,1,0,0,https://web.archive.org/web/20250714170127/https://fbref.com/en/comps/685/defense/Copa-America-Stats
Copa América,2024,Cesar Menacho,Bolivia,FW,45,0,0,0,0,1,1,0,0,https://web.archive.org/web/20250714170127/https://fbref.com/en/comps/685/defense/Copa-America-Stats
Copa América,2024,Diego Medina,Bolivia,"FW,MF",63,2,1,1,0,2,1,0,0,https://web.archive.org/web/20250714170127/https://fbref.com/en/comps/685/defense/Copa-America-Stats
Copa América,2024,Fernando Saucedo,Bolivia,MF,100,1,0,3,2,3,0,0,0,https://web.archive.org/web/20250714170127/https://fbref.com/en/comps/685/defense/Copa-America-Stats
Copa América,2024,Gabriel Villamíl,Bolivia,MF,242,1,1,1,1,9,0,2,0,https://web.archive.org/web/20250714170127/https://fbref.com/en/comps/685/defense/Copa-America-Stats
Copa América,2024,Guillermo Vizcarra,Bolivia,GK,270,1,1,0,0,0,0,0,0,https://web.archive.org/web/20250714170127/https://fbref.com/en/comps/685/defense/Copa-America-Stats
Copa América,2024,Héctor Cuellar,Bolivia,DF,225,7,5,12,6,3,1,0,0,https://web.archive.org/web/20250714170127/https://fbref.com/en/comps/685/defense/Copa-America-Stats
Copa América,2024,Jaume Cuéllar,Bolivia,FW,17,2,1,1,0,1,0,0,0,https://web.archive.org/web/20250714170127/https://fbref.com/en/comps/685/defense/Copa-America-Stats
Copa América,2024,Jesús Manuel Sagredo,Bolivia,DF,90,2,0,3,1,3,0,1,0,https://web.archive.org/web/20250714170127/https://fbref.com/en/comps/685/defense/Copa-America-Stats
Copa América,2024,José Sagredo,Bolivia,DF,270,11,7,8,5,0,4,0,0,https://web.archive.org/web/20250714170127/https://fbref.com/en/comps/685/defense/Copa-America-Stats
Copa América,2024,Leonel Justiniano,Bolivia,MF,73,2,0,3,1,2,0,1,0,https://web.archive.org/web/20250714170127/https://fbref.com/en/comps/685/defense/Copa-America-Stats
Copa América,2024,Lucas Chávez,Bolivia,"FW,MF",33,0,0,1,1,2,1,0,0,https://web.archive.org/web/20250714170127/https://fbref.com/en/comps/685/defense/Copa-America-Stats
Copa América,2024,Luis Haquín,Bolivia,DF,270,4,2,10,6,2,2,1,0,https://web.archive.org/web/20250714170127/https://fbref.com/en/comps/685/defense/Copa-America-Stats
Copa América,2024,Marcelo Suarez,Bolivia,"DF,MF",135,4,3,7,4,3,4,0,0,https://web.archive.org/web/20250714170127/https://fbref.com/en/comps/685/defense/Copa-America-Stats
Copa América,2024,Miguel Terceros,Bolivia,"MF,FW",192,4,1,3,2,3,1,0,0,https://web.archive.org/web/20250714170127/https://fbref.com/en/comps/685/defense/Copa-America-Stats
Copa América,2024,Ramiro Vaca,Bolivia,"FW,MF",169,1,1,1,1,3,2,0,0,https://web.archive.org/web/20250714170127/https://fbref.com/en/comps/685/defense/Copa-America-Stats
Copa América,2024,Roberto Carlos Fernández,Bolivia,"FW,MF",119,3,2,2,1,1,3,0,0,https://web.archive.org/web/20250714170127/https://fbref.com/en/comps/685/defense/Copa-America-Stats
Copa América,2024,Rodrigo Ramallo,Bolivia,FW,44,1,0,0,0,0,0,0,0,https://web.archive.org/web/20250714170127/https://fbref.com/en/comps/685/defense/Copa-America-Stats
Copa América,2024,Yomar Rocha,Bolivia,"MF,DF",135,1,1,4,3,2,2,1,0,https://web.archive.org/web/20250714170127/https://fbref.com/en/comps/685/defense/Copa-America-Stats
Copa América,2024,Alisson,Brazil,GK,360,0,0,0,0,0,0,0,0,https://web.archive.org/web/20250714170127/https://fbref.com/en/comps/685/defense/Copa-America-Stats
Copa América,2024,Andreas Pereira,Brazil,MF,67,4,4,7,4,2,2,0,0,https://web.archive.org/web/20250714170127/https://fbref.com/en/comps/685/defense/Copa-America-Stats
Copa América,2024,Bruno Guimarães,Brazil,MF,332,12,8,9,1,13,10,1,0,https://web.archive.org/web/20250714170127/https://fbref.com/en/comps/685/defense/Copa-America-Stats
Copa América,2024,Danilo,Brazil,DF,360,8,2,6,2,4,0,0,0,https://web.archive.org/web/20250714170127/https://fbref.com/en/comps/685/defense/Copa-America-Stats
Copa América,2024,Douglas Luiz,Brazil,MF,34,1,0,2,1,2,1,0,0,https://web.archive.org/web/20250714170127/https://fbref.com/en/comps/685/defense/Copa-America-Stats
Copa América,2024,Endrick,Brazil,FW,127,1,1,4,4,3,4,0,0,https://web.archive.org/web/20250714170127/https://fbref.com/en/comps/685/defense/Copa-America-Stats
Copa América,2024,Evanilson,Brazil,MF,4,0,0,0,0,0,1,0,0,https://web.archive.org/web/20250714170127/https://fbref.com/en/comps/685/defense/Copa-America-Stats
Copa América,2024,Gabriel Magalhães,Brazil,DF,4,0,0,0,0,0,0,0,0,https://web.archive.org/web/20250714170127/https://fbref.com/en/comps/685/defense/Copa-America-Stats
Copa América,2024,Gabriel Martinelli,Brazil,FW,12,0,0,0,0,0,0,0,0,https://web.archive.org/web/20250714170127/https://fbref.com/en/comps/685/defense/Copa-America-Stats
Copa América,2024,Guilherme Arana,Brazil,DF,180,3,2,3,1,1,3,0,0,https://web.archive.org/web/20250714170127/https://fbref.com/en/comps/685/defense/Copa-America-Stats
Copa América,2024,João Gomes,Brazil,MF,324,14,6,8,6,10,6,2,0,https://web.archive.org/web/20250714170127/https://fbref.com/en/comps/685/defense/Copa-America-Stats
Copa América,2024,Lucas Paquetá,Brazil,MF,293,15,12,8,3,4,4,2,0,https://web.archive.org/web/20250714170127/https://fbref.com/en/comps/685/defense/Copa-America-Stats
Copa América,2024,Marquinhos,Brazil,DF,360,8,7,6,0,1,3,0,0,https://web.archive.org/web/20250714170127/https://fbref.com/en/comps/685/defense/Copa-America-Stats
Copa América,2024,Raphinha,Brazil,FW,259,5,5,3,1,4,6,0,0,https://web.archive.org/web/20250714170127/https://fbref.com/en/comps/685/defense/Copa-America-Stats
Copa América,2024,Rodrygo,Brazil,FW,326,4,4,3,2,1,7,0,0,https://web.archive.org/web/20250714170127/https://fbref.com/en/comps/685/defense/Copa-America-Stats
Copa América,2024,Sávio,Brazil,FW,119,4,1,3,2,1,2,0,0,https://web.archive.org/web/20250714170127/https://fbref.com/en/comps/685/defense/Copa-America-Stats
Copa América,2024,Vinicius Júnior,Brazil,FW,250,6,2,1,0,3,6,2,0,https://web.archive.org/web/20250714170127/https://fbref.com/en/comps/685/defense/Copa-America-Stats
Copa América,2024,Wendell,Brazil,DF,175,1,1,1,0,1,2,1,0,https://web.archive.org/web/20250714170127/https://fbref.com/en/comps/685/defense/Copa-America-Stats
Copa América,2024,Éder Militão,Brazil,DF,356,7,2,6,1,5,5,1,0,https://web.archive.org/web/20250714170127/https://fbref.com/en/comps/685/defense/Copa-America-Stats
Copa América,2024,Éderson,Brazil,MF,18,1,1,1,1,0,1,0,0,https://web.archive.org/web/20250714170127/https://fbref.com/en/comps/685/defense/Copa-America-Stats
Copa América,2024,Ali Ahmed,Canada,"FW,DF",131,3,2,5,3,3,4,0,0,https://web.archive.org/web/20250714170127/https://fbref.com/en/comps/685/defense/Copa-America-Stats
Copa América,2024,Alistair Johnston,Canada,DF,511,26,17,20,5,8,5,1,0,https://web.archive.org/web/20250714170127/https://fbref.com/en/comps/685/defense/Copa-America-Stats
Copa América,2024,Alphonso Davies,Canada,DF,459,17,12,9,2,3,4,1,0,https://web.archive.org/web/20250714170127/https://fbref.com/en/comps/685/defense/Copa-America-Stats
Copa América,2024,Cyle Larin,Canada,FW,396,3,0,2,2,9,3,0,0,https://web.archive.org/web/20250714170127/https://fbref.com/en/comps/685/defense/Copa-America-Stats
Copa América,2024,Dayne St. Clair,Canada,GK,90,0,0,0,0,0,0,1,0,https://web.archive.org/web/20250714170127/https://fbref.com/en/comps/685/defense/Copa-America-Stats
Copa América,2024,Derek Cornelius,Canada,DF,429,12,6,7,1,9,2,2,0,https://web.archive.org/web/20250714170127/https://fbref.com/en/comps/685/defense/Copa-America-Stats
Copa América,2024,Ismaël Koné,Canada,MF,319,10,5,8,2,4,8,3,0,https://web.archive.org/web/20250714170127/https://fbref.com/en/comps/685/defense/Copa-America-Stats
Copa América,2024,Jacen Russell-Rowe,Canada,FW,6,0,0,0,0,0,0,0,0,https://web.archive.org/web/20250714170127/https://fbref.com/en/comps/685/defense/Copa-America-Stats
Copa América,2024,Jacob Shaffelburg,Canada,"FW,MF",346,7,7,10,8,3,4,1,0,https://web.archive.org/web/20250714170127/https://fbref.com/en/comps/685/defense/Copa-America-Stats
Copa América,2024,Jonathan David,Canada,"MF,FW",446,9,3,8,2,6,12,1,0,https://web.archive.org/web/20250714170127/https://fbref.com/en/comps/685/defense/Copa-America-Stats
Copa América,2024,Jonathan Osorio,Canada,MF,317,12,5,7,2,4,2,0,0,https://web.archive.org/web/20250714170127/https://fbref.com/en/comps/685/defense/Copa-America-Stats
Copa América,2024,Kamal Miller,Canada,DF,46,2,1,2,1,0,0,0,0,https://web.archive.org/web/20250714170127/https://fbref.com/en/comps/685/defense/Copa-America-Stats
Copa América,2024,Liam Millar,Canada,"FW,MF",234,4,2,6,3,4,2,1,0,https://web.archive.org/web/20250714170127/https://fbref.com/en/comps/685/defense/Copa-America-Stats
Copa América,2024,Luc De Fougerolles,Canada,DF,66,1,1,1,0,1,1,1,0,https://web.archive.org/web/20250714170127/https://fbref.com/en/comps/685/defense/Copa-America-Stats
Copa América,2024,Mathieu Choiniere,Canada,MF,109,5,3,4,1,3,3,0,0,https://web.archive.org/web/20250714170127/https://fbref.com/en/comps/685/defense/Copa-America-Stats
Copa América,2024,Maxime Crépeau,Canada,GK,450,0,0,1,1,0,0,0,0,https://web.archive.org/web/20250714170127/https://fbref.com/en/comps/685/defense/Copa-America-Stats
Copa América,2024,Moïse Bombito,Canada,DF,540,12,7,7,1,4,1,1,0,https://web.archive.org/web/20250714170127/https://fbref.com/en/comps/685/defense/Copa-America-Stats
Copa América,2024,Richie Laryea,Canada,"DF,FW",366,11,8,10,4,4,12,1,0,https://web.archive.org/web/20250714170127/https://fbref.com/en/comps/685/defense/Copa-America-Stats
Copa América,2024,Stephen Eustáquio,Canada,MF,431,13,5,16,7,12,2,1,0,https://web.archive.org/web/20250714170127/https://fbref.com/en/comps/685/defense/Copa-America-Stats
Copa América,2024,Tajon Buchanan,Canada,"MF,FW",98,1,1,2,1,2,0,0,0,https://web.archive.org/web/20250714170127/https://fbref.com/en/comps/685/defense/Copa-America-Stats
Copa América,2024,Tani Oluwaseyi,Canada,FW,136,1,0,1,0,5,1,2,0,https://web.archive.org/web/20250714170127/https://fbref.com/en/comps/685/defense/Copa-America-Stats
Copa América,2024,Theo Bair,Canada,FW,14,0,0,0,0,0,0,0,0,https://web.archive.org/web/20250714170127/https://fbref.com/en/comps/685/defense/Copa-America-Stats
Copa América,2024,Alexis Sánchez,Chile,MF,245,6,2,2,2,2,8,1,0,https://web.archive.org/web/20250714170127/https://fbref.com/en/comps/685/defense/Copa-America-Stats
Copa América,2024,Ben Brereton,Chile,FW,44,1,1,3,2,0,0,0,0,https://web.archive.org/web/20250714170127/https://fbref.com/en/comps/685/defense/Copa-America-Stats
Copa América,2024,Claudio Bravo,Chile,GK,180,0,0,0,0,0,2,0,0,https://web.archive.org/web/20250714170127/https://fbref.com/en/comps/685/defense/Copa-America-Stats
Copa América,2024,César Pérez,Chile,MF,9,1,1,1,0,0,0,0,0,https://web.archive.org/web/20250714170127/https://fbref.com/en/comps/685/defense/Copa-America-Stats
Copa América,2024,Darío Osorio,Chile,FW,164,4,3,7,5,1,1,0,0,https://web.archive.org/web/20250714170127/https://fbref.com/en/comps/685/defense/Copa-America-Stats
Copa América,2024,Diego Valdés,Chile,FW,45,1,0,1,0,1,0,0,0,https://web.archive.org/web/20250714170127/https://fbref.com/en/comps/685/defense/Copa-America-Stats
Copa América,2024,Eduardo Vargas,Chile,FW,195,3,2,2,0,7,3,0,0,https://web.archive.org/web/20250714170127/https://fbref.com/en/comps/685/defense/Copa-America-Stats
Copa América,2024,Erick Pulgar,Chile,MF,210,9,7,7,3,1,3,1,0,https://web.archive.org/web/20250714170127/https://fbref.com/en/comps/685/defense/Copa-America-Stats
Copa América,2024,Gabriel Arias,Chile,GK,90,0,0,0,0,0,1,0,0,https://web.archive.org/web/20250714170127/https://fbref.com/en/comps/685/defense/Copa-America-Stats
Copa América,2024,Gabriel Suazo,Chile,DF,206,5,4,8,4,6,3,3,1,https://web.archive.org/web/20250714170127/https://fbref.com/en/comps/685/defense/Copa-America-Stats
Copa América,2024,Guillermo Maripán,Chile,DF,90,0,0,0,0,0,0,0,0,https://web.archive.org/web/20250714170127/https://fbref.com/en/comps/685/defense/Copa-America-Stats
Copa América,2024,Igor Lichnovsky,Chile,DF,270,2,0,2,1,3,1,0,0,https://web.archive.org/web/20250714170127/https://fbref.com/en/comps/685/defense/Copa-America-Stats
Copa América,2024,Marcelino Núñez,Chile,MF,144,8,5,6,1,3,2,0,0,https://web.archive.org/web/20250714170127/https://fbref.com/en/comps/685/defense/Copa-America-Stats
Copa América,2024,Marcos Bolados,Chile,"FW,MF",96,2,2,3,1,5,2,0,0,https://web.archive.org/web/20250714170127/https://fbref.com/en/comps/685/defense/Copa-America-Stats
Copa América,2024,Mauricio Isla,Chile,DF,266,10,6,8,3,2,3,1,0,https://web.archive.org/web/20250714170127/https://fbref.com/en/comps/685/defense/Copa-America-Stats
Copa América,2024,Nicolás Fernández,Chile,DF,4,1,1,1,0,0,0,0,0,https://web.archive.org/web/20250714170127/https://fbref.com/en/comps/685/defense/Copa-America-Stats
Copa América,2024,Paulo Díaz,Chile,DF,180,1,1,1,0,4,3,0,0,https://web.archive.org/web/20250714170127/https://fbref.com/en/comps/685/defense/Copa-America-Stats
Copa América,2024,Rodrigo Echeverría,Chile,MF,177,8,5,8,3,1,1,0,0,https://web.archive.org/web/20250714170127/https://fbref.com/en/comps/685/defense/Copa-America-Stats
Copa América,2024,Thomas Galdames,Chile,DF,61,3,2,2,1,0,0,0,0,https://web.archive.org/web/20250714170127/https://fbref.com/en/comps/685/defense/Copa-America-Stats
Copa América,2024,Víctor Dávila,Chile,FW,230,2,2,1,0,3,6,1,0,https://web.archive.org/web/20250714170127/https://fbref.com/en/comps/685/defense/Copa-America-Stats
Copa América,2024,Camilo Vargas,Colombia,GK,570,0,0,0,0,0,0,0,0,https://web.archive.org/web/20250714170127/https://fbref.com/en/comps/685/defense/Copa-America-Stats
Copa América,2024,Carlos Cuesta,Colombia,DF,480,9,7,3,0,3,2,1,0,https://web.archive.org/web/20250714170127/https://fbref.com/en/comps/685/defense/Copa-America-Stats
Copa América,2024,Daniel Muñoz,Colombia,DF,386,22,12,10,3,13,8,2,1,https://web.archive.org/web/20250714170127/https://fbref.com/en/comps/685/defense/Copa-America-Stats
Copa América,2024,Davinson Sánchez,Colombia,DF,570,17,10,12,3,8,2,0,0,https://web.archive.org/web/20250714170127/https://fbref.com/en/comps/685/defense/Copa-America-Stats
Copa América,2024,Deiver Machado,Colombia,DF,45,1,1,1,0,1,3,1,0,https://web.archive.org/web/20250714170127/https://fbref.com/en/comps/685/defense/Copa-America-Stats
Copa América,2024,James Rodríguez,Colombia,"FW,MF",463,7,4,4,3,5,11,1,0,https://web.archive.org/web/20250714170127/https://fbref.com/en/comps/685/defense/Copa-America-Stats
Copa América,2024,Jefferson Lerma,Colombia,MF,422,9,6,9,4,5,4,2,0,https://web.archive.org/web/20250714170127/https://fbref.com/en/comps/685/defense/Copa-America-Stats
Copa América,2024,Jhon Arias,Colombia,MF,483,12,8,14,8,15,11,0,0,https://web.archive.org/web/20250714170127/https://fbref.com/en/comps/685/defense/Copa-America-Stats
Copa América,2024,Jhon Córdoba,Colombia,FW,414,3,2,1,0,10,3,2,0,https://web.archive.org/web/20250714170127/https://fbref.com/en/comps/685/defense/Copa-America-Stats
Copa América,2024,Jhon Lucumí,Colombia,DF,25,1,1,0,0,0,0,0,0,https://web.archive.org/web/20250714170127/https://fbref.com/en/comps/685/defense/Copa-America-Stats
Copa América,2024,Johan Mojica,Colombia,DF,525,13,10,11,4,2,8,0,0,https://web.archive.org/web/20250714170127/https://fbref.com/en/comps/685/defense/Copa-America-Stats
Copa América,2024,Jorge Carrascal,Colombia,"MF,FW",51,4,2,2,0,1,0,0,0,https://web.archive.org/web/20250714170127/https://fbref.com/en/comps/685/defense/Copa-America-Stats
Copa América,2024,Juan Quintero,Colombia,FW,49,0,0,0,0,0,0,0,0,https://web.archive.org/web/20250714170127/https://fbref.com/en/comps/685/defense/Copa-America-Stats
Copa América,2024,Jáder Durán,Colombia,FW,14,0,0,0,0,1,0,0,0,https://web.archive.org/web/20250714170127/https://fbref.com/en/comps/685/defense/Copa-America-Stats
Copa América,2024,Kevin Castaño,Colombia,MF,81,0,0,2,2,0,3,1,0,https://web.archive.org/web/20250714170127/https://fbref.com/en/comps/685/defense/Copa-America-Stats
Copa América,2024,Luis Díaz,Colombia,FW,507,8,5,4,3,14,11,0,0,https://web.archive.org/web/20250714170127/https://fbref.com/en/comps/685/defense/Copa-America-Stats
Copa América,2024,Luis Sinisterra,Colombia,FW,33,3,3,3,0,0,1,0,0,https://web.archive.org/web/20250714170127/https://fbref.com/en/comps/685/defense/Copa-America-Stats
Copa América,2024,Mateus Uribe,Colombia,MF,219,5,2,5,3,3,1,1,0,https://web.archive.org/web/20250714170127/https://fbref.com/en/comps/685/defense/Copa-America-Stats
Copa América,2024,Miguel Borja,Colombia,FW,28,0,0,0,0,1,0,1,0,https://web.archive.org/web/20250714170127/https://fbref.com/en/comps/685/defense/Copa-America-Stats
Copa América,2024,Rafael Borré,Colombia,FW,128,2,1,1,1,4,0,0,0,https://web.archive.org/web/20250714170127/https://fbref.com/en/comps/685/defense/Copa-America-Stats
Copa América,2024,Richard Ríos,Colombia,MF,448,7,2,11,7,5,8,1,0,https://web.archive.org/web/20250714170127/https://fbref.com/en/comps/685/defense/Copa-America-Stats
Copa América,2024,Santiago Arias,Colombia,DF,183,4,2,6,5,3,1,0,0,https://web.archive.org/web/20250714170127/https://fbref.com/en/comps/685/defense/Copa-America-Stats
Copa América,2024,Yaser Asprilla,Colombia,FW,19,0,0,1,1,0,0,0,0,https://web.archive.org/web/20250714170127/https://fbref.com/en/comps/685/defense/Copa-America-Stats
Copa América,2024,Yerry Mina,Colombia,DF,81,3,1,2,1,0,4,0,0,https://web.archive.org/web/20250714170127/https://fbref.com/en/comps/685/defense/Copa-America-Stats
Copa América,2024,Alejandro Bran,Costa Rica,MF,40,1,0,1,1,0,0,0,0,https://web.archive.org/web/20250714170127/https://fbref.com/en/comps/685/defense/Copa-America-Stats
Copa América,2024,Andy Rojas,Costa Rica,FW,8,0,0,0,0,0,0,0,0,https://web.archive.org/web/20250714170127/https://fbref.com/en/comps/685/defense/Copa-America-Stats
Copa América,2024,Anthony Contreras,Costa Rica,FW,13,0,0,1,1,1,1,1,0,https://web.archive.org/web/20250714170127/https://fbref.com/en/comps/685/defense/Copa-America-Stats
Copa América,2024,Ariel Lassiter,Costa Rica,DF,134,1,0,2,2,0,1,0,0,https://web.archive.org/web/20250714170127/https://fbref.com/en/comps/685/defense/Copa-America-Stats
Copa América,2024,Brandon Aguilera,Costa Rica,MF,177,3,2,4,2,1,2,0,0,https://web.archive.org/web/20250714170127/https://fbref.com/en/comps/685/defense/Copa-America-Stats
Copa América,2024,Francisco Calvo,Costa Rica,DF,270,5,3,5,3,1,4,1,0,https://web.archive.org/web/20250714170127/https://fbref.com/en/comps/685/defense/Copa-America-Stats
Copa América,2024,Gerald Taylor,Costa Rica,DF,91,1,1,2,1,1,0,0,0,https://web.archive.org/web/20250714170127/https://fbref.com/en/comps/685/defense/Copa-America-Stats
Copa América,2024,Haxzel Quirós,Costa Rica,DF,180,5,2,3,1,1,0,0,0,https://web.archive.org/web/20250714170127/https://fbref.com/en/comps/685/defense/Copa-America-Stats
Copa América,2024,Jefferson Brenes,Costa Rica,MF,165,4,2,4,2,3,2,0,0,https://web.archive.org/web/20250714170127/https://fbref.com/en/comps/685/defense/Copa-America-Stats
Copa América,2024,Jeyland Mitchell,Costa Rica,DF,270,10,6,6,2,3,2,0,0,https://web.archive.org/web/20250714170127/https://fbref.com/en/comps/685/defense/Copa-America-Stats
Copa América,2024,Joel Campbell,Costa Rica,"MF,FW",133,8,3,2,1,4,9,0,0,https://web.archive.org/web/20250714170127/https://fbref.com/en/comps/685/defense/Copa-America-Stats
Copa América,2024,Joseph Mora,Costa Rica,DF,133,1,1,0,0,0,1,0,0,https://web.archive.org/web/20250714170127/https://fbref.com/en/comps/685/defense/Copa-America-Stats
Copa América,2024,Josimar Alcocer,Costa Rica,"FW,MF",92,4,3,2,1,4,1,1,0,https://web.archive.org/web/20250714170127/https://fbref.com/en/comps/685/defense/Copa-America-Stats
Copa América,2024,Juan Pablo Vargas,Costa Rica,DF,270,6,4,6,2,1,0,0,0,https://web.archive.org/web/20250714170127/https://fbref.com/en/comps/685/defense/Copa-America-Stats
Copa América,2024,Julio Cascante,Costa Rica,DF,3,0,0,0,0,0,0,0,0,https://web.archive.org/web/20250714170127/https://fbref.com/en/comps/685/defense/Copa-America-Stats
Copa América,2024,Manfred Ugalde,Costa Rica,FW,108,0,0,2,2,7,4,2,0,https://web.archive.org/web/20250714170127/https://fbref.com/en/comps/685/defense/Copa-America-Stats
Copa América,2024,Orlando Galo,Costa Rica,MF,270,7,3,5,3,3,5,1,0,https://web.archive.org/web/20250714170127/https://fbref.com/en/comps/685/defense/Copa-America-Stats
Copa América,2024,Patrick Sequeira,Costa Rica,GK,270,0,0,0,0,1,0,0,0,https://web.archive.org/web/20250714170127/https://fbref.com/en/comps/685/defense/Copa-America-Stats
Copa América,2024,Warren Madrigal,Costa Rica,"FW,MF",186,3,2,5,4,2,7,0,0,https://web.archive.org/web/20250714170127/https://fbref.com/en/comps/685/defense/Copa-America-Stats
Copa América,2024,Álvaro Zamora,Costa Rica,"FW,MF",157,1,0,0,0,2,6,0,0,https://web.archive.org/web/20250714170127/https://fbref.com/en/comps/685/defense/Copa-America-Stats
Copa América,2024,Alan Franco,Ecuador,MF,344,0,0,0,0,3,1,0,0,https://web.archive.org/web/20250714170127/https://fbref.com/en/comps/685/defense/Copa-America-Stats
Copa América,2024,Alan Minda,Ecuador,"FW,MF",78,1,0,1,0,1,1,0,0,https://web.archive.org/web/20250714170127/https://fbref.com/en/comps/685/defense/Copa-America-Stats
Copa América,2024,Alexander Domínguez,Ecuador,GK,360,0,0,0,0,0,0,0,0,https://web.archive.org/web/20250714170127/https://fbref.com/en/comps/685/defense/Copa-America-Stats
Copa América,2024,Carlos Gruezo,Ecuador,"MF,FW",124,0,0,0,0,5,2,0,0,https://web.archive.org/web/20250714170127/https://fbref.com/en/comps/685/defense/Copa-America-Stats
Copa América,2024,Enner Valencia,Ecuador,FW,190,1,1,1,0,2,2,1,1,https://web.archive.org/web/20250714170127/https://fbref.com/en/comps/685/defense/Copa-America-Stats
Copa América,2024,Félix Torres Caicedo,Ecuador,DF,360,8,3,5,2,1,0,0,0,https://web.archive.org/web/20250714170127/https://fbref.com/en/comps/685/defense/Copa-America-Stats
Copa América,2024,Janner Corozo,Ecuador,FW,1,0,0,0,0,0,0,0,0,https://web.archive.org/web/20250714170127/https://fbref.com/en/comps/685/defense/Copa-America-Stats
Copa América,2024,Jeremy Sarmiento,Ecuador,"FW,MF",301,11,8,11,5,3,10,1,0,https://web.archive.org/web/20250714170127/https://fbref.com/en/comps/685/defense/Copa-America-Stats
Copa América,2024,John Yeboah,Ecuador,FW,109,0,0,2,2,3,3,0,0,https://web.archive.org/web/20250714170127/https://fbref.com/en/comps/685/defense/Copa-America-Stats
Copa América,2024,Jordy Caicedo,Ecuador,"FW,MF",19,0,0,0,0,0,0,0,0,https://web.archive.org/web/20250714170127/https://fbref.com/en/comps/685/defense/Copa-America-Stats
Copa América,2024,José Hurtado,Ecuador,DF,1,0,0,0,0,0,0,0,0,https://web.archive.org/web/20250714170127/https://fbref.com/en/comps/685/defense/Copa-America-Stats
Copa América,2024,Kendry Páez,Ecuador,"MF,FW",306,12,9,13,9,2,2,1,0,https://web.archive.org/web/20250714170127/https://fbref.com/en/comps/685/defense/Copa-America-Stats
Copa América,2024,Kevin Rodríguez,Ecuador,FW,233,1,0,3,3,5,7,0,0,https://web.archive.org/web/20250714170127/https://fbref.com/en/comps/685/defense/Copa-America-Stats
Copa América,2024,Moisés Caicedo,Ecuador,MF,360,17,4,11,2,11,10,2,0,https://web.archive.org/web/20250714170127/https://fbref.com/en/comps/685/defense/Copa-America-Stats
Copa América,2024,Piero Hincapié,Ecuador,DF,360,13,6,7,1,8,8,0,0,https://web.archive.org/web/20250714170127/https://fbref.com/en/comps/685/defense/Copa-America-Stats
Copa América,2024,Willian Pacho,Ecuador,DF,360,7,4,7,1,3,1,0,0,https://web.archive.org/web/20250714170127/https://fbref.com/en/comps/685/defense/Copa-America-Stats
Copa América,2024,Ángel Mena,Ecuador,"FW,MF",26,2,1,0,0,1,2,0,0,https://web.archive.org/web/20250714170127/https://fbref.com/en/comps/685/defense/Copa-America-Stats
Copa América,2024,Ángelo Preciado,Ecuador,DF,359,12,9,10,3,6,6,0,0,https://web.archive.org/web/20250714170127/https://fbref.com/en/comps/685/defense/Copa-America-Stats
Copa América,2024,Alex Marshall,Jamaica,MF,4,0,0,0,0,0,0,0,0,https://web.archive.org/web/20250714170127/https://fbref.com/en/comps/685/defense/Copa-America-Stats
Copa América,2024,Bobby De Cordova-Reid,Jamaica,"MF,FW",169,4,3,4,2,3,1,0,0,https://web.archive.org/web/20250714170127/https://fbref.com/en/comps/685/defense/Copa-America-Stats
Copa América,2024,Damion Lowe,Jamaica,"MF,DF",158,8,4,6,1,5,0,1,0,https://web.archive.org/web/20250714170127/https://fbref.com/en/comps/685/defense/Copa-America-Stats
Copa América,2024,Demarai Gray,Jamaica,"MF,FW",198,0,0,1,1,0,1,0,0,https://web.archive.org/web/20250714170127/https://fbref.com/en/comps/685/defense/Copa-America-Stats
Copa América,2024,Dexter Lembikisa,Jamaica,DF,177,3,3,5,2,1,3,0,0,https://web.archive.org/web/20250714170127/https://fbref.com/en/comps/685/defense/Copa-America-Stats
Copa América,2024,Di'Shon Bernard,Jamaica,DF,112,2,1,3,1,3,0,0,0,https://web.archive.org/web/20250714170127/https://fbref.com/en/comps/685/defense/Copa-America-Stats
Copa América,2024,Ethan Pinnock,Jamaica,DF,270,3,3,3,0,0,1,0,0,https://web.archive.org/web/20250714170127/https://fbref.com/en/comps/685/defense/Copa-America-Stats
Copa América,2024,Greg Leigh,Jamaica,DF,180,6,2,4,1,2,1,0,0,https://web.archive.org/web/20250714170127/https://fbref.com/en/comps/685/defense/Copa-America-Stats
Copa América,2024,Jahmali Waite,Jamaica,GK,270,0,0,0,0,0,0,0,0,https://web.archive.org/web/20250714170127/https://fbref.com/en/comps/685/defense/Copa-America-Stats
Copa América,2024,Jon Bell,Jamaica,DF,90,1,0,0,0,0,1,0,0,https://web.archive.org/web/20250714170127/https://fbref.com/en/comps/685/defense/Copa-America-Stats
Copa América,2024,Joël Latibeaudière,Jamaica,"DF,MF",259,0,0,2,2,3,6,1,0,https://web.archive.org/web/20250714170127/https://fbref.com/en/comps/685/defense/Copa-America-Stats
Copa América,2024,Kaheim Dixon,Jamaica,"MF,FW",64,1,0,2,2,0,0,0,0,https://web.archive.org/web/20250714170127/https://fbref.com/en/comps/685/defense/Copa-America-Stats
Copa América,2024,Karoy Anderson,Jamaica,MF,31,2,1,1,0,1,1,1,0,https://web.archive.org/web/20250714170127/https://fbref.com/en/comps/685/defense/Copa-America-Stats
Copa América,2024,Kasey Palmer,Jamaica,MF,270,9,8,8,4,3,4,0,0,https://web.archive.org/web/20250714170127/https://fbref.com/en/comps/685/defense/Copa-America-Stats
Copa América,2024,Michael Hector,Jamaica,DF,158,1,1,0,0,3,0,2,0,https://web.archive.org/web/20250714170127/https://fbref.com/en/comps/685/defense/Copa-America-Stats
Copa América,2024,Michail Antonio,Jamaica,FW,235,2,2,1,1,3,6,0,0,https://web.archive.org/web/20250714170127/https://fbref.com/en/comps/685/defense/Copa-America-Stats
Copa América,2024,Renaldo Cephas,Jamaica,"MF,DF",59,1,1,1,0,0,2,0,0,https://web.archive.org/web/20250714170127/https://fbref.com/en/comps/685/defense/Copa-America-Stats
Copa América,2024,Richard King,Jamaica,DF,4,0,0,0,0,0,0,0,0,https://web.archive.org/web/20250714170127/https://fbref.com/en/comps/685/defense/Copa-America-Stats
Copa América,2024,Shamar Nicholson,Jamaica,"FW,MF",196,0,0,1,1,2,1,0,0,https://web.archive.org/web/20250714170127/https://fbref.com/en/comps/685/defense/Copa-America-Stats
Copa América,2024,Wes Harding,Jamaica,DF,66,1,1,1,0,0,0,0,0,https://web.archive.org/web/20250714170127/https://fbref.com/en/comps/685/defense/Copa-America-Stats
Copa América,2024,Alexis Vega,Mexico,"MF,DF",31,0,0,0,0,1,0,1,0,https://web.archive.org/web/20250714170127/https://fbref.com/en/comps/685/defense/Copa-America-Stats
Copa América,2024,Charly Rodríguez,Mexico,MF,83,3,3,2,0,0,0,0,0,https://web.archive.org/web/20250714170127/https://fbref.com/en/comps/685/defense/Copa-America-Stats
Copa América,2024,César Huerta,Mexico,"FW,MF",84,3,1,5,2,1,2,0,0,https://web.archive.org/web/20250714170127/https://fbref.com/en/comps/685/defense/Copa-America-Stats
Copa América,2024,César Montes,Mexico,DF,225,2,1,1,1,3,2,1,0,https://web.archive.org/web/20250714170127/https://fbref.com/en/comps/685/defense/Copa-America-Stats
Copa América,2024,Edson Álvarez,Mexico,MF,29,0,0,0,0,0,0,0,0,https://web.archive.org/web/20250714170127/https://fbref.com/en/comps/685/defense/Copa-America-Stats
Copa América,2024,Erick Sánchez,Mexico,MF,19,2,1,1,0,1,2,0,0,https://web.archive.org/web/20250714170127/https://fbref.com/en/comps/685/defense/Copa-America-Stats
Copa América,2024,Gerardo Arteaga,Mexico,DF,269,4,3,3,2,3,0,0,0,https://web.archive.org/web/20250714170127/https://fbref.com/en/comps/685/defense/Copa-America-Stats
Copa América,2024,Guillermo Martínez Ayala,Mexico,"FW,MF",77,1,0,1,0,1,2,0,0,https://web.archive.org/web/20250714170127/https://fbref.com/en/comps/685/defense/Copa-America-Stats
Copa América,2024,Israel Reyes,Mexico,DF,45,1,0,1,0,0,1,0,0,https://web.archive.org/web/20250714170127/https://fbref.com/en/comps/685/defense/Copa-America-Stats
Copa América,2024,Johan Vásquez,Mexico,DF,270,9,5,9,2,5,0,1,0,https://web.archive.org/web/20250714170127/https://fbref.com/en/comps/685/defense/Copa-America-Stats
Copa América,2024,Jordi Cortizo,Mexico,FW,5,1,0,1,0,0,0,0,0,https://web.archive.org/web/20250714170127/https://fbref.com/en/comps/685/defense/Copa-America-Stats
Copa América,2024,Jorge Eduardo Sánchez,Mexico,DF,270,10,5,9,4,5,0,1,0,https://web.archive.org/web/20250714170127/https://fbref.com/en/comps/685/defense/Copa-America-Stats
Copa América,2024,Julio José González,Mexico,GK,270,0,0,0,0,0,0,0,0,https://web.archive.org/web/20250714170127/https://fbref.com/en/comps/685/defense/Copa-America-Stats
Copa América,2024,Julián Quiñones,Mexico,"FW,MF",252,5,5,7,6,3,5,0,0,https://web.archive.org/web/20250714170127/https://fbref.com/en/comps/685/defense/Copa-America-Stats
Copa América,2024,Luis Chávez,Mexico,MF,257,4,2,2,1,1,4,1,0,https://web.archive.org/web/20250714170127/https://fbref.com/en/comps/685/defense/Copa-America-Stats
Copa América,2024,Luis Romo,Mexico,MF,235,5,1,9,6,1,2,0,0,https://web.archive.org/web/20250714170127/https://fbref.com/en/comps/685/defense/Copa-America-Stats
Copa América,2024,Orbelín Pineda,Mexico,MF,146,2,1,1,1,2,5,0,0,https://web.archive.org/web/20250714170127/https://fbref.com/en/comps/685/defense/Copa-America-Stats
Copa América,2024,Roberto Alvarado,Mexico,FW,13,1,0,0,0,0,0,0,0,https://web.archive.org/web/20250714170127/https://fbref.com/en/comps/685/defense/Copa-America-Stats
Copa América,2024,Santiago Giménez,Mexico,FW,217,3,1,1,0,8,0,1,0,https://web.archive.org/web/20250714170127/https://fbref.com/en/comps/685/defense/Copa-America-Stats
Copa América,2024,Uriel Antuna,Mexico,"FW,MF",173,5,3,3,0,1,0,1,0,https://web.archive.org/web/20250714170127/https://fbref.com/en/comps/685/defense/Copa-America-Stats
Copa América,2024,Abdiel Ayarza,Panama,MF,63,2,2,1,0,3,1,0,0,https://web.archive.org/web/20250714170127/https://fbref.com/en/comps/685/defense/Copa-America-Stats
Copa América,2024,Adalberto Carrasquilla,Panama,MF,175,0,0,0,0,2,2,0,1,https://web.archive.org/web/20250714170127/https://fbref.com/en/comps/685/defense/Copa-America-Stats
Copa América,2024,Carlos Harvey,Panama,DF,118,6,3,4,0,1,1,0,0,https://web.archive.org/web/20250714170127/https://fbref.com/en/comps/685/defense/Copa-America-Stats
Copa América,2024,Cristian Martínez,Panama,MF,273,7,2,5,3,2,8,0,0,https://web.archive.org/web/20250714170127/https://fbref.com/en/comps/685/defense/Copa-America-Stats
Copa América,2024,César Blackman,Panama,"MF,DF",194,1,1,2,2,3,2,0,0,https://web.archive.org/web/20250714170127/https://fbref.com/en/comps/685/defense/Copa-America-Stats
Copa América,2024,César Yanis,Panama,MF,1,0,0,0,0,0,0,0,0,https://web.archive.org/web/20250714170127/https://fbref.com/en/comps/685/defense/Copa-America-Stats
Copa América,2024,Edgardo Fariña,Panama,DF,360,5,4,4,1,8,3,2,0,https://web.archive.org/web/20250714170127/https://fbref.com/en/comps/685/defense/Copa-America-Stats
Copa América,2024,Eduardo Guerrero,Panama,FW,114,1,1,0,0,3,1,1,0,https://web.archive.org/web/20250714170127/https://fbref.com/en/comps/685/defense/Copa-America-Stats
Copa América,2024,Erick Davis,Panama,DF,352,5,5,8,6,6,2,0,0,https://web.archive.org/web/20250714170127/https://fbref.com/en/comps/685/defense/Copa-America-Stats
Copa América,2024,Freddy Góndola,Panama,MF,45,1,0,1,0,2,0,1,0,https://web.archive.org/web/20250714170127/https://fbref.com/en/comps/685/defense/Copa-America-Stats
Copa América,2024,Ismael Díaz,Panama,MF,6,0,0,0,0,0,0,0,0,https://web.archive.org/web/20250714170127/https://fbref.com/en/comps/685/defense/Copa-America-Stats
Copa América,2024,José Cordoba,Panama,DF,360,4,4,4,1,2,2,1,0,https://web.archive.org/web/20250714170127/https://fbref.com/en/comps/685/defense/Copa-America-Stats
Copa América,2024,José Fajardo,Panama,"FW,MF",295,2,1,4,3,5,5,0,0,https://web.archive.org/web/20250714170127/https://fbref.com/en/comps/685/defense/Copa-America-Stats
Copa América,2024,José Luis Rodríguez,Panama,MF,83,1,1,1,1,0,1,0,0,https://web.archive.org/web/20250714170127/https://fbref.com/en/comps/685/defense/Copa-America-Stats
Copa América,2024,Jovani Welch,Panama,MF,205,7,2,6,4,3,4,2,0,https://web.archive.org/web/20250714170127/https://fbref.com/en/comps/685/defense/Copa-America-Stats
Copa América,2024,Kahiser Lenis,Panama,MF,47,1,0,0,0,1,1,0,0,https://web.archive.org/web/20250714170127/https://fbref.com/en/comps/685/defense/Copa-America-Stats
Copa América,2024,Michael Amir Murillo,Panama,DF,315,2,1,0,0,4,4,1,0,https://web.archive.org/web/20250714170127/https://fbref.com/en/comps/685/defense/Copa-America-Stats
Copa América,2024,Omar Valencia,Panama,DF,8,0,0,0,0,0,2,0,0,https://web.archive.org/web/20250714170127/https://fbref.com/en/comps/685/defense/Copa-America-Stats
Copa América,2024,Orlando Mosquera,Panama,GK,360,0,0,0,0,1,0,0,0,https://web.archive.org/web/20250714170127/https://fbref.com/en/comps/685/defense/Copa-America-Stats
Copa América,2024,Roderick Miller,Panama,DF,225,4,2,1,1,4,2,0,0,https://web.archive.org/web/20250714170127/https://fbref.com/en/comps/685/defense/Copa-America-Stats
Copa América,2024,Édgar Yoel Bárcenas,Panama,MF,358,2,2,1,1,6,6,0,0,https://web.archive.org/web/20250714170127/https://fbref.com/en/comps/685/defense/Copa-America-Stats
Copa América,2024,Adam Bareiro,Paraguay,FW,75,2,2,3,2,4,1,0,0,https://web.archive.org/web/20250714170127/https://fbref.com/en/comps/685/defense/Copa-America-Stats
Copa América,2024,Alex Arce,Paraguay,FW,150,1,0,2,1,1,1,0,0,https://web.archive.org/web/20250714170127/https://fbref.com/en/comps/685/defense/Copa-America-Stats
Copa América,2024,Andrés Cubas,Paraguay,MF,170,10,7,5,2,3,4,1,1,https://web.archive.org/web/20250714170127/https://fbref.com/en/comps/685/defense/Copa-America-Stats
Copa América,2024,Damián Bobadilla,Paraguay,"MF,FW",197,5,5,10,7,2,3,0,0,https://web.archive.org/web/20250714170127/https://fbref.com/en/comps/685/defense/Copa-America-Stats
Copa América,2024,Derlis González,Paraguay,MF,8,0,0,0,0,1,0,0,0,https://web.archive.org/web/20250714170127/https://fbref.com/en/comps/685/defense/Copa-America-Stats
Copa América,2024,Fabián Balbuena,Paraguay,DF,270,11,4,5,1,0,0,1,0,https://web.archive.org/web/20250714170127/https://fbref.com/en/comps/685/defense/Copa-America-Stats
Copa América,2024,Gustavo Velásquez,Paraguay,DF,253,8,4,12,5,1,4,1,0,https://web.archive.org/web/20250714170127/https://fbref.com/en/comps/685/defense/Copa-America-Stats
Copa América,2024,Hernesto Caballero,Paraguay,MF,110,1,0,3,3,4,1,1,0,https://web.archive.org/web/20250714170127/https://fbref.com/en/comps/685/defense/Copa-America-Stats
Copa América,2024,Iván Ramírez,Paraguay,DF,17,0,0,0,0,0,0,0,0,https://web.archive.org/web/20250714170127/https://fbref.com/en/comps/685/defense/Copa-America-Stats
Copa América,2024,Julio Enciso,Paraguay,"FW,MF",251,5,4,6,3,3,8,0,0,https://web.archive.org/web/20250714170127/https://fbref.com/en/comps/685/defense/Copa-America-Stats
Copa América,2024,Kaku,Paraguay,"FW,MF",35,0,0,0,0,0,0,0,0,https://web.archive.org/web/20250714170127/https://fbref.com/en/comps/685/defense/Copa-America-Stats
Copa América,2024,Mathías Villasanti,Paraguay,"MF,FW",242,4,3,4,1,6,5,0,0,https://web.archive.org/web/20250714170127/https://fbref.com/en/comps/685/defense/Copa-America-Stats
Copa América,2024,Matías Espinoza,Paraguay,DF,162,5,2,9,5,5,0,0,0,https://web.archive.org/web/20250714170127/https://fbref.com/en/comps/685/defense/Copa-America-Stats
Copa América,2024,Matías Rojas,Paraguay,FW,1,0,0,0,0,0,0,0,0,https://web.archive.org/web/20250714170127/https://fbref.com/en/comps/685/defense/Copa-America-Stats
Copa América,2024,Miguel Almirón,Paraguay,FW,180,4,3,4,2,4,2,1,0,https://web.archive.org/web/20250714170127/https://fbref.com/en/comps/685/defense/Copa-America-Stats
Copa América,2024,Néstor Giménez,Paraguay,DF,108,1,1,1,0,3,0,0,0,https://web.archive.org/web/20250714170127/https://fbref.com/en/comps/685/defense/Copa-America-Stats
Copa América,2024,Omar Alderete,Paraguay,DF,270,7,3,6,1,6,2,1,0,https://web.archive.org/web/20250714170127/https://fbref.com/en/comps/685/defense/Copa-America-Stats
Copa América,2024,Ramón Sosa,Paraguay,FW,135,0,0,1,1,4,1,1,0,https://web.archive.org/web/20250714170127/https://fbref.com/en/comps/685/defense/Copa-America-Stats
Copa América,2024,Rodrigo Morínigo,Paraguay,GK,270,0,0,0,0,0,0,0,0,https://web.archive.org/web/20250714170127/https://fbref.com/en/comps/685/defense/Copa-America-Stats
Copa América,2024,Ángel Romero,Paraguay,MF,56,1,0,1,1,0,1,0,0,https://web.archive.org/web/20250714170127/https://fbref.com/en/comps/685/defense/Copa-America-Stats
Copa América,2024,Aldo Corzo,Peru,DF,90,4,3,5,2,3,1,0,0,https://web.archive.org/web/20250714170127/https://fbref.com/en/comps/685/defense/Copa-America-Stats
Copa América,2024,Alexander Callens,Peru,DF,263,6,4,4,1,2,2,0,0,https://web.archive.org/web/20250714170127/https://fbref.com/en/comps/685/defense/Copa-America-Stats
Copa América,2024,Anderson Santamaría,Peru,"DF,FW",29,5,2,3,0,0,1,0,0,https://web.archive.org/web/20250714170127/https://fbref.com/en/comps/685/defense/Copa-America-Stats
Copa América,2024,André Carrillo,Peru,MF,12,1,1,0,0,0,0,0,0,https://web.archive.org/web/20250714170127/https://fbref.com/en/comps/685/defense/Copa-America-Stats
Copa América,2024,Andy Polo,Peru,DF,173,5,2,5,2,4,2,0,0,https://web.archive.org/web/20250714170127/https://fbref.com/en/comps/685/defense/Copa-America-Stats
Copa América,2024,Bryan Reyna,Peru,"MF,FW",91,0,0,0,0,2,0,0,0,https://web.archive.org/web/20250714170127/https://fbref.com/en/comps/685/defense/Copa-America-Stats
Copa América,2024,Carlos Zambrano,Peru,DF,258,6,3,2,0,3,3,2,0,https://web.archive.org/web/20250714170127/https://fbref.com/en/comps/685/defense/Copa-America-Stats
Copa América,2024,Christian Cueva,Peru,"MF,FW",26,2,1,1,0,1,0,0,0,https://web.archive.org/web/20250714170127/https://fbref.com/en/comps/685/defense/Copa-America-Stats
Copa América,2024,Edison Flores,Peru,"FW,MF",186,3,3,0,0,7,5,1,0,https://web.archive.org/web/20250714170127/https://fbref.com/en/comps/685/defense/Copa-America-Stats
Copa América,2024,Franco Zanelatto,Peru,MF,28,0,0,1,1,2,0,0,0,https://web.archive.org/web/20250714170127/https://fbref.com/en/comps/685/defense/Copa-America-Stats
Copa América,2024,Gianluca Lapadula,Peru,FW,194,2,1,2,1,6,7,0,0,https://web.archive.org/web/20250714170127/https://fbref.com/en/comps/685/defense/Copa-America-Stats
Copa América,2024,Jesús Castillo,Peru,MF,45,0,0,0,0,2,2,0,0,https://web.archive.org/web/20250714170127/https://fbref.com/en/comps/685/defense/Copa-America-Stats
Copa América,2024,Joao Grimaldo,Peru,MF,20,1,0,2,1,0,0,0,0,https://web.archive.org/web/20250714170127/https://fbref.com/en/comps/685/defense/Copa-America-Stats
Copa América,2024,José Rivera,Peru,"FW,MF",35,0,0,0,0,0,0,0,0,https://web.archive.org/web/20250714170127/https://fbref.com/en/comps/685/defense/Copa-America-Stats
Copa América,2024,Luis Abram,Peru,DF,7,0,0,0,0,0,0,0,0,https://web.archive.org/web/20250714170127/https://fbref.com/en/comps/685/defense/Copa-America-Stats
Copa América,2024,Luis Advíncula,Peru,DF,34,0,0,0,0,0,0,0,0,https://web.archive.org/web/20250714170127/https://fbref.com/en/comps/685/defense/Copa-America-Stats
Copa América,2024,Marcos López,Peru,DF,222,4,3,2,0,4,8,0,0,https://web.archive.org/web/20250714170127/https://fbref.com/en/comps/685/defense/Copa-America-Stats
Copa América,2024,Miguel Araujo,Peru,DF,148,6,3,5,1,1,0,0,1,https://web.archive.org/web/20250714170127/https://fbref.com/en/comps/685/defense/Copa-America-Stats
Copa América,2024,Oliver Sonne,Peru,DF,97,1,1,1,0,0,0,0,0,https://web.archive.org/web/20250714170127/https://fbref.com/en/comps/685/defense/Copa-America-Stats
Copa América,2024,Paolo Guerrero,Peru,FW,96,0,0,0,0,4,2,1,0,https://web.archive.org/web/20250714170127/https://fbref.com/en/comps/685/defense/Copa-America-Stats
Copa América,2024,Pedro Gallese,Peru,GK,270,0,0,0,0,0,1,0,0,https://web.archive.org/web/20250714170127/https://fbref.com/en/comps/685/defense/Copa-America-Stats
Copa América,2024,Piero Quispe,Peru,MF,131,8,8,4,1,0,4,0,0,https://web.archive.org/web/20250714170127/https://fbref.com/en/comps/685/defense/Copa-America-Stats
Copa América,2024,Sergio Peña,Peru,MF,258,6,6,4,1,4,4,1,0,https://web.archive.org/web/20250714170127/https://fbref.com/en/comps/685/defense/Copa-America-Stats
Copa América,2024,Wilder Cartagena,Peru,MF,225,9,6,5,3,10,1,1,0,https://web.archive.org/web/20250714170127/https://fbref.com/en/comps/685/defense/Copa-America-Stats
Copa América,2024,Antonee Robinson,United States,DF,270,6,5,8,5,2,5,1,0,https://web.archive.org/web/20250714170127/https://fbref.com/en/comps/685/defense/Copa-America-Stats
Copa América,2024,Brenden Aaronson,United States,FW,5,0,0,1,1,0,1,0,0,https://web.archive.org/web/20250714170127/https://fbref.com/en/comps/685/defense/Copa-America-Stats
Copa América,2024,Cameron Carter-Vickers,United States,DF,45,0,0,1,1,0,1,0,0,https://web.archive.org/web/20250714170127/https://fbref.com/en/comps/685/defense/Copa-America-Stats
Copa América,2024,Chris Richards,United States,DF,270,4,2,0,0,2,0,2,0,https://web.archive.org/web/20250714170127/https://fbref.com/en/comps/685/defense/Copa-America-Stats
Copa América,2024,Christian Pulisic,United States,"FW,MF",270,4,3,3,2,2,5,0,0,https://web.archive.org/web/20250714170127/https://fbref.com/en/comps/685/defense/Copa-America-Stats
Copa América,2024,Ethan Horvath,United States,GK,45,0,0,0,0,0,0,0,0,https://web.archive.org/web/20250714170127/https://fbref.com/en/comps/685/defense/Copa-America-Stats
Copa América,2024,Folarin Balogun,United States,FW,175,1,0,0,0,0,4,0,0,https://web.archive.org/web/20250714170127/https://fbref.com/en/comps/685/defense/Copa-America-Stats
Copa América,2024,Gio Reyna,United States,"MF,FW",200,8,2,2,1,1,5,0,0,https://web.archive.org/web/20250714170127/https://fbref.com/en/comps/685/defense/Copa-America-Stats
Copa América,2024,Haji Wright,United States,MF,12,0,0,0,0,0,0,0,0,https://web.archive.org/web/20250714170127/https://fbref.com/en/comps/685/defense/Copa-America-Stats
Copa América,2024,Joe Scally,United States,DF,258,7,3,4,1,1,11,0,0,https://web.archive.org/web/20250714170127/https://fbref.com/en/comps/685/defense/Copa-America-Stats
Copa América,2024,Johnny Cardoso,United States,MF,70,4,4,4,2,0,1,0,0,https://web.archive.org/web/20250714170127/https://fbref.com/en/comps/685/defense/Copa-America-Stats
Copa América,2024,Josh Sargent,United States,"FW,MF",24,0,0,0,0,1,2,0,0,https://web.archive.org/web/20250714170127/https://fbref.com/en/comps/685/defense/Copa-America-Stats
Copa América,2024,Luca de la Torre,United States,MF,13,1,0,1,0,0,0,0,0,https://web.archive.org/web/20250714170127/https://fbref.com/en/comps/685/defense/Copa-America-Stats
Copa América,2024,Malik Tillman,United States,MF,2,1,0,0,0,1,0,0,0,https://web.archive.org/web/20250714170127/https://fbref.com/en/comps/685/defense/Copa-America-Stats
Copa América,2024,Matt Turner,United States,GK,225,0,0,0,0,0,1,0,0,https://web.archive.org/web/20250714170127/https://fbref.com/en/comps/685/defense/Copa-America-Stats
Copa América,2024,Ricardo Pepi,United States,FW,95,1,0,2,2,0,1,0,0,https://web.archive.org/web/20250714170127/https://fbref.com/en/comps/685/defense/Copa-America-Stats
Copa América,2024,Tim Ream,United States,DF,263,1,1,1,1,1,0,0,0,https://web.archive.org/web/20250714170127/https://fbref.com/en/comps/685/defense/Copa-America-Stats
Copa América,2024,Timothy Weah,United States,FW,102,0,0,1,1,3,0,0,1,https://web.archive.org/web/20250714170127/https://fbref.com/en/comps/685/defense/Copa-America-Stats
Copa América,2024,Tyler Adams,United States,MF,180,3,2,1,1,5,2,1,0,https://web.archive.org/web/20250714170127/https://fbref.com/en/comps/685/defense/Copa-America-Stats
Copa América,2024,Weston McKennie,United States,MF,257,0,0,4,4,2,3,1,0,https://web.archive.org/web/20250714170127/https://fbref.com/en/comps/685/defense/Copa-America-Stats
Copa América,2024,Yunus Musah,United States,MF,116,3,1,2,1,3,1,0,0,https://web.archive.org/web/20250714170127/https://fbref.com/en/comps/685/defense/Copa-America-Stats
Copa América,2024,Agustín Canobbio,Uruguay,MF,1,1,0,0,0,0,1,0,0,https://web.archive.org/web/20250714170127/https://fbref.com/en/comps/685/defense/Copa-America-Stats
Copa América,2024,Brian Rodríguez,Uruguay,FW,30,1,0,0,0,0,0,0,0,https://web.archive.org/web/20250714170127/https://fbref.com/en/comps/685/defense/Copa-America-Stats
Copa América,2024,Cristian Olivera,Uruguay,"FW,DF",144,4,4,0,0,3,4,0,0,https://web.archive.org/web/20250714170127/https://fbref.com/en/comps/685/defense/Copa-America-Stats
Copa América,2024,Darwin Núñez,Uruguay,FW,472,5,3,3,1,6,6,1,0,https://web.archive.org/web/20250714170127/https://fbref.com/en/comps/685/defense/Copa-America-Stats
Copa América,2024,Facundo Pellistri,Uruguay,FW,447,16,8,8,2,11,6,0,0,https://web.archive.org/web/20250714170127/https://fbref.com/en/comps/685/defense/Copa-America-Stats
Copa América,2024,Federico Valverde,Uruguay,MF,529,9,7,11,5,3,4,0,0,https://web.archive.org/web/20250714170127/https://fbref.com/en/comps/685/defense/Copa-America-Stats
Copa América,2024,Giorgian De Arrascaeta,Uruguay,"MF,FW",164,3,2,3,3,3,1,0,0,https://web.archive.org/web/20250714170127/https://fbref.com/en/comps/685/defense/Copa-America-Stats
Copa América,2024,Guillermo Varela,Uruguay,DF,46,3,2,3,1,1,0,1,0,https://web.archive.org/web/20250714170127/https://fbref.com/en/comps/685/defense/Copa-America-Stats
Copa América,2024,José María Giménez,Uruguay,DF,302,4,1,5,5,5,1,1,0,https://web.archive.org/web/20250714170127/https://fbref.com/en/comps/685/defense/Copa-America-Stats
Copa América,2024,Lucas Olaza,Uruguay,DF,33,2,1,0,0,1,1,0,0,https://web.archive.org/web/20250714170127/https://fbref.com/en/comps/685/defense/Copa-America-Stats
Copa América,2024,Luis Suárez,Uruguay,FW,79,0,0,0,0,2,1,0,0,https://web.archive.org/web/20250714170127/https://fbref.com/en/comps/685/defense/Copa-America-Stats
Copa América,2024,Manuel Ugarte Ribeiro,Uruguay,MF,493,25,19,12,6,9,7,1,0,https://web.archive.org/web/20250714170127/https://fbref.com/en/comps/685/defense/Copa-America-Stats
Copa América,2024,Mathías Olivera,Uruguay,DF,374,12,9,9,2,2,3,0,0,https://web.archive.org/web/20250714170127/https://fbref.com/en/comps/685/defense/Copa-America-Stats
Copa América,2024,Matías Viña,Uruguay,DF,353,9,5,7,4,1,3,1,0,https://web.archive.org/web/20250714170127/https://fbref.com/en/comps/685/defense/Copa-America-Stats
Copa América,2024,Maximiliano Araújo,Uruguay,"FW,DF",446,5,3,8,6,10,11,0,0,https://web.archive.org/web/20250714170127/https://fbref.com/en/comps/685/defense/Copa-America-Stats
Copa América,2024,Nahitan Nández,Uruguay,DF,433,15,10,18,11,13,6,0,1,https://web.archive.org/web/20250714170127/https://fbref.com/en/comps/685/defense/Copa-America-Stats
Copa América,2024,Nicolás De La Cruz,Uruguay,MF,352,5,3,5,1,10,15,2,0,https://web.archive.org/web/20250714170127/https://fbref.com/en/comps/685/defense/Copa-America-Stats
Copa América,2024,Rodrigo Bentancur,Uruguay,MF,170,5,0,4,2,7,1,1,0,https://web.archive.org/web/20250714170127/https://fbref.com/en/comps/685/defense/Copa-America-Stats
Copa América,2024,Ronald Araújo,Uruguay,DF,257,5,4,2,1,1,1,0,0,https://web.archive.org/web/20250714170127/https://fbref.com/en/comps/685/defense/Copa-America-Stats
Copa América,2024,Sebastián Cáceres,Uruguay,DF,258,10,4,7,3,2,5,0,0,https://web.archive.org/web/20250714170127/https://fbref.com/en/comps/685/defense/Copa-America-Stats
Copa América,2024,Sergio Rochet,Uruguay,GK,540,0,0,0,0,0,2,0,0,https://web.archive.org/web/20250714170127/https://fbref.com/en/comps/685/defense/Copa-America-Stats
Copa América,2024,Alexander González,Venezuela,DF,180,4,3,2,0,1,0,0,0,https://web.archive.org/web/20250714170127/https://fbref.com/en/comps/685/defense/Copa-America-Stats
Copa América,2024,Christian Makoun,Venezuela,DF,12,0,0,0,0,0,0,0,0,https://web.archive.org/web/20250714170127/https://fbref.com/en/comps/685/defense/Copa-America-Stats
Copa América,2024,Cristian Cásseres Jr.,Venezuela,MF,149,2,2,3,2,2,3,1,0,https://web.archive.org/web/20250714170127/https://fbref.com/en/comps/685/defense/Copa-America-Stats
Copa América,2024,Darwin Machís,Venezuela,FW,124,0,0,3,3,3,0,2,0,https://web.archive.org/web/20250714170127/https://fbref.com/en/comps/685/defense/Copa-America-Stats
Copa América,2024,Eduard Bello,Venezuela,"FW,MF",288,4,3,4,2,1,1,0,0,https://web.archive.org/web/20250714170127/https://fbref.com/en/comps/685/defense/Copa-America-Stats
Copa América,2024,Eric Ramírez,Venezuela,FW,17,0,0,0,0,0,0,0,0,https://web.archive.org/web/20250714170127/https://fbref.com/en/comps/685/defense/Copa-America-Stats
Copa América,2024,Jefferson Savarino,Venezuela,MF,59,2,0,0,0,0,1,0,0,https://web.archive.org/web/20250714170127/https://fbref.com/en/comps/685/defense/Copa-America-Stats
Copa América,2024,Jhonder Cádiz,Venezuela,FW,85,1,0,1,0,2,2,0,0,https://web.archive.org/web/20250714170127/https://fbref.com/en/comps/685/defense/Copa-America-Stats
Copa América,2024,Jon Aramburu,Venezuela,DF,260,26,18,25,5,6,3,1,0,https://web.archive.org/web/20250714170127/https://fbref.com/en/comps/685/defense/Copa-America-Stats
Copa América,2024,José Andrés Martínez,Venezuela,MF,359,15,11,14,5,6,6,0,0,https://web.archive.org/web/20250714170127/https://fbref.com/en/comps/685/defense/Copa-America-Stats
Copa América,2024,Kervin Andrade,Venezuela,MF,17,0,0,1,1,0,1,0,0,https://web.archive.org/web/20250714170127/https://fbref.com/en/comps/685/defense/Copa-America-Stats
Copa América,2024,Matías Lacava,Venezuela,MF,7,0,0,0,0,1,0,0,0,https://web.archive.org/web/20250714170127/https://fbref.com/en/comps/685/defense/Copa-America-Stats
Copa América,2024,Miguel Navarro,Venezuela,DF,270,4,4,1,0,4,2,1,0,https://web.archive.org/web/20250714170127/https://fbref.com/en/comps/685/defense/Copa-America-Stats
Copa América,2024,Nahuel Ferraresi,Venezuela,DF,270,7,6,8,3,1,4,1,0,https://web.archive.org/web/20250714170127/https://fbref.com/en/comps/685/defense/Copa-America-Stats
Copa América,2024,Rafael Romo,Venezuela,GK,360,1,1,1,0,0,0,0,0,https://web.archive.org/web/20250714170127/https://fbref.com/en/comps/685/defense/Copa-America-Stats
Copa América,2024,Salomón Rondón,Venezuela,FW,334,5,2,1,1,1,4,0,0,https://web.archive.org/web/20250714170127/https://fbref.com/en/comps/685/defense/Copa-America-Stats
Copa América,2024,Telasco Segovia,Venezuela,MF,73,3,3,4,2,2,1,0,0,https://web.archive.org/web/20250714170127/https://fbref.com/en/comps/685/defense/Copa-America-Stats
Copa América,2024,Tomás Rincón,Venezuela,MF,33,1,1,1,0,1,1,0,0,https://web.archive.org/web/20250714170127/https://fbref.com/en/comps/685/defense/Copa-America-Stats
Copa América,2024,Wilker Ángel,Venezuela,DF,100,0,0,0,0,1,0,0,0,https://web.archive.org/web/20250714170127/https://fbref.com/en/comps/685/defense/Copa-America-Stats
Copa América,2024,Yangel Herrera,Venezuela,MF,326,5,4,9,6,4,8,0,0,https://web.archive.org/web/20250714170127/https://fbref.com/en/comps/685/defense/Copa-America-Stats
Copa América,2024,Yeferson Soteldo,Venezuela,"FW,MF",278,3,1,4,1,2,7,0,0,https://web.archive.org/web/20250714170127/https://fbref.com/en/comps/685/defense/Copa-America-Stats
Copa América,2024,Yordan Osorio,Venezuela,DF,359,9,4,5,1,2,2,0,0,https://web.archive.org/web/20250714170127/https://fbref.com/en/comps/685/defense/Copa-America-Stats
